customer_id,signup_date,state,region,acquisition_channel,preferred_device,loyalty_tier
C000001,2025-06-14,MN,Midwest,Paid Social,Mobile,Silver
C000002,2025-12-11,GA,South,Paid Search,Desktop,Silver
C000003,2023-06-26,NY,Northeast,Organic Search,Tablet,Bronze
C000004,2023-10-30,IL,Midwest,Affiliate,Mobile,Bronze
C000005,2023-02-15,NV,West,Organic Search,Desktop,Bronze
C000006,2024-08-24,MA,Northeast,Paid Search,Desktop,Bronze
C000007,2024-08-31,MN,Midwest,Organic Search,Desktop,Bronze
C000008,2023-02-06,IL,Midwest,Affiliate,Mobile,Gold
C000009,2025-03-25,NV,West,Referral,Mobile,Bronze
C000010,2023-01-11,TX,South,Paid Social,Mobile,Silver
C000011,2025-09-03,TX,South,Affiliate,Desktop,Platinum
C000012,2025-05-18,PA,Northeast,Organic Search,Desktop,Bronze
C000013,2025-09-30,MN,Midwest,Referral,Mobile,Platinum
C000014,2023-05-26,MA,Northeast,Organic Search,Mobile,Bronze
C000015,2025-12-07,VA,South,Paid Search,Mobile,Silver
C000016,2024-11-05,CO,West,Organic Search,Mobile,Platinum
C000017,2025-11-28,GA,South,Affiliate,Desktop,Silver
C000018,2025-05-06,AZ,West,Affiliate,Mobile,Bronze
C000019,2025-03-19,NY,Northeast,Paid Social,Desktop,Bronze
C000020,2023-02-09,MO,Midwest,Organic Search,Mobile,Bronze
C000021,2025-05-01,MI,Midwest,Paid Search,Desktop,Gold
C000022,2024-07-06,TN,South,Paid Search,Desktop,Bronze
C000023,2025-11-11,MD,Northeast,Paid Search,Mobile,Bronze
C000024,2025-04-22,CT,Northeast,Organic Search,Desktop,Bronze
C000025,2023-04-02,MO,Midwest,Email,Desktop,Bronze
C000026,2025-12-31,CA,West,Paid Social,Desktop,Bronze
C000027,2023-03-19,FL,South,Affiliate,Mobile,Bronze
C000028,2024-01-04,NV,West,Paid Social,Mobile,Silver
C000029,2023-09-24,NV,West,Paid Search,Mobile,Bronze
C000030,2026-04-14,IL,Midwest,Paid Social,Desktop,Bronze
C000031,2023-07-08,WI,Midwest,Organic Search,Mobile,Bronze
C000032,2025-11-05,NY,Northeast,Email,Tablet,Bronze
C000033,2023-10-01,VA,South,Referral,Mobile,Silver
C000034,2025-03-11,TX,South,Organic Search,Desktop,Bronze
C000035,2023-04-22,GA,South,Paid Search,Mobile,Bronze
C000036,2024-04-27,AZ,West,Referral,Mobile,Bronze
C000037,2025-02-06,NV,West,Paid Social,Mobile,Bronze
C000038,2025-05-25,TN,South,Paid Social,Desktop,Silver
C000039,2025-12-10,AZ,West,Email,Desktop,Gold
C000040,2025-10-01,MO,Midwest,Paid Social,Mobile,Bronze
C000041,2024-09-30,GA,South,Organic Search,Mobile,Bronze
C000042,2024-01-09,MD,Northeast,Referral,Desktop,Bronze
C000043,2023-11-18,MN,Midwest,Affiliate,Mobile,Silver
C000044,2026-05-07,VA,South,Organic Search,Mobile,Bronze
C000045,2025-01-18,CT,Northeast,Organic Search,Desktop,Platinum
C000046,2026-01-23,NY,Northeast,Email,Mobile,Bronze
C000047,2024-06-17,NC,South,Paid Social,Mobile,Platinum
C000048,2024-08-20,VA,South,Paid Search,Mobile,Bronze
C000049,2025-10-13,IL,Midwest,Paid Social,Desktop,Bronze
C000050,2025-06-08,CO,West,Email,Mobile,Bronze
C000051,2023-09-05,CA,West,Paid Social,Desktop,Bronze
C000052,2024-10-07,CO,West,Organic Search,Mobile,Platinum
C000053,2023-09-20,WI,Midwest,Organic Search,Tablet,Bronze
C000054,2025-07-25,IL,Midwest,Paid Search,Mobile,Bronze
C000055,2023-02-06,WI,Midwest,Affiliate,Mobile,Platinum
C000056,2025-10-15,IL,Midwest,Paid Social,Mobile,Bronze
C000057,2026-02-17,NC,South,Paid Search,Mobile,Bronze
C000058,2023-01-29,VA,South,Affiliate,Mobile,Bronze
C000059,2025-02-15,WA,West,Paid Search,Desktop,Bronze
C000060,2023-04-08,WA,West,Paid Social,Desktop,Gold
C000061,2024-03-19,MI,Midwest,Organic Search,Desktop,Bronze
C000062,2024-02-19,GA,South,Email,Mobile,Silver
C000063,2024-10-01,TX,South,Email,Desktop,Bronze
C000064,2026-02-03,MI,Midwest,Referral,Mobile,Bronze
C000065,2024-07-22,OH,Midwest,Paid Search,Desktop,Silver
C000066,2024-05-05,TX,South,Paid Search,Desktop,Silver
C000067,2023-04-25,FL,South,Organic Search,Mobile,Silver
C000068,2025-12-28,TX,South,Affiliate,Mobile,Bronze
C000069,2024-01-23,CO,West,Organic Search,Desktop,Bronze
C000070,2024-07-23,VA,South,Email,Mobile,Silver
C000071,2023-04-24,OR,West,Email,Desktop,Silver
C000072,2023-12-22,VA,South,Organic Search,Tablet,Bronze
C000073,2024-11-12,PA,Northeast,Paid Search,Mobile,Bronze
C000074,2026-01-13,CO,West,Organic Search,Mobile,Silver
C000075,2024-02-09,WA,West,Paid Social,Mobile,Bronze
C000076,2024-11-21,FL,South,Affiliate,Desktop,Silver
C000077,2025-12-13,TN,South,Paid Search,Mobile,Silver
C000078,2024-03-19,OH,Midwest,Affiliate,Mobile,Bronze
C000079,2023-12-29,TN,South,Organic Search,Mobile,Bronze
C000080,2023-02-24,MI,Midwest,Paid Search,Tablet,Silver
C000081,2026-01-22,MI,Midwest,Affiliate,Desktop,Silver
C000082,2023-05-17,GA,South,Referral,Mobile,Gold
C000083,2023-09-23,CT,Northeast,Paid Search,Tablet,Silver
C000084,2023-06-21,CA,West,Email,Desktop,Bronze
C000085,2025-05-20,AZ,West,Referral,Tablet,Bronze
C000086,2024-03-25,AZ,West,Referral,Mobile,Silver
C000087,2025-05-17,WI,Midwest,Email,Mobile,Bronze
C000088,2025-01-17,VA,South,Organic Search,Desktop,Silver
C000089,2023-01-19,AZ,West,Organic Search,Mobile,Bronze
C000090,2024-01-14,NC,South,Paid Social,Mobile,Bronze
C000091,2023-01-06,OR,West,Paid Social,Desktop,Bronze
C000092,2023-03-22,MI,Midwest,Organic Search,Desktop,Gold
C000093,2024-08-05,TN,South,Paid Search,Mobile,Silver
C000094,2023-11-22,GA,South,Paid Search,Mobile,Silver
C000095,2023-04-20,NC,South,Paid Social,Mobile,Bronze
C000096,2024-05-18,IL,Midwest,Paid Search,Mobile,Gold
C000097,2024-07-10,FL,South,Paid Search,Mobile,Gold
C000098,2026-05-06,WA,West,Organic Search,Mobile,Bronze
C000099,2025-03-25,OR,West,Referral,Desktop,Silver
C000100,2024-04-28,MA,Northeast,Paid Social,Mobile,Gold
C000101,2024-08-05,CT,Northeast,Organic Search,Mobile,Bronze
C000102,2023-04-20,MI,Midwest,Paid Search,Desktop,Bronze
C000103,2024-04-20,CA,West,Paid Search,Mobile,Silver
C000104,2024-12-16,MA,Northeast,Paid Social,Mobile,Bronze
C000105,2023-01-26,IL,Midwest,Paid Social,Mobile,Silver
C000106,2026-02-06,MO,Midwest,Email,Desktop,Silver
C000107,2024-09-26,TN,South,Email,Mobile,Bronze
C000108,2025-08-26,FL,South,Organic Search,Mobile,Bronze
C000109,2023-12-06,WA,West,Paid Search,Mobile,Silver
C000110,2025-10-26,NY,Northeast,Organic Search,Desktop,Bronze
C000111,2024-03-27,GA,South,Paid Social,Desktop,Bronze
C000112,2026-02-16,CA,West,Paid Search,Tablet,Bronze
C000113,2024-10-04,VA,South,Email,Desktop,Gold
C000114,2025-02-22,TX,South,Organic Search,Mobile,Bronze
C000115,2023-09-08,NV,West,Email,Mobile,Bronze
C000116,2026-05-09,MA,Northeast,Paid Search,Mobile,Silver
C000117,2023-08-26,OH,Midwest,Paid Search,Mobile,Bronze
C000118,2023-02-10,WI,Midwest,Email,Mobile,Silver
C000119,2024-06-25,TX,South,Organic Search,Mobile,Bronze
C000120,2025-10-24,MO,Midwest,Paid Search,Desktop,Gold
C000121,2026-02-07,WI,Midwest,Paid Search,Desktop,Bronze
C000122,2025-11-20,MN,Midwest,Email,Mobile,Bronze
C000123,2024-11-11,CO,West,Organic Search,Mobile,Bronze
C000124,2026-02-02,GA,South,Affiliate,Mobile,Gold
C000125,2024-08-28,WA,West,Affiliate,Mobile,Gold
C000126,2024-08-11,TX,South,Referral,Mobile,Bronze
C000127,2023-08-11,VA,South,Paid Search,Mobile,Bronze
C000128,2025-08-27,OR,West,Email,Mobile,Bronze
C000129,2024-01-25,AZ,West,Organic Search,Tablet,Bronze
C000130,2023-08-29,OH,Midwest,Referral,Mobile,Bronze
C000131,2024-03-30,CO,West,Paid Social,Mobile,Gold
C000132,2025-01-12,MD,Northeast,Organic Search,Mobile,Bronze
C000133,2023-11-29,OH,Midwest,Paid Search,Mobile,Gold
C000134,2024-03-17,GA,South,Referral,Mobile,Bronze
C000135,2024-02-11,WI,Midwest,Referral,Tablet,Gold
C000136,2025-01-03,WA,West,Paid Social,Mobile,Bronze
C000137,2025-05-29,NY,Northeast,Paid Social,Mobile,Bronze
C000138,2025-04-11,FL,South,Referral,Tablet,Silver
C000139,2023-06-23,MN,Midwest,Referral,Mobile,Bronze
C000140,2024-03-03,CA,West,Referral,Mobile,Gold
C000141,2025-03-09,GA,South,Paid Search,Desktop,Silver
C000142,2023-09-24,VA,South,Email,Mobile,Platinum
C000143,2023-03-27,NY,Northeast,Referral,Tablet,Gold
C000144,2024-01-31,TX,South,Organic Search,Mobile,Bronze
C000145,2025-04-15,GA,South,Paid Search,Desktop,Bronze
C000146,2025-03-28,CA,West,Organic Search,Mobile,Silver
C000147,2023-06-09,TX,South,Paid Search,Desktop,Bronze
C000148,2025-04-13,FL,South,Referral,Desktop,Silver
C000149,2023-08-28,TX,South,Organic Search,Desktop,Bronze
C000150,2025-07-01,AZ,West,Paid Social,Desktop,Silver
C000151,2024-11-28,NY,Northeast,Organic Search,Desktop,Bronze
C000152,2023-06-05,MA,Northeast,Referral,Mobile,Bronze
C000153,2024-03-07,AZ,West,Referral,Mobile,Platinum
C000154,2025-10-04,NC,South,Paid Social,Mobile,Gold
C000155,2024-06-16,NV,West,Email,Mobile,Bronze
C000156,2025-04-27,MI,Midwest,Organic Search,Mobile,Bronze
C000157,2025-07-10,VA,South,Referral,Desktop,Silver
C000158,2023-02-07,IL,Midwest,Email,Desktop,Bronze
C000159,2026-02-20,IL,Midwest,Organic Search,Tablet,Silver
C000160,2024-02-18,MO,Midwest,Affiliate,Mobile,Silver
C000161,2025-09-03,CA,West,Organic Search,Desktop,Bronze
C000162,2024-07-28,NJ,Northeast,Email,Desktop,Bronze
C000163,2024-12-11,WA,West,Organic Search,Tablet,Bronze
C000164,2024-03-19,CA,West,Email,Desktop,Bronze
C000165,2025-11-16,TX,South,Organic Search,Mobile,Silver
C000166,2023-05-25,NC,South,Organic Search,Mobile,Bronze
C000167,2026-01-08,MA,Northeast,Paid Social,Tablet,Gold
C000168,2023-09-13,NY,Northeast,Affiliate,Desktop,Silver
C000169,2025-12-23,VA,South,Paid Search,Desktop,Bronze
C000170,2023-01-31,NY,Northeast,Paid Social,Desktop,Silver
C000171,2023-01-17,TN,South,Paid Social,Desktop,Bronze
C000172,2023-04-25,TN,South,Referral,Desktop,Bronze
C000173,2024-11-05,NV,West,Paid Search,Desktop,Silver
C000174,2023-11-24,PA,Northeast,Paid Social,Desktop,Bronze
C000175,2025-01-06,CA,West,Affiliate,Mobile,Bronze
C000176,2025-10-06,WA,West,Paid Search,Mobile,Bronze
C000177,2023-02-03,VA,South,Paid Search,Mobile,Bronze
C000178,2024-10-10,PA,Northeast,Referral,Mobile,Silver
C000179,2025-06-29,NY,Northeast,Paid Search,Desktop,Platinum
C000180,2024-06-06,WI,Midwest,Paid Search,Desktop,Silver
C000181,2026-02-12,CT,Northeast,Paid Search,Mobile,Platinum
C000182,2025-03-26,NY,Northeast,Referral,Mobile,Silver
C000183,2023-02-12,TX,South,Affiliate,Mobile,Bronze
C000184,2024-10-28,TX,South,Email,Desktop,Gold
C000185,2024-04-17,IL,Midwest,Email,Desktop,Bronze
C000186,2023-06-11,MN,Midwest,Paid Search,Mobile,Bronze
C000187,2026-03-15,TX,South,Organic Search,Mobile,Gold
C000188,2023-10-02,NV,West,Organic Search,Mobile,Silver
C000189,2023-04-13,OH,Midwest,Organic Search,Mobile,Gold
C000190,2023-10-01,CO,West,Organic Search,Desktop,Bronze
C000191,2025-10-10,CT,Northeast,Email,Desktop,Silver
C000192,2025-01-08,OR,West,Organic Search,Mobile,Bronze
C000193,2025-10-06,OR,West,Organic Search,Mobile,Bronze
C000194,2024-07-22,NY,Northeast,Paid Search,Mobile,Gold
C000195,2023-05-25,CA,West,Organic Search,Mobile,Bronze
C000196,2024-04-22,NV,West,Organic Search,Mobile,Silver
C000197,2023-09-03,IL,Midwest,Organic Search,Mobile,Gold
C000198,2024-11-16,MA,Northeast,Paid Search,Mobile,Gold
C000199,2023-11-28,OR,West,Paid Social,Desktop,Bronze
C000200,2026-04-09,TX,South,Referral,Mobile,Bronze
C000201,2024-04-09,MN,Midwest,Referral,Desktop,Gold
C000202,2024-01-22,MA,Northeast,Referral,Mobile,Silver
C000203,2026-04-26,TN,South,Email,Mobile,Bronze
C000204,2024-10-02,WA,West,Affiliate,Mobile,Bronze
C000205,2023-07-29,NV,West,Paid Social,Mobile,Bronze
C000206,2024-08-14,CO,West,Email,Mobile,Gold
C000207,2023-11-10,WA,West,Paid Search,Desktop,Bronze
C000208,2025-06-01,MO,Midwest,Paid Search,Desktop,Silver
C000209,2024-12-07,AZ,West,Paid Search,Mobile,Bronze
C000210,2025-06-17,GA,South,Organic Search,Mobile,Bronze
C000211,2026-03-03,MO,Midwest,Referral,Mobile,Silver
C000212,2025-06-16,MO,Midwest,Organic Search,Desktop,Gold
C000213,2024-02-24,WA,West,Email,Mobile,Bronze
C000214,2023-09-06,MD,Northeast,Referral,Mobile,Bronze
C000215,2024-10-13,IL,Midwest,Paid Social,Desktop,Silver
C000216,2024-07-06,IL,Midwest,Organic Search,Desktop,Bronze
C000217,2024-01-21,CA,West,Paid Search,Desktop,Bronze
C000218,2025-09-25,OR,West,Paid Search,Mobile,Silver
C000219,2026-01-24,MD,Northeast,Affiliate,Mobile,Bronze
C000220,2024-04-14,NC,South,Email,Mobile,Silver
C000221,2025-04-18,NC,South,Email,Desktop,Bronze
C000222,2026-04-26,TX,South,Paid Social,Desktop,Silver
C000223,2023-01-15,MN,Midwest,Email,Mobile,Silver
C000224,2024-03-25,PA,Northeast,Email,Desktop,Gold
C000225,2025-06-27,GA,South,Organic Search,Mobile,Silver
C000226,2024-09-04,NJ,Northeast,Organic Search,Desktop,Silver
C000227,2025-09-01,WA,West,Organic Search,Mobile,Bronze
C000228,2024-08-07,VA,South,Paid Social,Mobile,Bronze
C000229,2023-03-21,MN,Midwest,Referral,Mobile,Bronze
C000230,2024-06-17,OR,West,Paid Social,Desktop,Silver
C000231,2024-05-12,CA,West,Paid Social,Mobile,Bronze
C000232,2025-11-06,TN,South,Affiliate,Mobile,Bronze
C000233,2023-07-01,PA,Northeast,Organic Search,Desktop,Bronze
C000234,2023-07-11,MI,Midwest,Organic Search,Desktop,Silver
C000235,2023-06-24,CT,Northeast,Affiliate,Desktop,Bronze
C000236,2024-11-29,NY,Northeast,Affiliate,Desktop,Bronze
C000237,2026-05-10,NC,South,Email,Desktop,Silver
C000238,2025-01-31,MO,Midwest,Organic Search,Desktop,Gold
C000239,2025-10-01,OR,West,Affiliate,Mobile,Silver
C000240,2025-11-13,CA,West,Referral,Mobile,Bronze
C000241,2025-01-09,NJ,Northeast,Email,Mobile,Gold
C000242,2025-01-19,IL,Midwest,Organic Search,Mobile,Bronze
C000243,2023-10-27,NV,West,Paid Social,Mobile,Bronze
C000244,2026-03-27,GA,South,Referral,Mobile,Bronze
C000245,2025-08-27,IL,Midwest,Referral,Mobile,Bronze
C000246,2025-12-09,CT,Northeast,Paid Social,Desktop,Silver
C000247,2026-04-25,OH,Midwest,Paid Social,Desktop,Silver
C000248,2024-03-05,GA,South,Email,Mobile,Gold
C000249,2023-06-26,VA,South,Paid Social,Desktop,Silver
C000250,2025-11-24,TX,South,Paid Search,Mobile,Bronze
C000251,2024-08-05,OH,Midwest,Organic Search,Mobile,Silver
C000252,2026-03-25,NJ,Northeast,Organic Search,Mobile,Silver
C000253,2025-05-04,NC,South,Referral,Mobile,Bronze
C000254,2023-11-13,WA,West,Organic Search,Mobile,Bronze
C000255,2024-03-12,CO,West,Organic Search,Desktop,Silver
C000256,2025-01-21,IL,Midwest,Affiliate,Mobile,Silver
C000257,2024-04-30,MD,Northeast,Email,Mobile,Bronze
C000258,2023-12-13,NV,West,Organic Search,Mobile,Gold
C000259,2023-09-16,CA,West,Paid Search,Mobile,Bronze
C000260,2025-03-10,IL,Midwest,Referral,Desktop,Bronze
C000261,2023-02-13,CA,West,Paid Search,Desktop,Silver
C000262,2023-04-26,NJ,Northeast,Paid Social,Desktop,Gold
C000263,2023-02-22,FL,South,Paid Social,Mobile,Silver
C000264,2025-06-22,NV,West,Organic Search,Mobile,Bronze
C000265,2023-02-06,NJ,Northeast,Email,Mobile,Platinum
C000266,2024-05-31,AZ,West,Organic Search,Desktop,Bronze
C000267,2023-05-30,FL,South,Paid Social,Mobile,Bronze
C000268,2024-12-23,WA,West,Organic Search,Mobile,Silver
C000269,2023-02-12,WA,West,Organic Search,Mobile,Bronze
C000270,2023-02-01,WA,West,Organic Search,Desktop,Silver
C000271,2024-05-20,CO,West,Referral,Mobile,Platinum
C000272,2025-05-06,WA,West,Organic Search,Tablet,Bronze
C000273,2023-05-15,WA,West,Paid Search,Mobile,Bronze
C000274,2024-09-02,MO,Midwest,Organic Search,Mobile,Bronze
C000275,2025-09-24,MN,Midwest,Email,Mobile,Bronze
C000276,2025-02-08,FL,South,Paid Search,Mobile,Silver
C000277,2025-07-12,VA,South,Affiliate,Mobile,Gold
C000278,2024-01-24,FL,South,Email,Desktop,Silver
C000279,2026-03-05,NY,Northeast,Paid Social,Mobile,Platinum
C000280,2023-06-29,PA,Northeast,Email,Mobile,Bronze
C000281,2025-01-15,AZ,West,Organic Search,Mobile,Bronze
C000282,2024-06-20,WA,West,Affiliate,Mobile,Bronze
C000283,2023-02-09,AZ,West,Affiliate,Tablet,Silver
C000284,2026-03-08,CA,West,Paid Search,Mobile,Bronze
C000285,2025-05-14,TN,South,Email,Desktop,Bronze
C000286,2023-10-08,TX,South,Organic Search,Mobile,Bronze
C000287,2023-03-06,OR,West,Paid Social,Mobile,Bronze
C000288,2025-04-11,NC,South,Referral,Desktop,Silver
C000289,2024-11-02,FL,South,Affiliate,Mobile,Gold
C000290,2023-03-03,NV,West,Paid Search,Desktop,Bronze
C000291,2026-04-28,CT,Northeast,Email,Mobile,Silver
C000292,2025-06-02,NV,West,Email,Mobile,Bronze
C000293,2024-07-23,PA,Northeast,Organic Search,Desktop,Bronze
C000294,2023-10-21,AZ,West,Email,Mobile,Bronze
C000295,2023-11-30,CT,Northeast,Email,Tablet,Silver
C000296,2024-07-09,NJ,Northeast,Referral,Desktop,Silver
C000297,2023-03-12,CT,Northeast,Affiliate,Mobile,Silver
C000298,2024-03-28,MD,Northeast,Organic Search,Mobile,Gold
C000299,2023-09-25,WI,Midwest,Organic Search,Desktop,Bronze
C000300,2023-05-19,WI,Midwest,Organic Search,Mobile,Silver
C000301,2023-06-04,WI,Midwest,Organic Search,Desktop,Silver
C000302,2024-03-01,AZ,West,Paid Social,Mobile,Bronze
C000303,2024-04-15,FL,South,Referral,Mobile,Bronze
C000304,2024-03-07,TN,South,Paid Search,Mobile,Bronze
C000305,2025-04-29,NJ,Northeast,Email,Desktop,Bronze
C000306,2024-10-04,GA,South,Paid Search,Desktop,Bronze
C000307,2023-08-26,VA,South,Paid Search,Mobile,Bronze
C000308,2026-04-11,OH,Midwest,Referral,Mobile,Gold
C000309,2025-06-17,CO,West,Email,Mobile,Gold
C000310,2024-08-01,OR,West,Paid Search,Mobile,Silver
C000311,2023-03-02,FL,South,Affiliate,Mobile,Silver
C000312,2026-01-30,TX,South,Paid Social,Mobile,Platinum
C000313,2025-07-05,NV,West,Organic Search,Mobile,Bronze
C000314,2024-07-22,GA,South,Paid Social,Mobile,Silver
C000315,2023-07-19,NC,South,Email,Mobile,Silver
C000316,2023-05-13,TX,South,Paid Search,Desktop,Gold
C000317,2023-12-23,FL,South,Referral,Mobile,Silver
C000318,2023-10-11,IL,Midwest,Paid Social,Tablet,Bronze
C000319,2023-09-15,FL,South,Paid Social,Mobile,Silver
C000320,2024-05-16,MD,Northeast,Referral,Mobile,Bronze
C000321,2023-02-27,NY,Northeast,Paid Social,Desktop,Bronze
C000322,2024-02-05,TN,South,Paid Search,Mobile,Silver
C000323,2025-12-08,TX,South,Organic Search,Desktop,Silver
C000324,2025-12-01,NC,South,Paid Search,Mobile,Bronze
C000325,2023-01-11,MD,Northeast,Paid Search,Mobile,Bronze
C000326,2025-04-15,MI,Midwest,Organic Search,Desktop,Silver
C000327,2026-05-05,NJ,Northeast,Paid Social,Mobile,Bronze
C000328,2024-12-12,NC,South,Organic Search,Mobile,Gold
C000329,2024-04-25,OH,Midwest,Organic Search,Mobile,Bronze
C000330,2024-08-27,VA,South,Paid Social,Mobile,Silver
C000331,2023-09-20,MO,Midwest,Paid Search,Mobile,Bronze
C000332,2024-05-04,NV,West,Email,Desktop,Gold
C000333,2026-02-27,MN,Midwest,Email,Mobile,Gold
C000334,2025-01-23,MA,Northeast,Paid Search,Tablet,Bronze
C000335,2024-06-14,AZ,West,Organic Search,Mobile,Silver
C000336,2023-06-03,MI,Midwest,Paid Social,Mobile,Silver
C000337,2026-01-20,CO,West,Organic Search,Mobile,Bronze
C000338,2023-07-20,MI,Midwest,Paid Social,Desktop,Silver
C000339,2025-06-07,CA,West,Email,Desktop,Gold
C000340,2024-01-09,CT,Northeast,Email,Mobile,Bronze
C000341,2023-12-09,NV,West,Paid Search,Mobile,Gold
C000342,2023-07-30,MD,Northeast,Affiliate,Desktop,Bronze
C000343,2024-04-06,PA,Northeast,Organic Search,Mobile,Gold
C000344,2025-04-13,MI,Midwest,Referral,Mobile,Platinum
C000345,2024-05-27,MN,Midwest,Referral,Desktop,Bronze
C000346,2023-01-31,MI,Midwest,Paid Search,Mobile,Bronze
C000347,2023-11-21,CT,Northeast,Organic Search,Desktop,Silver
C000348,2023-07-17,OR,West,Organic Search,Desktop,Gold
C000349,2024-05-09,WI,Midwest,Affiliate,Mobile,Bronze
C000350,2026-01-16,OR,West,Organic Search,Mobile,Bronze
C000351,2026-03-31,OH,Midwest,Referral,Mobile,Silver
C000352,2026-05-12,CO,West,Paid Social,Desktop,Bronze
C000353,2023-05-19,NC,South,Paid Social,Mobile,Silver
C000354,2024-08-23,TN,South,Paid Social,Mobile,Silver
C000355,2023-02-26,NC,South,Organic Search,Mobile,Platinum
C000356,2024-09-01,GA,South,Paid Search,Mobile,Bronze
C000357,2024-12-10,MO,Midwest,Affiliate,Mobile,Gold
C000358,2025-08-10,MI,Midwest,Organic Search,Mobile,Silver
C000359,2024-02-19,VA,South,Affiliate,Mobile,Gold
C000360,2023-02-14,MI,Midwest,Affiliate,Mobile,Bronze
C000361,2024-07-13,NY,Northeast,Organic Search,Mobile,Silver
C000362,2024-06-09,CA,West,Paid Social,Mobile,Gold
C000363,2025-02-07,CO,West,Organic Search,Mobile,Silver
C000364,2023-05-03,NV,West,Email,Mobile,Bronze
C000365,2025-01-24,MI,Midwest,Affiliate,Mobile,Bronze
C000366,2024-05-08,TN,South,Referral,Mobile,Bronze
C000367,2025-06-28,MN,Midwest,Affiliate,Tablet,Bronze
C000368,2026-04-26,MN,Midwest,Organic Search,Mobile,Silver
C000369,2023-10-08,TN,South,Paid Social,Mobile,Gold
C000370,2025-07-16,NJ,Northeast,Organic Search,Mobile,Silver
C000371,2023-06-07,IL,Midwest,Referral,Desktop,Bronze
C000372,2026-04-27,TN,South,Organic Search,Mobile,Bronze
C000373,2024-08-15,TX,South,Organic Search,Tablet,Bronze
C000374,2025-07-07,TN,South,Organic Search,Mobile,Bronze
C000375,2025-08-15,CA,West,Organic Search,Mobile,Gold
C000376,2025-01-18,WA,West,Organic Search,Mobile,Bronze
C000377,2024-04-18,CT,Northeast,Organic Search,Desktop,Bronze
C000378,2025-07-17,NC,South,Referral,Mobile,Silver
C000379,2024-08-09,TN,South,Referral,Desktop,Bronze
C000380,2025-03-22,MN,Midwest,Paid Search,Desktop,Bronze
C000381,2025-01-24,TX,South,Referral,Mobile,Bronze
C000382,2024-07-25,MD,Northeast,Paid Search,Mobile,Bronze
C000383,2023-05-25,OH,Midwest,Referral,Mobile,Silver
C000384,2023-12-27,TX,South,Paid Search,Mobile,Bronze
C000385,2026-02-28,VA,South,Paid Social,Mobile,Silver
C000386,2024-10-02,NJ,Northeast,Paid Search,Mobile,Bronze
C000387,2025-02-22,MN,Midwest,Organic Search,Tablet,Bronze
C000388,2023-11-15,PA,Northeast,Paid Social,Mobile,Silver
C000389,2025-05-18,AZ,West,Referral,Desktop,Bronze
C000390,2024-08-22,NY,Northeast,Referral,Desktop,Bronze
C000391,2023-09-27,IL,Midwest,Paid Search,Mobile,Bronze
C000392,2023-06-29,OR,West,Paid Social,Mobile,Bronze
C000393,2024-05-01,MI,Midwest,Referral,Mobile,Bronze
C000394,2024-11-27,WI,Midwest,Organic Search,Desktop,Platinum
C000395,2023-12-11,NV,West,Organic Search,Mobile,Bronze
C000396,2023-10-29,TX,South,Paid Search,Desktop,Silver
C000397,2023-11-28,MD,Northeast,Organic Search,Mobile,Bronze
C000398,2023-12-28,GA,South,Paid Search,Mobile,Bronze
C000399,2025-06-28,VA,South,Organic Search,Desktop,Silver
C000400,2024-09-06,VA,South,Paid Social,Mobile,Silver
C000401,2024-07-31,TX,South,Email,Desktop,Platinum
C000402,2023-07-20,MA,Northeast,Referral,Mobile,Bronze
C000403,2024-11-01,MI,Midwest,Email,Mobile,Bronze
C000404,2026-03-30,OR,West,Paid Search,Mobile,Silver
C000405,2025-07-06,NJ,Northeast,Affiliate,Mobile,Bronze
C000406,2024-07-04,MA,Northeast,Email,Desktop,Bronze
C000407,2024-01-13,GA,South,Paid Social,Mobile,Bronze
C000408,2024-03-09,NJ,Northeast,Organic Search,Mobile,Bronze
C000409,2023-02-03,WA,West,Email,Mobile,Gold
C000410,2023-02-05,NY,Northeast,Paid Social,Desktop,Gold
C000411,2025-08-13,MO,Midwest,Email,Desktop,Silver
C000412,2025-11-04,WI,Midwest,Referral,Desktop,Bronze
C000413,2026-04-07,OR,West,Affiliate,Tablet,Silver
C000414,2025-02-09,PA,Northeast,Affiliate,Mobile,Silver
C000415,2026-02-17,CA,West,Email,Mobile,Silver
C000416,2024-05-27,WA,West,Affiliate,Mobile,Bronze
C000417,2023-11-09,CO,West,Affiliate,Mobile,Gold
C000418,2023-10-30,IL,Midwest,Organic Search,Desktop,Bronze
C000419,2023-10-19,CA,West,Email,Desktop,Silver
C000420,2025-07-06,MD,Northeast,Organic Search,Mobile,Silver
C000421,2023-01-13,MN,Midwest,Paid Search,Desktop,Gold
C000422,2026-03-09,CA,West,Paid Search,Mobile,Gold
C000423,2025-08-11,OR,West,Paid Social,Desktop,Bronze
C000424,2024-04-13,AZ,West,Organic Search,Mobile,Silver
C000425,2025-05-13,MI,Midwest,Organic Search,Desktop,Bronze
C000426,2023-06-16,PA,Northeast,Organic Search,Mobile,Silver
C000427,2024-06-15,NV,West,Email,Desktop,Bronze
C000428,2023-05-15,MA,Northeast,Referral,Desktop,Bronze
C000429,2023-05-18,CO,West,Affiliate,Mobile,Gold
C000430,2023-01-08,NJ,Northeast,Paid Search,Mobile,Gold
C000431,2025-09-06,NJ,Northeast,Paid Search,Desktop,Bronze
C000432,2025-07-04,IL,Midwest,Referral,Mobile,Bronze
C000433,2026-01-04,MN,Midwest,Organic Search,Mobile,Bronze
C000434,2026-04-23,MA,Northeast,Affiliate,Mobile,Bronze
C000435,2026-04-02,OR,West,Email,Desktop,Bronze
C000436,2026-05-07,AZ,West,Paid Social,Desktop,Gold
C000437,2023-01-20,OR,West,Organic Search,Mobile,Bronze
C000438,2025-08-23,FL,South,Organic Search,Desktop,Bronze
C000439,2025-06-09,MN,Midwest,Paid Social,Mobile,Silver
C000440,2023-07-19,MI,Midwest,Paid Search,Mobile,Bronze
C000441,2023-06-18,PA,Northeast,Referral,Tablet,Bronze
C000442,2026-04-18,OR,West,Email,Mobile,Bronze
C000443,2025-12-22,MO,Midwest,Paid Search,Mobile,Bronze
C000444,2024-02-08,WA,West,Organic Search,Mobile,Silver
C000445,2023-04-03,FL,South,Paid Social,Desktop,Silver
C000446,2024-02-15,MN,Midwest,Organic Search,Mobile,Bronze
C000447,2023-01-07,NY,Northeast,Email,Mobile,Gold
C000448,2025-04-26,IL,Midwest,Paid Social,Mobile,Gold
C000449,2024-04-12,NV,West,Referral,Mobile,Silver
C000450,2023-03-02,MN,Midwest,Paid Search,Mobile,Gold
C000451,2026-04-21,NV,West,Paid Search,Mobile,Gold
C000452,2025-10-13,NY,Northeast,Referral,Desktop,Gold
C000453,2026-01-18,MO,Midwest,Email,Desktop,Bronze
C000454,2026-05-12,OR,West,Email,Desktop,Bronze
C000455,2023-01-18,CA,West,Paid Social,Desktop,Silver
C000456,2025-08-12,WA,West,Referral,Desktop,Gold
C000457,2025-08-27,NJ,Northeast,Organic Search,Desktop,Gold
C000458,2025-08-20,GA,South,Paid Search,Mobile,Silver
C000459,2023-11-23,MI,Midwest,Referral,Desktop,Gold
C000460,2024-04-25,MI,Midwest,Organic Search,Mobile,Silver
C000461,2026-02-17,GA,South,Referral,Mobile,Silver
C000462,2023-03-23,CO,West,Paid Search,Mobile,Bronze
C000463,2025-02-28,MD,Northeast,Organic Search,Mobile,Bronze
C000464,2025-09-02,GA,South,Organic Search,Mobile,Bronze
C000465,2025-09-09,VA,South,Referral,Desktop,Bronze
C000466,2025-01-05,WI,Midwest,Referral,Mobile,Silver
C000467,2025-08-02,WI,Midwest,Paid Search,Mobile,Bronze
C000468,2026-01-24,NJ,Northeast,Organic Search,Mobile,Gold
C000469,2025-07-31,OR,West,Organic Search,Desktop,Bronze
C000470,2023-05-23,GA,South,Organic Search,Mobile,Silver
C000471,2023-10-29,TX,South,Email,Mobile,Bronze
C000472,2024-01-11,TX,South,Organic Search,Desktop,Gold
C000473,2024-02-27,NV,West,Organic Search,Desktop,Bronze
C000474,2024-03-19,OR,West,Organic Search,Mobile,Silver
C000475,2023-09-28,TN,South,Paid Social,Desktop,Silver
C000476,2025-04-21,TN,South,Email,Mobile,Silver
C000477,2023-05-16,TX,South,Email,Desktop,Silver
C000478,2025-08-27,MO,Midwest,Paid Social,Mobile,Silver
C000479,2025-03-21,MI,Midwest,Affiliate,Desktop,Silver
C000480,2026-03-29,NC,South,Paid Social,Mobile,Bronze
C000481,2023-01-09,VA,South,Referral,Desktop,Gold
C000482,2023-12-30,NV,West,Email,Mobile,Bronze
C000483,2026-01-10,IL,Midwest,Organic Search,Mobile,Bronze
C000484,2024-08-30,FL,South,Referral,Desktop,Bronze
C000485,2024-11-21,OR,West,Paid Social,Desktop,Bronze
C000486,2023-02-05,TX,South,Email,Mobile,Bronze
C000487,2025-07-27,FL,South,Organic Search,Desktop,Gold
C000488,2023-11-08,AZ,West,Paid Search,Mobile,Silver
C000489,2026-03-31,TX,South,Referral,Mobile,Platinum
C000490,2024-04-05,FL,South,Organic Search,Mobile,Bronze
C000491,2023-08-21,MN,Midwest,Organic Search,Mobile,Silver
C000492,2024-12-31,IL,Midwest,Paid Search,Desktop,Bronze
C000493,2024-08-10,OH,Midwest,Paid Social,Mobile,Bronze
C000494,2024-08-02,VA,South,Referral,Desktop,Bronze
C000495,2026-03-15,MN,Midwest,Email,Mobile,Silver
C000496,2024-03-24,VA,South,Affiliate,Desktop,Silver
C000497,2024-05-04,GA,South,Paid Social,Mobile,Bronze
C000498,2025-02-07,MN,Midwest,Paid Search,Desktop,Bronze
C000499,2023-07-29,FL,South,Organic Search,Desktop,Bronze
C000500,2025-10-17,GA,South,Organic Search,Mobile,Bronze
C000501,2023-10-11,OH,Midwest,Email,Mobile,Silver
C000502,2023-10-25,CT,Northeast,Organic Search,Desktop,Bronze
C000503,2023-01-14,NJ,Northeast,Organic Search,Desktop,Gold
C000504,2024-02-27,FL,South,Referral,Mobile,Platinum
C000505,2024-12-18,GA,South,Paid Social,Desktop,Bronze
C000506,2025-05-17,MI,Midwest,Organic Search,Desktop,Gold
C000507,2026-01-11,FL,South,Email,Desktop,Silver
C000508,2025-08-15,PA,Northeast,Paid Social,Mobile,Bronze
C000509,2024-01-31,FL,South,Referral,Mobile,Gold
C000510,2025-10-13,CO,West,Email,Tablet,Bronze
C000511,2023-08-28,NV,West,Organic Search,Mobile,Silver
C000512,2023-09-15,MD,Northeast,Organic Search,Mobile,Silver
C000513,2024-03-16,CO,West,Paid Search,Tablet,Gold
C000514,2024-10-25,NC,South,Email,Mobile,Silver
C000515,2023-09-08,TN,South,Paid Social,Mobile,Gold
C000516,2026-01-12,CA,West,Referral,Desktop,Bronze
C000517,2023-11-29,VA,South,Paid Social,Desktop,Platinum
C000518,2024-04-27,MI,Midwest,Paid Search,Tablet,Silver
C000519,2025-01-14,AZ,West,Organic Search,Desktop,Silver
C000520,2024-06-13,NJ,Northeast,Organic Search,Mobile,Gold
C000521,2024-05-12,NY,Northeast,Paid Search,Mobile,Bronze
C000522,2026-04-27,VA,South,Paid Social,Mobile,Bronze
C000523,2024-06-20,OR,West,Affiliate,Desktop,Gold
C000524,2023-05-20,IL,Midwest,Organic Search,Mobile,Gold
C000525,2025-06-17,NV,West,Email,Mobile,Silver
C000526,2025-05-18,TX,South,Organic Search,Mobile,Bronze
C000527,2023-09-27,PA,Northeast,Email,Mobile,Bronze
C000528,2025-11-12,CT,Northeast,Organic Search,Mobile,Silver
C000529,2024-04-27,WI,Midwest,Email,Desktop,Bronze
C000530,2023-07-05,GA,South,Organic Search,Mobile,Gold
C000531,2023-08-01,MI,Midwest,Organic Search,Tablet,Silver
C000532,2025-05-29,MO,Midwest,Paid Social,Desktop,Bronze
C000533,2023-09-23,FL,South,Paid Search,Mobile,Bronze
C000534,2024-08-01,IL,Midwest,Paid Social,Desktop,Gold
C000535,2025-06-22,CA,West,Paid Search,Mobile,Silver
C000536,2025-11-15,AZ,West,Affiliate,Mobile,Bronze
C000537,2024-08-25,GA,South,Paid Search,Mobile,Bronze
C000538,2026-01-22,CA,West,Paid Social,Desktop,Bronze
C000539,2024-01-08,WA,West,Referral,Desktop,Bronze
C000540,2025-12-10,NY,Northeast,Email,Mobile,Silver
C000541,2023-11-05,CT,Northeast,Paid Search,Desktop,Bronze
C000542,2023-03-21,GA,South,Paid Social,Desktop,Bronze
C000543,2025-06-11,NY,Northeast,Organic Search,Desktop,Bronze
C000544,2025-07-20,NJ,Northeast,Paid Social,Mobile,Bronze
C000545,2026-02-14,NV,West,Paid Search,Desktop,Silver
C000546,2026-02-08,NC,South,Referral,Desktop,Silver
C000547,2023-05-06,TN,South,Referral,Mobile,Bronze
C000548,2025-02-03,CA,West,Organic Search,Desktop,Bronze
C000549,2025-05-17,IL,Midwest,Organic Search,Mobile,Silver
C000550,2025-01-09,TX,South,Paid Search,Desktop,Gold
C000551,2023-01-24,GA,South,Paid Social,Desktop,Bronze
C000552,2023-02-25,AZ,West,Paid Search,Mobile,Bronze
C000553,2025-04-05,NV,West,Email,Mobile,Gold
C000554,2025-11-19,NJ,Northeast,Paid Social,Desktop,Bronze
C000555,2023-08-09,NV,West,Affiliate,Desktop,Platinum
C000556,2023-02-27,NV,West,Paid Search,Desktop,Gold
C000557,2024-05-12,FL,South,Organic Search,Desktop,Bronze
C000558,2024-01-21,TN,South,Paid Search,Mobile,Bronze
C000559,2026-04-24,MI,Midwest,Paid Social,Mobile,Platinum
C000560,2026-02-13,TX,South,Paid Search,Desktop,Bronze
C000561,2024-11-18,OR,West,Paid Search,Mobile,Silver
C000562,2026-03-15,AZ,West,Paid Search,Desktop,Bronze
C000563,2023-10-09,CT,Northeast,Referral,Mobile,Silver
C000564,2026-05-06,OH,Midwest,Affiliate,Mobile,Gold
C000565,2024-07-04,WI,Midwest,Paid Search,Mobile,Silver
C000566,2024-08-09,MI,Midwest,Organic Search,Mobile,Bronze
C000567,2023-03-04,MI,Midwest,Paid Search,Desktop,Silver
C000568,2023-08-07,CA,West,Paid Search,Mobile,Silver
C000569,2023-08-28,VA,South,Affiliate,Desktop,Bronze
C000570,2024-08-23,VA,South,Paid Social,Mobile,Silver
C000571,2023-08-22,FL,South,Email,Desktop,Silver
C000572,2023-05-06,MA,Northeast,Affiliate,Desktop,Bronze
C000573,2025-01-14,TN,South,Email,Mobile,Gold
C000574,2025-12-10,MN,Midwest,Organic Search,Desktop,Bronze
C000575,2023-03-28,NJ,Northeast,Paid Social,Mobile,Bronze
C000576,2024-11-21,VA,South,Paid Search,Mobile,Bronze
C000577,2026-03-28,NJ,Northeast,Paid Search,Desktop,Bronze
C000578,2024-05-12,MI,Midwest,Affiliate,Mobile,Bronze
C000579,2023-08-14,PA,Northeast,Paid Search,Desktop,Bronze
C000580,2023-04-08,VA,South,Paid Social,Mobile,Silver
C000581,2026-02-26,NC,South,Organic Search,Mobile,Silver
C000582,2024-05-13,TN,South,Organic Search,Desktop,Bronze
C000583,2023-05-10,CO,West,Paid Social,Mobile,Silver
C000584,2025-12-02,VA,South,Referral,Tablet,Silver
C000585,2025-09-14,MD,Northeast,Email,Mobile,Bronze
C000586,2025-05-15,MO,Midwest,Paid Search,Mobile,Platinum
C000587,2023-04-14,CO,West,Organic Search,Mobile,Bronze
C000588,2023-04-12,VA,South,Paid Social,Mobile,Bronze
C000589,2023-09-27,NV,West,Paid Social,Mobile,Bronze
C000590,2023-07-16,CA,West,Referral,Mobile,Bronze
C000591,2024-10-16,NY,Northeast,Email,Mobile,Bronze
C000592,2024-04-27,TN,South,Referral,Mobile,Bronze
C000593,2025-07-31,FL,South,Referral,Mobile,Silver
C000594,2023-05-05,WI,Midwest,Paid Search,Mobile,Gold
C000595,2025-06-15,CO,West,Email,Mobile,Silver
C000596,2026-02-23,NC,South,Referral,Mobile,Silver
C000597,2023-06-10,WI,Midwest,Affiliate,Mobile,Silver
C000598,2025-03-13,OH,Midwest,Paid Search,Mobile,Silver
C000599,2024-09-18,PA,Northeast,Email,Mobile,Bronze
C000600,2023-04-27,MO,Midwest,Paid Search,Mobile,Bronze
C000601,2023-12-27,TN,South,Email,Desktop,Bronze
C000602,2025-08-28,OH,Midwest,Affiliate,Mobile,Bronze
C000603,2025-12-05,MD,Northeast,Affiliate,Mobile,Silver
C000604,2024-03-29,MI,Midwest,Organic Search,Desktop,Bronze
C000605,2023-05-12,MD,Northeast,Organic Search,Mobile,Bronze
C000606,2023-10-29,MN,Midwest,Referral,Mobile,Bronze
C000607,2025-11-04,MA,Northeast,Email,Desktop,Silver
C000608,2024-12-02,CA,West,Affiliate,Desktop,Bronze
C000609,2024-06-13,MI,Midwest,Paid Search,Tablet,Bronze
C000610,2023-01-17,TN,South,Referral,Desktop,Bronze
C000611,2025-08-21,VA,South,Email,Mobile,Bronze
C000612,2024-07-26,IL,Midwest,Organic Search,Desktop,Silver
C000613,2024-11-02,NY,Northeast,Organic Search,Mobile,Bronze
C000614,2025-11-04,CT,Northeast,Email,Desktop,Bronze
C000615,2024-11-23,GA,South,Organic Search,Mobile,Platinum
C000616,2026-02-16,MO,Midwest,Referral,Mobile,Bronze
C000617,2024-11-19,IL,Midwest,Paid Social,Mobile,Silver
C000618,2024-02-26,GA,South,Paid Social,Mobile,Silver
C000619,2026-02-09,CA,West,Paid Search,Mobile,Bronze
C000620,2025-03-01,AZ,West,Affiliate,Desktop,Bronze
C000621,2025-07-25,MO,Midwest,Email,Mobile,Bronze
C000622,2023-10-07,TX,South,Referral,Desktop,Bronze
C000623,2025-04-06,NJ,Northeast,Referral,Mobile,Bronze
C000624,2024-11-20,VA,South,Paid Social,Mobile,Silver
C000625,2023-05-10,NY,Northeast,Affiliate,Mobile,Bronze
C000626,2023-11-09,VA,South,Paid Social,Mobile,Bronze
C000627,2026-01-27,MO,Midwest,Paid Social,Mobile,Silver
C000628,2024-12-04,CA,West,Paid Search,Mobile,Bronze
C000629,2025-08-11,TX,South,Paid Search,Mobile,Silver
C000630,2023-07-31,CT,Northeast,Email,Desktop,Bronze
C000631,2023-09-26,NY,Northeast,Paid Search,Mobile,Silver
C000632,2026-03-04,MA,Northeast,Email,Desktop,Gold
C000633,2024-06-01,CA,West,Affiliate,Desktop,Silver
C000634,2025-12-27,NC,South,Paid Search,Mobile,Gold
C000635,2025-09-22,OR,West,Organic Search,Desktop,Bronze
C000636,2024-02-19,AZ,West,Email,Desktop,Bronze
C000637,2026-03-14,MO,Midwest,Organic Search,Desktop,Bronze
C000638,2025-08-14,MI,Midwest,Referral,Desktop,Bronze
C000639,2023-06-07,MN,Midwest,Paid Social,Mobile,Gold
C000640,2023-04-28,MA,Northeast,Paid Social,Tablet,Bronze
C000641,2023-06-05,MO,Midwest,Paid Social,Mobile,Bronze
C000642,2025-06-30,NJ,Northeast,Paid Social,Mobile,Gold
C000643,2023-06-26,WA,West,Paid Search,Desktop,Bronze
C000644,2023-12-14,OR,West,Paid Search,Mobile,Silver
C000645,2024-06-18,WI,Midwest,Paid Search,Mobile,Bronze
C000646,2023-06-16,MD,Northeast,Referral,Mobile,Gold
C000647,2024-02-11,WA,West,Organic Search,Mobile,Bronze
C000648,2025-04-14,TX,South,Paid Search,Desktop,Silver
C000649,2026-04-11,MN,Midwest,Organic Search,Mobile,Silver
C000650,2024-08-01,NV,West,Paid Search,Mobile,Platinum
C000651,2025-07-08,GA,South,Organic Search,Desktop,Platinum
C000652,2024-10-14,NJ,Northeast,Referral,Desktop,Silver
C000653,2024-07-28,MO,Midwest,Organic Search,Desktop,Bronze
C000654,2024-10-02,CO,West,Email,Mobile,Bronze
C000655,2026-03-25,CT,Northeast,Paid Search,Desktop,Gold
C000656,2023-03-15,NC,South,Paid Social,Mobile,Silver
C000657,2024-09-23,NJ,Northeast,Organic Search,Desktop,Gold
C000658,2023-03-05,GA,South,Email,Mobile,Silver
C000659,2025-12-13,IL,Midwest,Affiliate,Mobile,Bronze
C000660,2025-01-10,FL,South,Organic Search,Mobile,Bronze
C000661,2023-02-28,GA,South,Affiliate,Mobile,Bronze
C000662,2025-02-06,PA,Northeast,Paid Search,Mobile,Silver
C000663,2024-06-20,CA,West,Paid Social,Mobile,Bronze
C000664,2023-02-28,CO,West,Email,Desktop,Bronze
C000665,2026-04-19,FL,South,Organic Search,Mobile,Silver
C000666,2024-04-10,MN,Midwest,Paid Search,Mobile,Bronze
C000667,2023-01-30,PA,Northeast,Organic Search,Mobile,Bronze
C000668,2025-01-24,PA,Northeast,Email,Desktop,Bronze
C000669,2024-04-06,VA,South,Paid Search,Mobile,Bronze
C000670,2025-03-19,TN,South,Referral,Mobile,Bronze
C000671,2023-07-19,CO,West,Paid Search,Tablet,Silver
C000672,2025-10-16,GA,South,Affiliate,Desktop,Gold
C000673,2024-06-01,NJ,Northeast,Organic Search,Mobile,Silver
C000674,2024-06-01,MI,Midwest,Paid Social,Desktop,Gold
C000675,2025-09-16,MN,Midwest,Paid Search,Tablet,Bronze
C000676,2024-11-05,GA,South,Organic Search,Mobile,Bronze
C000677,2023-01-02,PA,Northeast,Organic Search,Desktop,Bronze
C000678,2024-12-13,TX,South,Email,Mobile,Silver
C000679,2025-03-06,NV,West,Organic Search,Desktop,Bronze
C000680,2024-01-20,TN,South,Paid Social,Desktop,Gold
C000681,2023-08-11,NV,West,Affiliate,Desktop,Silver
C000682,2023-03-08,CO,West,Paid Search,Desktop,Silver
C000683,2025-11-07,CO,West,Organic Search,Mobile,Bronze
C000684,2023-01-06,VA,South,Organic Search,Mobile,Silver
C000685,2024-12-19,IL,Midwest,Organic Search,Desktop,Bronze
C000686,2025-10-26,VA,South,Paid Social,Mobile,Silver
C000687,2024-03-09,GA,South,Referral,Mobile,Silver
C000688,2023-09-04,PA,Northeast,Paid Search,Desktop,Bronze
C000689,2025-05-30,MI,Midwest,Organic Search,Mobile,Gold
C000690,2025-02-14,FL,South,Email,Mobile,Silver
C000691,2023-01-19,VA,South,Paid Search,Mobile,Silver
C000692,2024-12-11,MA,Northeast,Paid Social,Mobile,Bronze
C000693,2023-01-01,CO,West,Affiliate,Desktop,Bronze
C000694,2024-05-06,VA,South,Paid Search,Mobile,Bronze
C000695,2024-01-10,PA,Northeast,Paid Social,Mobile,Silver
C000696,2025-10-23,TN,South,Referral,Desktop,Bronze
C000697,2026-04-18,MN,Midwest,Email,Mobile,Platinum
C000698,2025-05-09,MI,Midwest,Referral,Desktop,Platinum
C000699,2025-06-23,WI,Midwest,Referral,Mobile,Bronze
C000700,2023-01-28,TN,South,Paid Social,Mobile,Silver
C000701,2023-03-20,CO,West,Paid Social,Mobile,Bronze
C000702,2025-08-14,TN,South,Email,Desktop,Bronze
C000703,2024-06-11,NV,West,Email,Tablet,Bronze
C000704,2024-09-16,MD,Northeast,Email,Mobile,Gold
C000705,2025-05-01,TX,South,Paid Search,Mobile,Gold
C000706,2024-03-03,TN,South,Referral,Mobile,Bronze
C000707,2025-04-19,MI,Midwest,Organic Search,Mobile,Bronze
C000708,2025-06-13,MI,Midwest,Organic Search,Mobile,Bronze
C000709,2023-10-23,TN,South,Paid Search,Desktop,Silver
C000710,2025-04-24,FL,South,Paid Search,Desktop,Bronze
C000711,2023-07-28,MD,Northeast,Email,Mobile,Gold
C000712,2024-01-18,MI,Midwest,Organic Search,Mobile,Gold
C000713,2025-08-18,PA,Northeast,Email,Mobile,Bronze
C000714,2026-04-25,NJ,Northeast,Paid Social,Mobile,Gold
C000715,2023-03-21,MI,Midwest,Organic Search,Mobile,Silver
C000716,2025-03-09,CO,West,Paid Search,Desktop,Silver
C000717,2024-12-02,TX,South,Paid Social,Mobile,Gold
C000718,2025-01-15,NV,West,Email,Mobile,Bronze
C000719,2025-08-26,MO,Midwest,Paid Search,Mobile,Silver
C000720,2023-03-28,PA,Northeast,Organic Search,Mobile,Bronze
C000721,2025-06-29,NC,South,Paid Search,Desktop,Silver
C000722,2023-12-10,GA,South,Organic Search,Desktop,Bronze
C000723,2023-07-09,CA,West,Organic Search,Desktop,Bronze
C000724,2024-07-04,MA,Northeast,Affiliate,Desktop,Bronze
C000725,2023-02-03,CO,West,Organic Search,Mobile,Bronze
C000726,2025-02-15,NV,West,Organic Search,Desktop,Bronze
C000727,2024-11-26,OR,West,Referral,Desktop,Bronze
C000728,2024-09-23,CA,West,Email,Mobile,Gold
C000729,2023-02-07,VA,South,Paid Search,Mobile,Silver
C000730,2025-07-28,VA,South,Email,Desktop,Bronze
C000731,2023-02-13,VA,South,Affiliate,Desktop,Gold
C000732,2023-11-20,OR,West,Organic Search,Mobile,Gold
C000733,2024-05-02,NV,West,Organic Search,Desktop,Bronze
C000734,2025-05-14,GA,South,Referral,Desktop,Silver
C000735,2024-05-16,WA,West,Referral,Desktop,Bronze
C000736,2025-10-02,OH,Midwest,Affiliate,Mobile,Silver
C000737,2026-02-24,OR,West,Paid Search,Mobile,Silver
C000738,2025-07-30,NC,South,Affiliate,Desktop,Bronze
C000739,2023-02-17,TX,South,Paid Search,Mobile,Bronze
C000740,2025-08-06,TN,South,Email,Mobile,Bronze
C000741,2023-09-11,OR,West,Referral,Desktop,Silver
C000742,2025-12-29,CO,West,Organic Search,Mobile,Bronze
C000743,2026-04-19,NJ,Northeast,Organic Search,Mobile,Gold
C000744,2023-04-14,CA,West,Paid Social,Tablet,Silver
C000745,2023-05-02,FL,South,Referral,Mobile,Bronze
C000746,2025-05-08,VA,South,Organic Search,Desktop,Silver
C000747,2023-06-26,FL,South,Referral,Mobile,Bronze
C000748,2026-04-07,TN,South,Paid Search,Mobile,Silver
C000749,2024-10-27,MO,Midwest,Paid Search,Mobile,Bronze
C000750,2024-12-07,NJ,Northeast,Paid Search,Mobile,Bronze
C000751,2025-11-25,NV,West,Affiliate,Mobile,Bronze
C000752,2023-09-25,FL,South,Organic Search,Desktop,Bronze
C000753,2024-11-15,OR,West,Paid Social,Desktop,Silver
C000754,2026-05-14,FL,South,Organic Search,Mobile,Silver
C000755,2023-01-28,WI,Midwest,Affiliate,Mobile,Bronze
C000756,2023-08-04,CO,West,Referral,Desktop,Bronze
C000757,2023-06-29,FL,South,Organic Search,Mobile,Gold
C000758,2024-02-18,NJ,Northeast,Paid Search,Mobile,Bronze
C000759,2023-06-09,AZ,West,Paid Search,Mobile,Bronze
C000760,2023-07-31,GA,South,Paid Search,Mobile,Silver
C000761,2025-11-15,MN,Midwest,Referral,Mobile,Bronze
C000762,2024-07-25,AZ,West,Paid Social,Mobile,Gold
C000763,2024-03-16,CA,West,Paid Search,Desktop,Bronze
C000764,2024-05-30,CO,West,Email,Mobile,Gold
C000765,2026-04-09,PA,Northeast,Paid Social,Mobile,Bronze
C000766,2024-08-27,NV,West,Organic Search,Mobile,Bronze
C000767,2024-07-31,OR,West,Organic Search,Mobile,Bronze
C000768,2026-02-16,AZ,West,Paid Search,Desktop,Platinum
C000769,2023-02-15,NV,West,Paid Social,Desktop,Silver
C000770,2024-08-11,OH,Midwest,Organic Search,Desktop,Bronze
C000771,2025-07-10,WA,West,Paid Social,Mobile,Gold
C000772,2024-09-25,VA,South,Paid Search,Mobile,Bronze
C000773,2025-12-04,MN,Midwest,Email,Mobile,Bronze
C000774,2025-12-27,NJ,Northeast,Organic Search,Mobile,Bronze
C000775,2024-02-18,CA,West,Paid Social,Mobile,Gold
C000776,2025-10-03,NY,Northeast,Organic Search,Mobile,Bronze
C000777,2023-10-28,MO,Midwest,Paid Search,Mobile,Bronze
C000778,2023-10-23,CO,West,Organic Search,Mobile,Gold
C000779,2026-04-18,MI,Midwest,Paid Social,Mobile,Silver
C000780,2023-01-16,NJ,Northeast,Referral,Mobile,Bronze
C000781,2024-03-10,OR,West,Organic Search,Mobile,Silver
C000782,2025-02-13,NY,Northeast,Email,Tablet,Bronze
C000783,2024-05-24,NC,South,Paid Social,Mobile,Bronze
C000784,2025-11-06,MN,Midwest,Paid Social,Mobile,Bronze
C000785,2023-11-06,MD,Northeast,Paid Social,Mobile,Silver
C000786,2024-11-11,FL,South,Paid Search,Mobile,Silver
C000787,2023-06-04,NJ,Northeast,Email,Desktop,Bronze
C000788,2023-09-17,TX,South,Referral,Mobile,Bronze
C000789,2023-08-02,MI,Midwest,Referral,Tablet,Bronze
C000790,2025-07-01,MN,Midwest,Paid Search,Desktop,Silver
C000791,2023-09-07,CA,West,Email,Mobile,Silver
C000792,2025-04-04,TN,South,Organic Search,Desktop,Silver
C000793,2024-03-01,GA,South,Paid Social,Desktop,Platinum
C000794,2024-11-26,AZ,West,Organic Search,Tablet,Gold
C000795,2025-12-11,OR,West,Organic Search,Mobile,Platinum
C000796,2025-11-28,TX,South,Email,Tablet,Silver
C000797,2023-01-14,CA,West,Referral,Mobile,Bronze
C000798,2025-08-23,NV,West,Organic Search,Mobile,Silver
C000799,2026-03-22,MN,Midwest,Paid Social,Desktop,Bronze
C000800,2025-04-02,WI,Midwest,Email,Mobile,Bronze
C000801,2023-08-19,MO,Midwest,Affiliate,Mobile,Bronze
C000802,2025-03-29,TX,South,Email,Mobile,Bronze
C000803,2025-02-22,NJ,Northeast,Organic Search,Mobile,Silver
C000804,2025-03-26,OH,Midwest,Organic Search,Mobile,Bronze
C000805,2024-06-11,CA,West,Email,Mobile,Bronze
C000806,2024-10-08,CA,West,Organic Search,Mobile,Gold
C000807,2025-03-13,IL,Midwest,Affiliate,Desktop,Silver
C000808,2024-07-25,NV,West,Affiliate,Mobile,Bronze
C000809,2025-08-10,TX,South,Affiliate,Desktop,Bronze
C000810,2025-05-23,NJ,Northeast,Paid Search,Mobile,Bronze
C000811,2024-01-09,CA,West,Email,Desktop,Gold
C000812,2025-01-21,AZ,West,Email,Desktop,Bronze
C000813,2025-07-20,MA,Northeast,Organic Search,Desktop,Gold
C000814,2024-08-26,MO,Midwest,Paid Search,Mobile,Bronze
C000815,2025-05-30,CA,West,Organic Search,Mobile,Silver
C000816,2023-06-05,NJ,Northeast,Paid Search,Desktop,Bronze
C000817,2024-04-20,PA,Northeast,Affiliate,Desktop,Bronze
C000818,2025-05-14,NC,South,Referral,Mobile,Bronze
C000819,2026-01-06,IL,Midwest,Paid Search,Desktop,Bronze
C000820,2025-03-06,FL,South,Paid Social,Desktop,Platinum
C000821,2025-03-27,OR,West,Organic Search,Mobile,Silver
C000822,2024-02-26,IL,Midwest,Paid Search,Desktop,Bronze
C000823,2025-05-12,GA,South,Organic Search,Desktop,Silver
C000824,2024-03-14,WI,Midwest,Email,Mobile,Bronze
C000825,2023-03-06,MA,Northeast,Email,Mobile,Gold
C000826,2023-10-31,OR,West,Referral,Mobile,Bronze
C000827,2025-01-22,MI,Midwest,Referral,Mobile,Bronze
C000828,2026-03-30,CO,West,Organic Search,Mobile,Bronze
C000829,2024-09-02,MA,Northeast,Referral,Desktop,Bronze
C000830,2025-11-24,NV,West,Organic Search,Mobile,Gold
C000831,2025-08-15,MO,Midwest,Paid Search,Desktop,Bronze
C000832,2024-11-21,TX,South,Paid Social,Desktop,Bronze
C000833,2025-09-17,TX,South,Organic Search,Desktop,Gold
C000834,2024-05-09,MI,Midwest,Organic Search,Mobile,Bronze
C000835,2024-06-28,OH,Midwest,Paid Search,Mobile,Bronze
C000836,2025-06-26,FL,South,Organic Search,Desktop,Silver
C000837,2025-02-25,IL,Midwest,Affiliate,Mobile,Bronze
C000838,2024-10-11,MD,Northeast,Paid Search,Mobile,Gold
C000839,2024-06-17,NC,South,Paid Social,Mobile,Silver
C000840,2026-04-16,TN,South,Affiliate,Mobile,Bronze
C000841,2023-03-22,CA,West,Paid Social,Desktop,Bronze
C000842,2023-03-09,MI,Midwest,Paid Search,Mobile,Bronze
C000843,2024-08-12,NC,South,Affiliate,Mobile,Silver
C000844,2023-02-12,NC,South,Organic Search,Mobile,Silver
C000845,2024-02-24,AZ,West,Organic Search,Mobile,Silver
C000846,2024-11-30,CT,Northeast,Paid Social,Mobile,Bronze
C000847,2024-05-13,GA,South,Paid Search,Desktop,Silver
C000848,2023-09-08,WI,Midwest,Referral,Desktop,Bronze
C000849,2023-12-17,WA,West,Organic Search,Tablet,Gold
C000850,2025-01-13,NY,Northeast,Paid Social,Mobile,Bronze
C000851,2026-03-17,CO,West,Email,Mobile,Gold
C000852,2025-08-19,CA,West,Affiliate,Mobile,Bronze
C000853,2024-11-04,NJ,Northeast,Organic Search,Desktop,Bronze
C000854,2023-06-20,NY,Northeast,Organic Search,Desktop,Bronze
C000855,2023-10-26,WA,West,Affiliate,Desktop,Gold
C000856,2024-06-26,GA,South,Email,Mobile,Gold
C000857,2023-10-31,IL,Midwest,Organic Search,Mobile,Silver
C000858,2025-04-27,PA,Northeast,Organic Search,Tablet,Bronze
C000859,2024-03-26,VA,South,Referral,Mobile,Silver
C000860,2025-10-23,TX,South,Paid Social,Desktop,Bronze
C000861,2023-11-28,MO,Midwest,Paid Social,Desktop,Silver
C000862,2024-09-02,MI,Midwest,Referral,Mobile,Bronze
C000863,2025-05-29,MN,Midwest,Organic Search,Desktop,Gold
C000864,2023-09-11,GA,South,Organic Search,Desktop,Silver
C000865,2025-07-26,WA,West,Paid Social,Desktop,Bronze
C000866,2024-12-22,NY,Northeast,Referral,Mobile,Silver
C000867,2025-03-08,MA,Northeast,Paid Search,Mobile,Bronze
C000868,2024-07-13,MO,Midwest,Email,Desktop,Bronze
C000869,2026-02-25,NV,West,Organic Search,Mobile,Bronze
C000870,2025-08-08,NV,West,Organic Search,Mobile,Bronze
C000871,2023-08-25,MN,Midwest,Affiliate,Mobile,Bronze
C000872,2024-11-14,OR,West,Organic Search,Mobile,Silver
C000873,2026-01-16,NY,Northeast,Organic Search,Desktop,Silver
C000874,2023-12-10,NC,South,Referral,Mobile,Bronze
C000875,2024-10-22,MO,Midwest,Paid Search,Mobile,Platinum
C000876,2025-07-17,NJ,Northeast,Paid Search,Mobile,Gold
C000877,2023-12-03,VA,South,Referral,Mobile,Bronze
C000878,2024-09-29,VA,South,Organic Search,Mobile,Bronze
C000879,2024-11-11,OH,Midwest,Email,Mobile,Gold
C000880,2023-08-07,MN,Midwest,Paid Search,Mobile,Bronze
C000881,2023-08-07,TN,South,Organic Search,Mobile,Bronze
C000882,2024-11-24,MI,Midwest,Email,Desktop,Gold
C000883,2023-08-09,CT,Northeast,Paid Search,Mobile,Silver
C000884,2026-03-13,VA,South,Referral,Mobile,Gold
C000885,2024-10-06,NV,West,Affiliate,Mobile,Gold
C000886,2025-05-18,VA,South,Referral,Desktop,Bronze
C000887,2024-05-03,TN,South,Paid Search,Mobile,Silver
C000888,2024-01-03,AZ,West,Organic Search,Mobile,Silver
C000889,2024-08-21,CO,West,Referral,Desktop,Bronze
C000890,2025-05-25,OH,Midwest,Paid Social,Desktop,Bronze
C000891,2024-05-04,TX,South,Email,Mobile,Bronze
C000892,2023-12-14,NY,Northeast,Referral,Mobile,Silver
C000893,2023-06-27,WA,West,Paid Search,Desktop,Silver
C000894,2024-10-30,AZ,West,Organic Search,Mobile,Gold
C000895,2025-04-16,MN,Midwest,Email,Desktop,Bronze
C000896,2024-10-10,PA,Northeast,Paid Social,Mobile,Silver
C000897,2023-11-10,TX,South,Paid Search,Desktop,Bronze
C000898,2023-11-01,AZ,West,Paid Social,Desktop,Gold
C000899,2024-04-09,OR,West,Referral,Tablet,Silver
C000900,2024-03-04,TN,South,Paid Search,Mobile,Silver
C000901,2023-09-08,TX,South,Organic Search,Desktop,Bronze
C000902,2026-03-05,WA,West,Email,Mobile,Bronze
C000903,2024-02-10,CA,West,Referral,Mobile,Bronze
C000904,2023-11-05,FL,South,Affiliate,Desktop,Gold
C000905,2025-01-16,MD,Northeast,Organic Search,Mobile,Bronze
C000906,2025-09-13,MI,Midwest,Referral,Desktop,Gold
C000907,2024-07-26,GA,South,Referral,Mobile,Bronze
C000908,2025-04-01,WA,West,Email,Mobile,Silver
C000909,2023-04-27,WA,West,Paid Search,Mobile,Bronze
C000910,2024-10-17,TN,South,Organic Search,Mobile,Bronze
C000911,2023-03-23,MO,Midwest,Paid Social,Mobile,Silver
C000912,2023-06-19,CT,Northeast,Paid Search,Mobile,Bronze
C000913,2024-12-29,CT,Northeast,Paid Search,Tablet,Bronze
C000914,2023-09-09,PA,Northeast,Affiliate,Desktop,Silver
C000915,2023-02-15,NY,Northeast,Organic Search,Desktop,Bronze
C000916,2023-08-09,CT,Northeast,Affiliate,Mobile,Silver
C000917,2025-08-09,AZ,West,Paid Social,Mobile,Silver
C000918,2024-12-23,NV,West,Referral,Desktop,Bronze
C000919,2024-04-14,TX,South,Paid Search,Mobile,Bronze
C000920,2026-04-13,TN,South,Email,Mobile,Bronze
C000921,2024-04-19,CO,West,Paid Social,Desktop,Bronze
C000922,2025-12-15,NJ,Northeast,Affiliate,Mobile,Bronze
C000923,2024-02-29,IL,Midwest,Organic Search,Desktop,Silver
C000924,2023-02-01,TN,South,Organic Search,Mobile,Bronze
C000925,2023-05-16,WA,West,Affiliate,Mobile,Gold
C000926,2023-12-03,AZ,West,Organic Search,Mobile,Silver
C000927,2023-08-18,AZ,West,Email,Desktop,Bronze
C000928,2023-07-13,NJ,Northeast,Organic Search,Mobile,Silver
C000929,2024-04-16,IL,Midwest,Organic Search,Desktop,Bronze
C000930,2026-04-16,MN,Midwest,Paid Social,Mobile,Bronze
C000931,2023-09-04,GA,South,Paid Social,Desktop,Platinum
C000932,2023-10-18,VA,South,Paid Social,Mobile,Bronze
C000933,2026-05-10,GA,South,Paid Social,Mobile,Bronze
C000934,2023-09-05,OH,Midwest,Referral,Desktop,Gold
C000935,2025-10-18,MO,Midwest,Affiliate,Desktop,Gold
C000936,2025-02-03,AZ,West,Paid Search,Desktop,Silver
C000937,2026-02-15,MA,Northeast,Paid Search,Mobile,Silver
C000938,2024-11-15,CO,West,Paid Search,Desktop,Silver
C000939,2024-12-31,CT,Northeast,Referral,Mobile,Silver
C000940,2023-10-06,CO,West,Paid Search,Tablet,Bronze
C000941,2024-12-08,AZ,West,Email,Mobile,Gold
C000942,2025-04-05,PA,Northeast,Paid Search,Mobile,Silver
C000943,2026-04-29,CA,West,Paid Social,Mobile,Bronze
C000944,2023-04-30,NC,South,Referral,Mobile,Bronze
C000945,2023-07-12,TN,South,Paid Social,Mobile,Bronze
C000946,2023-01-24,CO,West,Paid Social,Desktop,Bronze
C000947,2025-08-31,WI,Midwest,Paid Search,Desktop,Bronze
C000948,2023-04-12,MA,Northeast,Paid Social,Mobile,Bronze
C000949,2026-01-31,MA,Northeast,Paid Search,Mobile,Gold
C000950,2024-03-25,TX,South,Referral,Desktop,Bronze
C000951,2023-12-21,TX,South,Paid Search,Desktop,Bronze
C000952,2026-04-15,CA,West,Organic Search,Mobile,Gold
C000953,2025-06-05,CO,West,Organic Search,Desktop,Bronze
C000954,2024-11-04,AZ,West,Paid Social,Mobile,Silver
C000955,2025-12-30,NJ,Northeast,Affiliate,Desktop,Silver
C000956,2025-07-18,PA,Northeast,Paid Search,Desktop,Silver
C000957,2025-02-23,MI,Midwest,Paid Search,Mobile,Bronze
C000958,2024-01-31,FL,South,Paid Search,Mobile,Bronze
C000959,2026-04-28,GA,South,Affiliate,Desktop,Silver
C000960,2025-06-04,GA,South,Referral,Mobile,Bronze
C000961,2026-03-10,TN,South,Organic Search,Mobile,Bronze
C000962,2026-04-04,TN,South,Paid Social,Mobile,Bronze
C000963,2024-11-07,CA,West,Referral,Desktop,Silver
C000964,2024-03-16,OR,West,Referral,Mobile,Bronze
C000965,2026-03-11,MD,Northeast,Paid Social,Mobile,Silver
C000966,2026-05-14,VA,South,Email,Tablet,Silver
C000967,2023-05-31,CT,Northeast,Paid Social,Desktop,Bronze
C000968,2025-02-24,AZ,West,Organic Search,Mobile,Gold
C000969,2025-01-11,TX,South,Organic Search,Mobile,Gold
C000970,2025-07-10,CO,West,Paid Search,Mobile,Bronze
C000971,2026-04-15,AZ,West,Organic Search,Mobile,Bronze
C000972,2023-11-07,CO,West,Paid Search,Mobile,Bronze
C000973,2026-04-16,CO,West,Referral,Mobile,Gold
C000974,2025-03-02,NJ,Northeast,Referral,Mobile,Bronze
C000975,2023-04-12,TX,South,Organic Search,Mobile,Bronze
C000976,2024-09-21,MN,Midwest,Organic Search,Mobile,Gold
C000977,2023-06-14,GA,South,Email,Mobile,Silver
C000978,2026-03-23,TX,South,Paid Social,Desktop,Bronze
C000979,2025-07-28,FL,South,Organic Search,Mobile,Silver
C000980,2026-01-18,CO,West,Referral,Desktop,Silver
C000981,2025-01-11,PA,Northeast,Organic Search,Mobile,Bronze
C000982,2024-05-03,NJ,Northeast,Organic Search,Mobile,Silver
C000983,2024-06-11,MN,Midwest,Referral,Mobile,Silver
C000984,2026-03-11,NC,South,Paid Social,Mobile,Bronze
C000985,2023-07-06,WA,West,Paid Search,Desktop,Platinum
C000986,2025-12-25,MD,Northeast,Email,Mobile,Bronze
C000987,2024-06-03,NC,South,Affiliate,Mobile,Silver
C000988,2024-12-27,CA,West,Organic Search,Mobile,Silver
C000989,2025-04-01,FL,South,Email,Mobile,Bronze
C000990,2023-04-12,MO,Midwest,Organic Search,Mobile,Bronze
C000991,2023-07-03,IL,Midwest,Paid Social,Mobile,Platinum
C000992,2023-07-17,IL,Midwest,Paid Search,Mobile,Silver
C000993,2025-08-16,MN,Midwest,Paid Search,Mobile,Bronze
C000994,2023-04-05,OR,West,Organic Search,Desktop,Bronze
C000995,2025-01-22,NJ,Northeast,Referral,Mobile,Bronze
C000996,2023-05-13,GA,South,Paid Search,Desktop,Bronze
C000997,2025-08-03,OH,Midwest,Referral,Mobile,Bronze
C000998,2026-04-17,OR,West,Paid Search,Mobile,Silver
C000999,2024-05-24,NJ,Northeast,Referral,Desktop,Bronze
C001000,2023-09-19,NC,South,Paid Social,Desktop,Silver
C001001,2024-07-01,AZ,West,Paid Search,Mobile,Gold
C001002,2025-04-30,VA,South,Email,Tablet,Platinum
C001003,2025-06-14,CA,West,Referral,Tablet,Gold
C001004,2025-02-22,WA,West,Paid Social,Mobile,Bronze
C001005,2024-12-17,OH,Midwest,Paid Search,Mobile,Silver
C001006,2025-02-15,NC,South,Paid Social,Desktop,Bronze
C001007,2023-09-25,MA,Northeast,Paid Social,Desktop,Bronze
C001008,2023-09-12,VA,South,Paid Search,Mobile,Gold
C001009,2026-02-19,MO,Midwest,Referral,Mobile,Silver
C001010,2024-12-14,TN,South,Paid Search,Desktop,Silver
C001011,2025-11-26,OH,Midwest,Paid Social,Mobile,Bronze
C001012,2025-02-09,IL,Midwest,Paid Social,Desktop,Bronze
C001013,2024-07-14,VA,South,Affiliate,Mobile,Gold
C001014,2024-12-03,MD,Northeast,Paid Search,Desktop,Bronze
C001015,2025-05-01,FL,South,Organic Search,Mobile,Bronze
C001016,2023-08-18,CA,West,Organic Search,Mobile,Silver
C001017,2024-07-22,WI,Midwest,Email,Desktop,Silver
C001018,2025-06-09,MA,Northeast,Paid Search,Mobile,Bronze
C001019,2023-04-18,CO,West,Paid Search,Mobile,Bronze
C001020,2023-04-01,NC,South,Organic Search,Mobile,Silver
C001021,2023-07-17,CT,Northeast,Referral,Desktop,Gold
C001022,2024-12-28,WI,Midwest,Paid Search,Mobile,Bronze
C001023,2023-10-21,NY,Northeast,Paid Social,Desktop,Silver
C001024,2024-06-21,TX,South,Organic Search,Mobile,Bronze
C001025,2023-06-14,WI,Midwest,Organic Search,Desktop,Silver
C001026,2023-11-05,FL,South,Organic Search,Mobile,Silver
C001027,2023-01-22,NJ,Northeast,Paid Search,Mobile,Gold
C001028,2025-09-20,TN,South,Paid Social,Mobile,Silver
C001029,2024-07-28,OH,Midwest,Organic Search,Mobile,Bronze
C001030,2023-08-05,TX,South,Paid Search,Desktop,Bronze
C001031,2024-10-09,TX,South,Organic Search,Desktop,Silver
C001032,2026-02-22,MI,Midwest,Paid Search,Desktop,Bronze
C001033,2025-10-12,NC,South,Organic Search,Desktop,Silver
C001034,2025-12-24,CT,Northeast,Organic Search,Desktop,Bronze
C001035,2024-05-14,VA,South,Organic Search,Tablet,Bronze
C001036,2024-03-19,MN,Midwest,Email,Desktop,Silver
C001037,2024-01-25,TN,South,Affiliate,Mobile,Bronze
C001038,2024-01-11,FL,South,Email,Mobile,Gold
C001039,2026-02-06,GA,South,Organic Search,Mobile,Bronze
C001040,2023-06-19,WA,West,Affiliate,Desktop,Bronze
C001041,2025-11-14,CA,West,Affiliate,Mobile,Bronze
C001042,2026-02-01,MO,Midwest,Paid Social,Mobile,Bronze
C001043,2025-11-05,OH,Midwest,Organic Search,Desktop,Silver
C001044,2025-02-11,MI,Midwest,Email,Mobile,Bronze
C001045,2025-11-19,OR,West,Affiliate,Mobile,Bronze
C001046,2023-02-09,TX,South,Referral,Desktop,Platinum
C001047,2025-10-03,CO,West,Email,Mobile,Bronze
C001048,2024-09-21,OH,Midwest,Paid Social,Mobile,Bronze
C001049,2026-03-25,NY,Northeast,Affiliate,Mobile,Gold
C001050,2023-04-16,OR,West,Organic Search,Mobile,Silver
C001051,2026-02-18,IL,Midwest,Organic Search,Mobile,Bronze
C001052,2024-12-07,CO,West,Referral,Mobile,Platinum
C001053,2023-05-08,FL,South,Organic Search,Desktop,Bronze
C001054,2024-09-18,WA,West,Paid Search,Desktop,Bronze
C001055,2023-02-15,FL,South,Paid Search,Mobile,Bronze
C001056,2023-04-12,IL,Midwest,Organic Search,Mobile,Gold
C001057,2024-10-16,NY,Northeast,Organic Search,Mobile,Bronze
C001058,2025-10-01,NV,West,Paid Social,Mobile,Gold
C001059,2023-05-14,FL,South,Paid Search,Mobile,Bronze
C001060,2023-11-19,IL,Midwest,Paid Social,Mobile,Bronze
C001061,2024-04-26,NJ,Northeast,Paid Search,Mobile,Gold
C001062,2024-10-28,OH,Midwest,Affiliate,Desktop,Platinum
C001063,2023-01-01,OR,West,Paid Social,Mobile,Bronze
C001064,2025-02-25,MO,Midwest,Affiliate,Tablet,Bronze
C001065,2024-09-04,FL,South,Paid Search,Mobile,Silver
C001066,2026-03-30,CT,Northeast,Organic Search,Desktop,Silver
C001067,2024-01-06,TN,South,Referral,Mobile,Bronze
C001068,2024-08-30,IL,Midwest,Referral,Desktop,Bronze
C001069,2023-04-11,NV,West,Organic Search,Desktop,Gold
C001070,2026-02-03,GA,South,Email,Mobile,Bronze
C001071,2025-10-23,MA,Northeast,Email,Mobile,Bronze
C001072,2024-03-12,OH,Midwest,Organic Search,Tablet,Bronze
C001073,2024-07-20,GA,South,Paid Social,Desktop,Bronze
C001074,2025-11-21,NY,Northeast,Organic Search,Tablet,Silver
C001075,2023-12-30,MD,Northeast,Organic Search,Mobile,Bronze
C001076,2023-10-18,NC,South,Referral,Mobile,Silver
C001077,2023-10-25,TX,South,Paid Social,Mobile,Bronze
C001078,2025-05-20,NC,South,Referral,Desktop,Bronze
C001079,2023-09-17,MO,Midwest,Email,Mobile,Gold
C001080,2023-04-20,TN,South,Affiliate,Mobile,Bronze
C001081,2023-07-23,WA,West,Paid Search,Mobile,Bronze
C001082,2026-04-28,MD,Northeast,Paid Search,Mobile,Bronze
C001083,2025-12-10,NJ,Northeast,Paid Search,Desktop,Silver
C001084,2026-03-20,NJ,Northeast,Email,Mobile,Silver
C001085,2023-12-08,NY,Northeast,Paid Social,Desktop,Silver
C001086,2024-06-28,MO,Midwest,Email,Mobile,Silver
C001087,2024-08-27,WI,Midwest,Paid Search,Mobile,Bronze
C001088,2024-10-06,MN,Midwest,Organic Search,Mobile,Platinum
C001089,2023-02-03,TN,South,Referral,Mobile,Bronze
C001090,2025-01-05,FL,South,Referral,Mobile,Bronze
C001091,2023-02-17,CA,West,Paid Search,Desktop,Bronze
C001092,2023-12-05,MO,Midwest,Email,Mobile,Bronze
C001093,2023-12-26,VA,South,Paid Social,Mobile,Bronze
C001094,2025-04-10,CA,West,Referral,Desktop,Bronze
C001095,2026-01-08,IL,Midwest,Paid Search,Mobile,Silver
C001096,2025-05-09,NC,South,Paid Social,Mobile,Silver
C001097,2024-06-20,CA,West,Organic Search,Mobile,Silver
C001098,2024-10-08,CT,Northeast,Organic Search,Mobile,Bronze
C001099,2024-09-22,MD,Northeast,Referral,Mobile,Bronze
C001100,2023-07-01,WA,West,Paid Search,Mobile,Gold
C001101,2026-03-24,WA,West,Organic Search,Mobile,Bronze
C001102,2026-02-05,VA,South,Organic Search,Mobile,Bronze
C001103,2023-10-23,MI,Midwest,Paid Search,Desktop,Bronze
C001104,2023-05-22,NJ,Northeast,Email,Desktop,Bronze
C001105,2023-07-23,CA,West,Paid Search,Mobile,Bronze
C001106,2025-02-13,MO,Midwest,Referral,Mobile,Silver
C001107,2023-02-06,CO,West,Referral,Desktop,Gold
C001108,2023-05-07,TX,South,Paid Search,Mobile,Platinum
C001109,2025-03-09,CT,Northeast,Referral,Desktop,Bronze
C001110,2023-06-29,CA,West,Organic Search,Mobile,Bronze
C001111,2023-03-26,CA,West,Paid Search,Mobile,Silver
C001112,2023-01-26,GA,South,Organic Search,Mobile,Bronze
C001113,2025-05-18,MI,Midwest,Organic Search,Desktop,Silver
C001114,2024-03-23,MD,Northeast,Organic Search,Mobile,Silver
C001115,2023-12-17,CT,Northeast,Organic Search,Mobile,Bronze
C001116,2025-02-26,CA,West,Referral,Mobile,Bronze
C001117,2023-07-29,NV,West,Paid Social,Desktop,Bronze
C001118,2024-10-04,MO,Midwest,Affiliate,Mobile,Silver
C001119,2024-08-18,NC,South,Paid Social,Desktop,Bronze
C001120,2025-04-10,NJ,Northeast,Email,Mobile,Bronze
C001121,2025-02-07,IL,Midwest,Organic Search,Mobile,Bronze
C001122,2025-04-10,OR,West,Paid Social,Mobile,Silver
C001123,2023-09-20,PA,Northeast,Paid Search,Tablet,Gold
C001124,2023-06-22,OR,West,Affiliate,Mobile,Gold
C001125,2024-10-19,TX,South,Affiliate,Mobile,Gold
C001126,2023-03-12,TX,South,Organic Search,Desktop,Bronze
C001127,2024-07-13,NC,South,Email,Mobile,Bronze
C001128,2025-02-08,MO,Midwest,Email,Mobile,Bronze
C001129,2025-10-07,MN,Midwest,Paid Social,Mobile,Silver
C001130,2025-03-15,PA,Northeast,Organic Search,Desktop,Silver
C001131,2026-05-09,MD,Northeast,Email,Mobile,Bronze
C001132,2024-11-16,TN,South,Referral,Desktop,Gold
C001133,2024-07-03,AZ,West,Paid Search,Desktop,Bronze
C001134,2023-10-30,MN,Midwest,Paid Social,Mobile,Silver
C001135,2025-04-08,CT,Northeast,Organic Search,Mobile,Gold
C001136,2025-09-25,NC,South,Affiliate,Desktop,Silver
C001137,2024-01-31,NC,South,Organic Search,Desktop,Silver
C001138,2023-04-04,NC,South,Organic Search,Desktop,Silver
C001139,2023-01-13,AZ,West,Paid Search,Mobile,Silver
C001140,2025-02-17,MO,Midwest,Referral,Desktop,Gold
C001141,2025-03-27,FL,South,Email,Desktop,Bronze
C001142,2023-05-29,WI,Midwest,Organic Search,Tablet,Bronze
C001143,2023-01-28,NY,Northeast,Organic Search,Mobile,Silver
C001144,2025-03-16,MA,Northeast,Referral,Desktop,Silver
C001145,2024-05-04,VA,South,Paid Search,Desktop,Silver
C001146,2024-05-29,NC,South,Organic Search,Desktop,Bronze
C001147,2023-11-20,OH,Midwest,Affiliate,Desktop,Bronze
C001148,2025-06-02,MA,Northeast,Organic Search,Desktop,Bronze
C001149,2025-07-05,GA,South,Paid Social,Mobile,Platinum
C001150,2023-03-06,PA,Northeast,Organic Search,Mobile,Bronze
C001151,2023-04-20,WA,West,Email,Mobile,Bronze
C001152,2024-11-14,MA,Northeast,Referral,Desktop,Bronze
C001153,2025-01-12,WA,West,Paid Search,Mobile,Bronze
C001154,2023-06-28,OR,West,Email,Desktop,Bronze
C001155,2023-07-14,VA,South,Affiliate,Tablet,Silver
C001156,2025-04-20,AZ,West,Referral,Desktop,Bronze
C001157,2024-07-13,OR,West,Paid Search,Desktop,Bronze
C001158,2023-05-28,CO,West,Paid Search,Desktop,Bronze
C001159,2025-01-20,TX,South,Referral,Mobile,Bronze
C001160,2023-04-01,MO,Midwest,Organic Search,Mobile,Gold
C001161,2023-10-11,OR,West,Organic Search,Mobile,Gold
C001162,2025-05-27,WI,Midwest,Organic Search,Desktop,Silver
C001163,2023-10-01,MD,Northeast,Referral,Mobile,Gold
C001164,2023-03-20,NV,West,Organic Search,Mobile,Bronze
C001165,2026-03-27,NV,West,Paid Search,Desktop,Gold
C001166,2023-10-04,CT,Northeast,Email,Mobile,Bronze
C001167,2024-09-25,NJ,Northeast,Organic Search,Desktop,Silver
C001168,2025-10-12,FL,South,Paid Search,Mobile,Silver
C001169,2026-05-03,PA,Northeast,Paid Social,Desktop,Bronze
C001170,2025-09-23,OR,West,Organic Search,Mobile,Bronze
C001171,2024-02-23,TN,South,Affiliate,Desktop,Bronze
C001172,2025-11-17,OH,Midwest,Organic Search,Desktop,Bronze
C001173,2023-01-16,NV,West,Referral,Mobile,Bronze
C001174,2024-02-06,IL,Midwest,Paid Social,Mobile,Platinum
C001175,2023-09-03,TX,South,Organic Search,Desktop,Bronze
C001176,2024-10-12,MO,Midwest,Organic Search,Mobile,Silver
C001177,2026-01-02,VA,South,Paid Social,Desktop,Silver
C001178,2025-08-09,VA,South,Paid Search,Mobile,Bronze
C001179,2026-05-13,WA,West,Organic Search,Desktop,Bronze
C001180,2023-06-18,NV,West,Affiliate,Mobile,Bronze
C001181,2025-07-14,WI,Midwest,Paid Social,Mobile,Bronze
C001182,2025-06-10,WA,West,Affiliate,Mobile,Bronze
C001183,2024-07-15,AZ,West,Organic Search,Mobile,Bronze
C001184,2023-05-01,AZ,West,Organic Search,Mobile,Bronze
C001185,2023-05-09,OR,West,Paid Social,Desktop,Gold
C001186,2026-01-29,PA,Northeast,Paid Search,Desktop,Silver
C001187,2023-12-30,FL,South,Organic Search,Tablet,Bronze
C001188,2025-02-23,CT,Northeast,Organic Search,Desktop,Silver
C001189,2026-03-09,CO,West,Organic Search,Desktop,Gold
C001190,2024-08-30,MO,Midwest,Referral,Mobile,Bronze
C001191,2023-09-16,TN,South,Paid Search,Desktop,Bronze
C001192,2024-08-19,GA,South,Affiliate,Mobile,Bronze
C001193,2023-10-10,CT,Northeast,Organic Search,Mobile,Bronze
C001194,2023-08-12,NJ,Northeast,Paid Search,Desktop,Gold
C001195,2025-09-25,MD,Northeast,Paid Search,Tablet,Gold
C001196,2024-03-01,WA,West,Paid Social,Mobile,Silver
C001197,2025-04-22,OR,West,Referral,Mobile,Bronze
C001198,2025-06-14,IL,Midwest,Referral,Mobile,Silver
C001199,2024-11-07,TX,South,Organic Search,Desktop,Bronze
C001200,2024-10-27,MI,Midwest,Paid Search,Mobile,Bronze
C001201,2023-08-11,NC,South,Referral,Desktop,Bronze
C001202,2024-10-13,TX,South,Organic Search,Mobile,Gold
C001203,2025-07-14,MD,Northeast,Paid Social,Mobile,Silver
C001204,2023-08-29,IL,Midwest,Paid Search,Desktop,Silver
C001205,2023-10-13,CO,West,Paid Search,Mobile,Silver
C001206,2025-04-29,WA,West,Paid Search,Desktop,Bronze
C001207,2026-04-23,MI,Midwest,Paid Search,Mobile,Bronze
C001208,2024-04-27,TX,South,Referral,Desktop,Gold
C001209,2025-10-16,AZ,West,Paid Social,Mobile,Gold
C001210,2023-08-13,TN,South,Affiliate,Tablet,Bronze
C001211,2024-12-02,IL,Midwest,Email,Desktop,Bronze
C001212,2026-03-07,NY,Northeast,Paid Search,Mobile,Platinum
C001213,2024-06-27,NC,South,Paid Social,Tablet,Bronze
C001214,2024-09-15,VA,South,Paid Search,Mobile,Bronze
C001215,2023-07-10,TX,South,Referral,Mobile,Bronze
C001216,2024-10-12,FL,South,Organic Search,Desktop,Bronze
C001217,2024-12-21,NC,South,Affiliate,Desktop,Silver
C001218,2026-04-23,TX,South,Paid Social,Desktop,Silver
C001219,2023-09-05,OH,Midwest,Paid Social,Tablet,Bronze
C001220,2024-03-27,CA,West,Paid Social,Mobile,Bronze
C001221,2025-03-07,OR,West,Paid Social,Mobile,Silver
C001222,2026-03-06,AZ,West,Email,Mobile,Bronze
C001223,2023-10-20,PA,Northeast,Email,Mobile,Bronze
C001224,2025-05-05,OH,Midwest,Organic Search,Mobile,Bronze
C001225,2025-12-18,OR,West,Paid Social,Mobile,Gold
C001226,2025-02-18,MA,Northeast,Paid Search,Mobile,Platinum
C001227,2024-06-09,TX,South,Email,Mobile,Bronze
C001228,2023-10-16,TX,South,Paid Social,Mobile,Silver
C001229,2023-12-21,NJ,Northeast,Organic Search,Desktop,Gold
C001230,2023-03-05,CO,West,Email,Mobile,Bronze
C001231,2023-07-07,AZ,West,Paid Social,Desktop,Gold
C001232,2024-06-22,IL,Midwest,Paid Social,Desktop,Bronze
C001233,2023-06-22,WA,West,Email,Mobile,Silver
C001234,2023-01-13,MI,Midwest,Email,Desktop,Silver
C001235,2025-05-02,WA,West,Referral,Tablet,Bronze
C001236,2023-03-29,CO,West,Organic Search,Mobile,Silver
C001237,2023-06-23,CO,West,Organic Search,Desktop,Silver
C001238,2025-01-02,FL,South,Email,Mobile,Bronze
C001239,2026-02-08,CA,West,Organic Search,Mobile,Silver
C001240,2025-06-10,WA,West,Organic Search,Desktop,Gold
C001241,2023-02-10,MA,Northeast,Organic Search,Desktop,Gold
C001242,2023-07-26,TN,South,Paid Search,Desktop,Silver
C001243,2025-06-30,GA,South,Affiliate,Desktop,Bronze
C001244,2025-06-20,WA,West,Organic Search,Desktop,Bronze
C001245,2024-04-26,FL,South,Paid Search,Mobile,Bronze
C001246,2026-03-15,CA,West,Affiliate,Mobile,Gold
C001247,2025-12-29,IL,Midwest,Affiliate,Mobile,Silver
C001248,2025-07-03,OR,West,Organic Search,Mobile,Gold
C001249,2025-07-10,MA,Northeast,Referral,Desktop,Bronze
C001250,2025-08-23,NY,Northeast,Organic Search,Mobile,Platinum
C001251,2023-07-02,WA,West,Referral,Mobile,Platinum
C001252,2025-05-12,CO,West,Organic Search,Mobile,Silver
C001253,2026-03-03,CO,West,Paid Search,Mobile,Gold
C001254,2023-10-04,MN,Midwest,Organic Search,Mobile,Bronze
C001255,2023-01-19,NV,West,Email,Mobile,Bronze
C001256,2024-03-20,MA,Northeast,Organic Search,Mobile,Bronze
C001257,2023-11-28,MI,Midwest,Paid Social,Mobile,Bronze
C001258,2026-03-14,NJ,Northeast,Email,Mobile,Bronze
C001259,2024-07-02,GA,South,Organic Search,Desktop,Silver
C001260,2025-03-24,CT,Northeast,Referral,Mobile,Bronze
C001261,2026-04-23,NV,West,Paid Search,Mobile,Bronze
C001262,2025-08-29,TN,South,Organic Search,Mobile,Bronze
C001263,2025-07-11,NC,South,Organic Search,Desktop,Silver
C001264,2026-04-07,NY,Northeast,Paid Search,Mobile,Gold
C001265,2025-04-27,NC,South,Organic Search,Mobile,Bronze
C001266,2023-10-12,MD,Northeast,Paid Social,Desktop,Silver
C001267,2025-06-13,NV,West,Email,Tablet,Platinum
C001268,2024-01-31,MA,Northeast,Paid Search,Mobile,Silver
C001269,2024-02-12,FL,South,Paid Search,Mobile,Silver
C001270,2025-03-04,TN,South,Referral,Mobile,Silver
C001271,2024-01-24,PA,Northeast,Paid Search,Mobile,Platinum
C001272,2023-01-30,FL,South,Email,Mobile,Bronze
C001273,2026-05-15,GA,South,Referral,Desktop,Silver
C001274,2024-12-04,IL,Midwest,Organic Search,Mobile,Bronze
C001275,2025-04-04,CO,West,Paid Social,Mobile,Bronze
C001276,2025-09-22,TN,South,Affiliate,Mobile,Silver
C001277,2025-02-20,WA,West,Paid Social,Mobile,Gold
C001278,2025-01-21,AZ,West,Affiliate,Mobile,Gold
C001279,2025-09-01,NY,Northeast,Paid Search,Mobile,Gold
C001280,2023-12-30,MI,Midwest,Paid Social,Mobile,Silver
C001281,2025-10-16,NC,South,Paid Search,Mobile,Silver
C001282,2025-06-10,TX,South,Organic Search,Mobile,Gold
C001283,2023-08-13,TN,South,Affiliate,Desktop,Bronze
C001284,2023-06-29,WI,Midwest,Organic Search,Mobile,Bronze
C001285,2025-12-18,MA,Northeast,Affiliate,Mobile,Bronze
C001286,2026-01-06,NJ,Northeast,Email,Desktop,Silver
C001287,2026-05-08,TN,South,Affiliate,Desktop,Silver
C001288,2023-05-05,GA,South,Affiliate,Mobile,Gold
C001289,2026-01-07,TN,South,Paid Social,Mobile,Bronze
C001290,2025-11-28,NC,South,Affiliate,Mobile,Silver
C001291,2025-08-02,TX,South,Referral,Mobile,Silver
C001292,2024-09-04,IL,Midwest,Paid Social,Desktop,Gold
C001293,2024-09-17,TX,South,Email,Mobile,Bronze
C001294,2024-06-11,TX,South,Organic Search,Mobile,Silver
C001295,2023-02-06,FL,South,Organic Search,Mobile,Silver
C001296,2024-09-08,TX,South,Paid Search,Mobile,Bronze
C001297,2023-10-19,CO,West,Paid Search,Mobile,Bronze
C001298,2023-09-04,CO,West,Organic Search,Mobile,Bronze
C001299,2023-03-10,OH,Midwest,Paid Social,Mobile,Bronze
C001300,2024-07-17,FL,South,Email,Desktop,Bronze
C001301,2023-02-28,AZ,West,Email,Desktop,Silver
C001302,2025-11-12,NC,South,Referral,Desktop,Silver
C001303,2025-12-30,MN,Midwest,Affiliate,Desktop,Silver
C001304,2025-09-12,CO,West,Referral,Desktop,Bronze
C001305,2024-01-06,MA,Northeast,Email,Tablet,Bronze
C001306,2023-07-20,CT,Northeast,Organic Search,Mobile,Silver
C001307,2024-09-13,MN,Midwest,Affiliate,Mobile,Silver
C001308,2025-04-08,MN,Midwest,Organic Search,Mobile,Silver
C001309,2023-01-26,WA,West,Organic Search,Desktop,Silver
C001310,2025-11-20,MA,Northeast,Paid Search,Desktop,Platinum
C001311,2024-06-23,VA,South,Paid Social,Mobile,Gold
C001312,2025-10-06,PA,Northeast,Email,Desktop,Silver
C001313,2023-04-06,TX,South,Organic Search,Desktop,Bronze
C001314,2024-06-07,NV,West,Referral,Desktop,Bronze
C001315,2024-07-18,AZ,West,Organic Search,Mobile,Silver
C001316,2023-03-01,MO,Midwest,Paid Search,Mobile,Bronze
C001317,2025-05-20,NC,South,Paid Search,Mobile,Bronze
C001318,2026-02-20,AZ,West,Paid Search,Mobile,Bronze
C001319,2024-10-27,OH,Midwest,Referral,Mobile,Gold
C001320,2024-05-02,PA,Northeast,Organic Search,Mobile,Bronze
C001321,2025-02-21,GA,South,Organic Search,Mobile,Silver
C001322,2024-03-20,FL,South,Organic Search,Mobile,Gold
C001323,2024-03-18,AZ,West,Referral,Mobile,Silver
C001324,2025-07-23,MO,Midwest,Affiliate,Mobile,Bronze
C001325,2024-12-28,FL,South,Email,Tablet,Gold
C001326,2023-11-21,NY,Northeast,Paid Social,Mobile,Silver
C001327,2024-05-16,TN,South,Affiliate,Desktop,Bronze
C001328,2025-10-24,VA,South,Paid Search,Mobile,Silver
C001329,2024-10-12,VA,South,Organic Search,Mobile,Bronze
C001330,2023-04-04,WA,West,Paid Social,Tablet,Silver
C001331,2025-11-20,WI,Midwest,Paid Search,Desktop,Gold
C001332,2025-06-30,TN,South,Paid Social,Desktop,Silver
C001333,2023-11-25,TN,South,Paid Social,Desktop,Gold
C001334,2026-04-03,CT,Northeast,Paid Search,Mobile,Bronze
C001335,2026-03-17,MD,Northeast,Paid Social,Desktop,Gold
C001336,2026-05-10,PA,Northeast,Paid Search,Mobile,Silver
C001337,2024-04-10,CA,West,Organic Search,Desktop,Bronze
C001338,2026-02-11,OH,Midwest,Referral,Desktop,Gold
C001339,2025-09-19,MD,Northeast,Email,Desktop,Gold
C001340,2025-12-07,VA,South,Organic Search,Desktop,Bronze
C001341,2024-11-04,CA,West,Organic Search,Desktop,Silver
C001342,2023-12-10,PA,Northeast,Organic Search,Mobile,Bronze
C001343,2023-10-07,FL,South,Organic Search,Mobile,Bronze
C001344,2026-04-04,FL,South,Organic Search,Desktop,Bronze
C001345,2024-09-10,MA,Northeast,Organic Search,Desktop,Bronze
C001346,2026-02-16,MN,Midwest,Referral,Mobile,Bronze
C001347,2024-11-13,GA,South,Referral,Desktop,Bronze
C001348,2024-10-19,GA,South,Referral,Mobile,Gold
C001349,2023-04-01,NC,South,Paid Social,Desktop,Bronze
C001350,2024-05-09,AZ,West,Email,Desktop,Gold
C001351,2024-11-15,IL,Midwest,Email,Mobile,Bronze
C001352,2023-05-15,NY,Northeast,Referral,Mobile,Bronze
C001353,2023-07-19,GA,South,Email,Desktop,Silver
C001354,2024-12-28,GA,South,Email,Mobile,Bronze
C001355,2023-11-02,MD,Northeast,Referral,Tablet,Bronze
C001356,2025-05-12,CO,West,Paid Social,Mobile,Platinum
C001357,2024-07-20,NC,South,Organic Search,Mobile,Bronze
C001358,2024-05-12,TX,South,Organic Search,Mobile,Bronze
C001359,2023-05-25,IL,Midwest,Paid Search,Desktop,Silver
C001360,2024-05-14,OR,West,Organic Search,Mobile,Bronze
C001361,2024-10-29,MN,Midwest,Organic Search,Desktop,Silver
C001362,2024-12-06,NC,South,Organic Search,Tablet,Bronze
C001363,2023-11-29,IL,Midwest,Paid Search,Desktop,Bronze
C001364,2023-02-04,CO,West,Affiliate,Mobile,Bronze
C001365,2026-02-24,GA,South,Paid Search,Mobile,Bronze
C001366,2026-03-25,NC,South,Organic Search,Desktop,Silver
C001367,2026-01-17,CA,West,Paid Search,Mobile,Gold
C001368,2023-12-23,AZ,West,Paid Search,Desktop,Silver
C001369,2025-01-11,NV,West,Email,Desktop,Bronze
C001370,2023-06-23,FL,South,Email,Desktop,Platinum
C001371,2026-01-19,WA,West,Organic Search,Mobile,Silver
C001372,2023-01-07,PA,Northeast,Paid Social,Tablet,Bronze
C001373,2024-08-02,TX,South,Organic Search,Desktop,Bronze
C001374,2025-11-20,MD,Northeast,Email,Desktop,Bronze
C001375,2025-06-12,CT,Northeast,Affiliate,Mobile,Bronze
C001376,2025-11-28,CO,West,Affiliate,Mobile,Bronze
C001377,2024-09-03,MI,Midwest,Organic Search,Mobile,Bronze
C001378,2023-04-28,MA,Northeast,Referral,Tablet,Platinum
C001379,2023-01-10,MI,Midwest,Referral,Desktop,Bronze
C001380,2023-07-07,GA,South,Referral,Desktop,Bronze
C001381,2023-03-12,NC,South,Paid Search,Mobile,Platinum
C001382,2024-07-05,OR,West,Paid Social,Desktop,Bronze
C001383,2023-03-04,TN,South,Organic Search,Mobile,Bronze
C001384,2023-08-17,NY,Northeast,Organic Search,Desktop,Bronze
C001385,2024-05-31,NJ,Northeast,Email,Mobile,Silver
C001386,2025-06-24,CO,West,Paid Search,Desktop,Bronze
C001387,2025-04-09,MO,Midwest,Organic Search,Desktop,Silver
C001388,2023-03-13,TN,South,Referral,Mobile,Gold
C001389,2026-01-16,PA,Northeast,Paid Social,Mobile,Silver
C001390,2024-11-07,OR,West,Affiliate,Mobile,Gold
C001391,2024-03-05,NY,Northeast,Referral,Mobile,Silver
C001392,2024-04-16,NJ,Northeast,Referral,Mobile,Silver
C001393,2025-11-10,AZ,West,Referral,Mobile,Bronze
C001394,2024-07-26,OR,West,Organic Search,Mobile,Bronze
C001395,2023-10-30,PA,Northeast,Organic Search,Mobile,Bronze
C001396,2024-06-06,CA,West,Affiliate,Desktop,Silver
C001397,2023-03-26,GA,South,Organic Search,Mobile,Bronze
C001398,2023-07-08,CT,Northeast,Paid Search,Mobile,Silver
C001399,2024-01-23,NC,South,Paid Social,Desktop,Bronze
C001400,2023-09-29,NC,South,Organic Search,Mobile,Silver
C001401,2024-03-05,VA,South,Organic Search,Desktop,Bronze
C001402,2023-03-21,WA,West,Paid Social,Desktop,Gold
C001403,2025-01-20,NJ,Northeast,Paid Search,Desktop,Bronze
C001404,2023-05-22,NC,South,Email,Mobile,Silver
C001405,2023-09-25,OR,West,Organic Search,Mobile,Silver
C001406,2026-04-18,VA,South,Paid Social,Desktop,Bronze
C001407,2023-01-08,NY,Northeast,Organic Search,Desktop,Silver
C001408,2023-12-11,CA,West,Paid Social,Mobile,Gold
C001409,2024-09-07,PA,Northeast,Organic Search,Desktop,Silver
C001410,2024-01-13,MI,Midwest,Organic Search,Desktop,Gold
C001411,2024-01-30,MD,Northeast,Referral,Desktop,Bronze
C001412,2023-06-06,PA,Northeast,Organic Search,Mobile,Gold
C001413,2024-06-05,PA,Northeast,Email,Mobile,Gold
C001414,2025-07-18,NJ,Northeast,Paid Search,Mobile,Silver
C001415,2024-12-24,OR,West,Organic Search,Mobile,Gold
C001416,2026-02-11,MN,Midwest,Paid Search,Desktop,Silver
C001417,2025-05-11,NC,South,Referral,Mobile,Bronze
C001418,2025-08-30,NC,South,Paid Search,Mobile,Silver
C001419,2024-06-15,PA,Northeast,Organic Search,Mobile,Bronze
C001420,2025-01-24,NY,Northeast,Paid Social,Desktop,Silver
C001421,2024-12-12,IL,Midwest,Paid Search,Desktop,Bronze
C001422,2025-09-28,TX,South,Referral,Desktop,Silver
C001423,2024-09-08,NC,South,Affiliate,Desktop,Bronze
C001424,2024-05-12,VA,South,Paid Social,Tablet,Bronze
C001425,2023-03-28,VA,South,Paid Social,Mobile,Bronze
C001426,2025-11-24,FL,South,Paid Search,Mobile,Bronze
C001427,2024-06-20,CA,West,Affiliate,Desktop,Silver
C001428,2025-09-09,NV,West,Paid Social,Desktop,Bronze
C001429,2025-04-14,IL,Midwest,Organic Search,Mobile,Bronze
C001430,2023-01-03,NC,South,Affiliate,Tablet,Bronze
C001431,2025-03-12,PA,Northeast,Affiliate,Mobile,Bronze
C001432,2024-08-23,MO,Midwest,Paid Search,Desktop,Bronze
C001433,2023-10-23,NV,West,Paid Search,Mobile,Bronze
C001434,2023-11-22,AZ,West,Email,Mobile,Silver
C001435,2025-02-24,OR,West,Referral,Desktop,Silver
C001436,2023-04-17,MD,Northeast,Paid Social,Desktop,Gold
C001437,2025-01-16,NV,West,Paid Search,Desktop,Bronze
C001438,2025-11-07,NC,South,Paid Search,Desktop,Bronze
C001439,2023-04-17,PA,Northeast,Paid Search,Mobile,Bronze
C001440,2023-01-10,PA,Northeast,Organic Search,Mobile,Silver
C001441,2023-03-16,CO,West,Referral,Mobile,Bronze
C001442,2025-06-17,OR,West,Organic Search,Mobile,Bronze
C001443,2025-11-09,CA,West,Paid Search,Mobile,Silver
C001444,2026-05-01,OR,West,Referral,Mobile,Bronze
C001445,2023-02-05,OR,West,Paid Search,Mobile,Silver
C001446,2024-08-16,GA,South,Paid Search,Mobile,Silver
C001447,2023-03-01,NY,Northeast,Affiliate,Mobile,Gold
C001448,2024-04-01,TX,South,Organic Search,Mobile,Bronze
C001449,2024-01-15,OH,Midwest,Referral,Tablet,Bronze
C001450,2025-01-15,OR,West,Organic Search,Tablet,Silver
C001451,2026-01-23,NY,Northeast,Paid Search,Desktop,Bronze
C001452,2025-09-17,MI,Midwest,Email,Mobile,Bronze
C001453,2023-03-20,NJ,Northeast,Paid Search,Desktop,Bronze
C001454,2023-10-23,NY,Northeast,Paid Social,Mobile,Bronze
C001455,2023-12-05,FL,South,Organic Search,Mobile,Bronze
C001456,2023-11-05,WA,West,Paid Social,Desktop,Silver
C001457,2024-03-10,CA,West,Organic Search,Mobile,Gold
C001458,2025-01-17,TN,South,Referral,Desktop,Bronze
C001459,2025-06-29,NY,Northeast,Paid Social,Desktop,Silver
C001460,2026-03-02,NC,South,Paid Social,Mobile,Platinum
C001461,2025-05-15,MN,Midwest,Organic Search,Mobile,Bronze
C001462,2024-01-03,TN,South,Paid Social,Desktop,Silver
C001463,2023-08-15,NV,West,Paid Social,Mobile,Bronze
C001464,2024-04-08,NC,South,Paid Search,Mobile,Gold
C001465,2025-09-11,WI,Midwest,Email,Mobile,Bronze
C001466,2026-05-07,MO,Midwest,Organic Search,Tablet,Bronze
C001467,2024-04-27,FL,South,Organic Search,Mobile,Platinum
C001468,2023-08-05,AZ,West,Email,Tablet,Silver
C001469,2023-01-07,MI,Midwest,Organic Search,Desktop,Bronze
C001470,2023-04-05,CA,West,Organic Search,Mobile,Silver
C001471,2025-02-22,MA,Northeast,Email,Mobile,Gold
C001472,2024-12-26,CO,West,Email,Desktop,Bronze
C001473,2025-03-02,CA,West,Organic Search,Mobile,Bronze
C001474,2023-01-30,TX,South,Organic Search,Mobile,Bronze
C001475,2024-06-21,VA,South,Paid Search,Mobile,Gold
C001476,2023-08-11,NC,South,Paid Social,Desktop,Bronze
C001477,2024-02-19,FL,South,Paid Social,Desktop,Bronze
C001478,2025-02-04,CT,Northeast,Email,Mobile,Bronze
C001479,2023-12-06,GA,South,Referral,Mobile,Bronze
C001480,2025-03-22,FL,South,Affiliate,Mobile,Silver
C001481,2023-12-22,FL,South,Paid Search,Desktop,Bronze
C001482,2024-09-20,NV,West,Organic Search,Mobile,Bronze
C001483,2024-07-19,IL,Midwest,Paid Search,Tablet,Bronze
C001484,2024-04-17,OR,West,Organic Search,Desktop,Bronze
C001485,2023-06-05,OH,Midwest,Paid Search,Mobile,Bronze
C001486,2024-12-10,CA,West,Referral,Desktop,Bronze
C001487,2026-05-03,CT,Northeast,Paid Search,Desktop,Silver
C001488,2025-03-03,TX,South,Organic Search,Desktop,Bronze
C001489,2025-07-07,MD,Northeast,Paid Social,Mobile,Bronze
C001490,2025-09-16,TX,South,Affiliate,Desktop,Silver
C001491,2023-02-17,OR,West,Organic Search,Mobile,Silver
C001492,2025-09-02,NY,Northeast,Referral,Desktop,Silver
C001493,2023-10-26,MI,Midwest,Referral,Mobile,Platinum
C001494,2025-03-29,MN,Midwest,Paid Search,Mobile,Bronze
C001495,2026-04-26,TX,South,Paid Social,Tablet,Bronze
C001496,2026-01-05,MN,Midwest,Paid Search,Mobile,Bronze
C001497,2024-05-25,CT,Northeast,Paid Search,Mobile,Bronze
C001498,2025-10-28,MI,Midwest,Paid Search,Desktop,Platinum
C001499,2025-01-31,TX,South,Organic Search,Mobile,Silver
C001500,2023-06-14,WI,Midwest,Email,Desktop,Silver
C001501,2023-10-23,OH,Midwest,Referral,Desktop,Platinum
C001502,2026-03-23,NY,Northeast,Paid Search,Mobile,Gold
C001503,2026-01-31,GA,South,Paid Social,Mobile,Bronze
C001504,2026-01-02,FL,South,Organic Search,Tablet,Gold
C001505,2024-04-17,NY,Northeast,Organic Search,Desktop,Bronze
C001506,2024-01-31,TN,South,Email,Mobile,Bronze
C001507,2025-09-19,MN,Midwest,Organic Search,Desktop,Silver
C001508,2023-01-25,VA,South,Referral,Mobile,Gold
C001509,2026-01-09,OR,West,Paid Search,Mobile,Silver
C001510,2025-01-13,MI,Midwest,Referral,Desktop,Bronze
C001511,2025-02-17,CO,West,Paid Search,Mobile,Gold
C001512,2024-06-23,CA,West,Paid Search,Mobile,Bronze
C001513,2026-04-20,MI,Midwest,Referral,Mobile,Silver
C001514,2025-07-11,WI,Midwest,Paid Social,Desktop,Bronze
C001515,2023-03-08,NJ,Northeast,Organic Search,Mobile,Bronze
C001516,2024-10-07,VA,South,Referral,Mobile,Bronze
C001517,2025-11-24,WA,West,Paid Search,Mobile,Gold
C001518,2023-04-05,PA,Northeast,Organic Search,Mobile,Platinum
C001519,2025-06-26,CO,West,Paid Search,Tablet,Bronze
C001520,2023-10-29,WA,West,Paid Social,Mobile,Bronze
C001521,2024-09-15,VA,South,Paid Social,Mobile,Bronze
C001522,2025-12-22,TX,South,Referral,Tablet,Silver
C001523,2024-08-29,NJ,Northeast,Paid Social,Mobile,Silver
C001524,2023-02-16,MN,Midwest,Organic Search,Mobile,Silver
C001525,2023-01-26,MN,Midwest,Paid Search,Desktop,Bronze
C001526,2025-06-25,CO,West,Organic Search,Desktop,Bronze
C001527,2026-02-19,VA,South,Email,Mobile,Gold
C001528,2023-12-26,TN,South,Organic Search,Desktop,Silver
C001529,2026-02-25,NV,West,Paid Social,Desktop,Bronze
C001530,2024-07-11,FL,South,Paid Social,Desktop,Bronze
C001531,2023-03-14,TN,South,Referral,Mobile,Bronze
C001532,2024-10-15,NV,West,Organic Search,Desktop,Bronze
C001533,2026-04-13,TX,South,Organic Search,Mobile,Bronze
C001534,2023-11-04,WI,Midwest,Affiliate,Desktop,Silver
C001535,2026-03-28,OR,West,Paid Social,Desktop,Bronze
C001536,2025-03-13,GA,South,Paid Social,Desktop,Bronze
C001537,2024-05-02,MI,Midwest,Referral,Desktop,Silver
C001538,2025-05-03,WI,Midwest,Affiliate,Mobile,Bronze
C001539,2024-05-08,NJ,Northeast,Paid Search,Mobile,Bronze
C001540,2023-04-15,GA,South,Affiliate,Mobile,Gold
C001541,2025-12-07,NY,Northeast,Organic Search,Mobile,Bronze
C001542,2024-04-05,OR,West,Affiliate,Desktop,Silver
C001543,2024-11-27,TX,South,Organic Search,Desktop,Bronze
C001544,2025-07-05,NV,West,Paid Search,Mobile,Bronze
C001545,2023-04-13,VA,South,Organic Search,Mobile,Bronze
C001546,2025-06-07,GA,South,Referral,Desktop,Silver
C001547,2024-03-25,CO,West,Affiliate,Mobile,Bronze
C001548,2024-11-01,MO,Midwest,Paid Search,Mobile,Silver
C001549,2024-07-16,TX,South,Paid Search,Mobile,Bronze
C001550,2025-08-15,NC,South,Paid Search,Mobile,Silver
C001551,2023-08-19,NV,West,Organic Search,Desktop,Bronze
C001552,2023-05-13,GA,South,Referral,Mobile,Bronze
C001553,2024-05-20,TN,South,Organic Search,Mobile,Silver
C001554,2023-05-26,GA,South,Affiliate,Mobile,Bronze
C001555,2023-10-26,CA,West,Affiliate,Mobile,Bronze
C001556,2025-03-20,MN,Midwest,Organic Search,Mobile,Silver
C001557,2025-10-04,NJ,Northeast,Paid Social,Mobile,Silver
C001558,2025-05-03,GA,South,Affiliate,Desktop,Silver
C001559,2024-01-27,MN,Midwest,Referral,Desktop,Bronze
C001560,2025-09-29,CT,Northeast,Email,Mobile,Bronze
C001561,2024-05-14,NJ,Northeast,Organic Search,Mobile,Bronze
C001562,2023-08-11,MI,Midwest,Organic Search,Desktop,Bronze
C001563,2025-07-19,NY,Northeast,Referral,Mobile,Bronze
C001564,2024-09-28,PA,Northeast,Paid Search,Mobile,Bronze
C001565,2024-04-01,MN,Midwest,Email,Mobile,Bronze
C001566,2025-03-24,NC,South,Email,Mobile,Bronze
C001567,2025-06-11,WA,West,Paid Search,Tablet,Bronze
C001568,2023-10-03,CA,West,Organic Search,Mobile,Bronze
C001569,2023-05-25,NC,South,Paid Search,Tablet,Bronze
C001570,2024-09-28,NC,South,Referral,Desktop,Bronze
C001571,2023-03-05,TX,South,Paid Search,Tablet,Silver
C001572,2025-02-24,NC,South,Organic Search,Desktop,Bronze
C001573,2024-06-25,TX,South,Affiliate,Desktop,Bronze
C001574,2023-09-21,PA,Northeast,Email,Mobile,Gold
C001575,2025-01-06,NV,West,Paid Social,Desktop,Bronze
C001576,2024-04-07,AZ,West,Referral,Mobile,Bronze
C001577,2024-04-23,WI,Midwest,Paid Search,Desktop,Silver
C001578,2023-09-24,CT,Northeast,Affiliate,Desktop,Silver
C001579,2025-04-12,NJ,Northeast,Referral,Mobile,Gold
C001580,2026-01-16,MD,Northeast,Paid Search,Mobile,Gold
C001581,2025-01-31,PA,Northeast,Paid Search,Mobile,Silver
C001582,2023-10-19,GA,South,Paid Search,Mobile,Bronze
C001583,2025-10-22,TN,South,Email,Mobile,Bronze
C001584,2023-05-29,WA,West,Email,Mobile,Bronze
C001585,2023-12-23,IL,Midwest,Paid Social,Mobile,Silver
C001586,2023-02-13,CT,Northeast,Affiliate,Mobile,Gold
C001587,2025-11-10,NC,South,Paid Social,Mobile,Bronze
C001588,2023-02-25,NC,South,Referral,Mobile,Gold
C001589,2024-11-03,TX,South,Email,Mobile,Silver
C001590,2023-08-24,NV,West,Paid Social,Mobile,Bronze
C001591,2023-09-19,WA,West,Organic Search,Mobile,Gold
C001592,2025-01-18,NV,West,Email,Tablet,Silver
C001593,2025-09-16,MA,Northeast,Email,Mobile,Bronze
C001594,2023-01-22,TN,South,Organic Search,Mobile,Bronze
C001595,2023-07-15,MD,Northeast,Referral,Mobile,Bronze
C001596,2023-12-19,OH,Midwest,Paid Social,Desktop,Bronze
C001597,2026-03-07,CA,West,Paid Search,Mobile,Silver
C001598,2023-03-13,NV,West,Referral,Mobile,Gold
C001599,2023-08-08,MD,Northeast,Paid Search,Mobile,Silver
C001600,2024-05-11,CA,West,Email,Mobile,Gold
C001601,2024-02-05,PA,Northeast,Paid Social,Mobile,Gold
C001602,2023-03-01,OR,West,Organic Search,Tablet,Bronze
C001603,2024-10-26,OH,Midwest,Paid Search,Tablet,Silver
C001604,2025-01-17,MA,Northeast,Organic Search,Mobile,Silver
C001605,2023-08-06,WA,West,Organic Search,Mobile,Bronze
C001606,2025-04-27,GA,South,Email,Mobile,Bronze
C001607,2023-03-11,MD,Northeast,Organic Search,Tablet,Silver
C001608,2025-06-19,OR,West,Affiliate,Desktop,Platinum
C001609,2023-11-16,TX,South,Paid Search,Mobile,Platinum
C001610,2023-10-04,VA,South,Paid Search,Mobile,Bronze
C001611,2023-08-30,WA,West,Affiliate,Mobile,Silver
C001612,2025-12-05,WI,Midwest,Paid Social,Desktop,Bronze
C001613,2024-09-10,WI,Midwest,Paid Social,Mobile,Gold
C001614,2025-04-29,NC,South,Email,Mobile,Silver
C001615,2023-09-09,NY,Northeast,Referral,Mobile,Gold
C001616,2023-03-11,CO,West,Organic Search,Mobile,Platinum
C001617,2023-02-17,AZ,West,Organic Search,Desktop,Bronze
C001618,2024-06-26,GA,South,Affiliate,Mobile,Platinum
C001619,2024-02-06,MD,Northeast,Organic Search,Mobile,Silver
C001620,2025-08-03,AZ,West,Email,Desktop,Bronze
C001621,2025-08-28,AZ,West,Paid Social,Desktop,Bronze
C001622,2024-01-18,FL,South,Paid Social,Desktop,Silver
C001623,2024-06-17,MA,Northeast,Referral,Desktop,Bronze
C001624,2024-04-14,WA,West,Affiliate,Mobile,Bronze
C001625,2025-04-11,TX,South,Organic Search,Mobile,Silver
C001626,2025-02-14,MI,Midwest,Paid Social,Mobile,Bronze
C001627,2025-03-12,TX,South,Email,Desktop,Bronze
C001628,2023-03-10,CA,West,Paid Search,Desktop,Silver
C001629,2024-02-21,AZ,West,Referral,Mobile,Bronze
C001630,2026-04-05,NC,South,Paid Social,Desktop,Silver
C001631,2024-02-25,GA,South,Organic Search,Desktop,Bronze
C001632,2023-08-03,NJ,Northeast,Referral,Tablet,Gold
C001633,2023-09-03,WI,Midwest,Affiliate,Mobile,Bronze
C001634,2023-02-02,MN,Midwest,Organic Search,Mobile,Gold
C001635,2025-08-19,MA,Northeast,Referral,Desktop,Silver
C001636,2023-01-07,FL,South,Organic Search,Desktop,Gold
C001637,2025-01-03,TX,South,Organic Search,Desktop,Bronze
C001638,2024-05-06,NY,Northeast,Paid Search,Desktop,Bronze
C001639,2023-04-27,CA,West,Referral,Mobile,Bronze
C001640,2025-12-24,MO,Midwest,Organic Search,Desktop,Silver
C001641,2025-07-02,MI,Midwest,Organic Search,Mobile,Silver
C001642,2025-10-06,NV,West,Email,Mobile,Silver
C001643,2026-02-27,VA,South,Paid Search,Mobile,Bronze
C001644,2026-01-27,CO,West,Organic Search,Mobile,Silver
C001645,2025-05-12,WA,West,Organic Search,Mobile,Bronze
C001646,2024-10-19,GA,South,Referral,Desktop,Silver
C001647,2025-05-08,GA,South,Email,Desktop,Silver
C001648,2024-07-06,IL,Midwest,Referral,Mobile,Bronze
C001649,2023-08-12,CT,Northeast,Organic Search,Mobile,Bronze
C001650,2024-04-19,MA,Northeast,Paid Social,Mobile,Bronze
C001651,2024-07-28,OR,West,Referral,Mobile,Silver
C001652,2023-02-27,NC,South,Paid Search,Mobile,Silver
C001653,2025-11-09,AZ,West,Organic Search,Mobile,Bronze
C001654,2026-01-24,CA,West,Paid Search,Desktop,Bronze
C001655,2024-05-31,MA,Northeast,Paid Search,Mobile,Silver
C001656,2024-09-02,VA,South,Organic Search,Desktop,Silver
C001657,2025-11-01,AZ,West,Affiliate,Desktop,Bronze
C001658,2024-07-14,MA,Northeast,Paid Social,Mobile,Bronze
C001659,2025-04-27,TX,South,Paid Social,Mobile,Bronze
C001660,2024-09-26,AZ,West,Organic Search,Mobile,Silver
C001661,2023-11-30,AZ,West,Paid Social,Mobile,Bronze
C001662,2025-09-04,MI,Midwest,Paid Social,Desktop,Silver
C001663,2023-08-26,MN,Midwest,Affiliate,Mobile,Silver
C001664,2023-10-04,NV,West,Paid Search,Mobile,Gold
C001665,2025-05-01,NY,Northeast,Referral,Mobile,Platinum
C001666,2025-05-23,NJ,Northeast,Paid Search,Mobile,Bronze
C001667,2026-03-20,CT,Northeast,Paid Social,Desktop,Silver
C001668,2025-05-24,CO,West,Affiliate,Mobile,Silver
C001669,2023-01-31,WA,West,Email,Desktop,Gold
C001670,2025-11-11,PA,Northeast,Email,Mobile,Bronze
C001671,2024-05-24,VA,South,Referral,Mobile,Bronze
C001672,2023-01-11,IL,Midwest,Affiliate,Mobile,Platinum
C001673,2024-12-13,OH,Midwest,Organic Search,Desktop,Bronze
C001674,2023-07-29,CA,West,Organic Search,Mobile,Platinum
C001675,2024-05-27,OH,Midwest,Paid Social,Desktop,Bronze
C001676,2024-08-02,MA,Northeast,Affiliate,Mobile,Bronze
C001677,2023-04-02,MI,Midwest,Paid Social,Desktop,Gold
C001678,2025-11-13,VA,South,Paid Search,Mobile,Silver
C001679,2024-09-20,MD,Northeast,Paid Social,Desktop,Silver
C001680,2026-04-03,VA,South,Organic Search,Mobile,Bronze
C001681,2024-07-26,WI,Midwest,Organic Search,Mobile,Bronze
C001682,2025-01-02,CT,Northeast,Organic Search,Desktop,Bronze
C001683,2025-09-26,MN,Midwest,Organic Search,Mobile,Silver
C001684,2023-09-19,VA,South,Email,Mobile,Bronze
C001685,2026-01-23,CA,West,Paid Search,Mobile,Bronze
C001686,2023-08-16,AZ,West,Organic Search,Mobile,Bronze
C001687,2026-05-11,TX,South,Paid Social,Mobile,Gold
C001688,2025-02-26,GA,South,Paid Search,Mobile,Gold
C001689,2024-09-30,OH,Midwest,Paid Search,Mobile,Bronze
C001690,2023-09-16,NC,South,Paid Search,Mobile,Platinum
C001691,2024-12-01,WI,Midwest,Organic Search,Desktop,Bronze
C001692,2024-11-11,NY,Northeast,Email,Desktop,Bronze
C001693,2026-04-25,NV,West,Organic Search,Desktop,Bronze
C001694,2025-10-24,OH,Midwest,Organic Search,Mobile,Gold
C001695,2024-08-17,IL,Midwest,Organic Search,Desktop,Bronze
C001696,2024-04-24,GA,South,Paid Search,Mobile,Bronze
C001697,2024-04-21,NV,West,Organic Search,Desktop,Platinum
C001698,2024-04-10,OH,Midwest,Paid Search,Mobile,Silver
C001699,2023-01-17,PA,Northeast,Organic Search,Mobile,Silver
C001700,2023-02-14,MO,Midwest,Organic Search,Desktop,Silver
C001701,2025-07-13,PA,Northeast,Referral,Mobile,Silver
C001702,2023-11-09,MD,Northeast,Paid Search,Desktop,Bronze
C001703,2024-05-21,VA,South,Organic Search,Desktop,Silver
C001704,2025-05-09,MI,Midwest,Paid Social,Mobile,Bronze
C001705,2025-01-17,NC,South,Organic Search,Mobile,Bronze
C001706,2024-03-19,CT,Northeast,Referral,Desktop,Platinum
C001707,2025-07-15,OR,West,Organic Search,Desktop,Bronze
C001708,2023-07-14,GA,South,Paid Social,Desktop,Bronze
C001709,2024-08-04,NJ,Northeast,Affiliate,Mobile,Bronze
C001710,2023-05-11,TX,South,Organic Search,Desktop,Gold
C001711,2024-10-16,IL,Midwest,Organic Search,Mobile,Platinum
C001712,2023-04-28,GA,South,Paid Social,Mobile,Bronze
C001713,2026-03-05,CT,Northeast,Affiliate,Desktop,Bronze
C001714,2025-03-22,NJ,Northeast,Paid Search,Mobile,Silver
C001715,2023-10-30,FL,South,Email,Mobile,Silver
C001716,2025-01-24,OH,Midwest,Organic Search,Mobile,Bronze
C001717,2024-03-06,NC,South,Email,Desktop,Bronze
C001718,2024-09-30,OH,Midwest,Paid Search,Desktop,Silver
C001719,2023-07-25,OH,Midwest,Paid Social,Tablet,Bronze
C001720,2024-09-07,NY,Northeast,Organic Search,Mobile,Silver
C001721,2023-05-12,WA,West,Paid Social,Mobile,Bronze
C001722,2023-07-08,WA,West,Organic Search,Desktop,Gold
C001723,2024-12-19,WI,Midwest,Email,Mobile,Silver
C001724,2024-09-08,VA,South,Referral,Mobile,Silver
C001725,2023-12-28,GA,South,Referral,Mobile,Silver
C001726,2023-03-15,CA,West,Affiliate,Mobile,Bronze
C001727,2024-06-05,TX,South,Paid Social,Desktop,Bronze
C001728,2026-02-13,NJ,Northeast,Email,Mobile,Silver
C001729,2025-05-21,OR,West,Organic Search,Mobile,Silver
C001730,2023-03-13,NC,South,Affiliate,Desktop,Gold
C001731,2026-02-28,NJ,Northeast,Paid Social,Desktop,Bronze
C001732,2024-06-05,OR,West,Paid Search,Mobile,Silver
C001733,2024-12-09,OH,Midwest,Paid Search,Mobile,Bronze
C001734,2023-01-01,NV,West,Referral,Tablet,Bronze
C001735,2024-01-17,CT,Northeast,Referral,Desktop,Bronze
C001736,2025-08-25,IL,Midwest,Referral,Mobile,Gold
C001737,2024-02-12,PA,Northeast,Paid Social,Desktop,Silver
C001738,2023-07-24,NV,West,Paid Search,Tablet,Bronze
C001739,2023-04-22,TN,South,Affiliate,Mobile,Silver
C001740,2026-02-12,MN,Midwest,Email,Mobile,Bronze
C001741,2025-09-27,NV,West,Paid Social,Mobile,Bronze
C001742,2023-02-24,AZ,West,Paid Social,Desktop,Bronze
C001743,2026-02-12,OR,West,Email,Mobile,Bronze
C001744,2025-10-07,MA,Northeast,Email,Mobile,Bronze
C001745,2024-03-19,OH,Midwest,Paid Social,Mobile,Bronze
C001746,2025-03-19,MI,Midwest,Referral,Desktop,Silver
C001747,2023-11-14,IL,Midwest,Referral,Desktop,Gold
C001748,2023-11-04,GA,South,Paid Search,Mobile,Gold
C001749,2025-05-29,TX,South,Organic Search,Mobile,Bronze
C001750,2023-09-07,FL,South,Paid Social,Desktop,Bronze
C001751,2024-03-13,MI,Midwest,Email,Mobile,Bronze
C001752,2024-03-16,NV,West,Paid Social,Desktop,Bronze
C001753,2023-07-04,MD,Northeast,Referral,Mobile,Silver
C001754,2025-10-16,NY,Northeast,Organic Search,Desktop,Bronze
C001755,2025-04-09,VA,South,Paid Search,Mobile,Silver
C001756,2025-11-27,FL,South,Referral,Desktop,Gold
C001757,2024-10-06,AZ,West,Affiliate,Mobile,Bronze
C001758,2023-08-04,CT,Northeast,Paid Search,Mobile,Gold
C001759,2023-12-11,MD,Northeast,Organic Search,Desktop,Bronze
C001760,2024-03-11,NY,Northeast,Paid Search,Mobile,Platinum
C001761,2026-03-05,VA,South,Paid Social,Desktop,Silver
C001762,2023-10-20,CA,West,Paid Social,Mobile,Bronze
C001763,2025-05-03,CO,West,Paid Search,Mobile,Bronze
C001764,2023-05-31,NV,West,Paid Search,Desktop,Bronze
C001765,2026-03-22,OR,West,Email,Mobile,Silver
C001766,2025-03-06,OR,West,Email,Desktop,Bronze
C001767,2024-06-14,NY,Northeast,Email,Mobile,Gold
C001768,2024-03-01,AZ,West,Paid Search,Mobile,Bronze
C001769,2024-03-12,AZ,West,Paid Search,Desktop,Platinum
C001770,2023-10-05,MD,Northeast,Paid Search,Mobile,Bronze
C001771,2025-01-08,WI,Midwest,Affiliate,Mobile,Silver
C001772,2025-12-02,MO,Midwest,Paid Search,Mobile,Silver
C001773,2023-10-24,MO,Midwest,Paid Social,Mobile,Bronze
C001774,2025-07-10,PA,Northeast,Paid Social,Desktop,Bronze
C001775,2024-11-27,WI,Midwest,Referral,Mobile,Silver
C001776,2025-08-10,FL,South,Paid Search,Mobile,Silver
C001777,2025-08-05,WI,Midwest,Paid Search,Mobile,Gold
C001778,2023-02-18,NC,South,Referral,Mobile,Bronze
C001779,2023-01-27,GA,South,Organic Search,Mobile,Gold
C001780,2026-01-31,NC,South,Paid Social,Mobile,Gold
C001781,2023-07-11,WA,West,Paid Search,Desktop,Silver
C001782,2024-12-08,MN,Midwest,Affiliate,Desktop,Bronze
C001783,2025-07-16,OR,West,Email,Mobile,Bronze
C001784,2024-09-12,WA,West,Organic Search,Mobile,Platinum
C001785,2023-01-08,CO,West,Referral,Mobile,Silver
C001786,2023-01-14,NY,Northeast,Email,Mobile,Silver
C001787,2025-04-04,TN,South,Paid Social,Mobile,Gold
C001788,2026-01-10,OH,Midwest,Organic Search,Desktop,Bronze
C001789,2024-02-27,NJ,Northeast,Organic Search,Desktop,Silver
C001790,2024-10-31,CA,West,Email,Mobile,Silver
C001791,2026-02-23,IL,Midwest,Paid Search,Mobile,Gold
C001792,2025-10-12,TX,South,Referral,Desktop,Silver
C001793,2024-10-27,AZ,West,Paid Search,Desktop,Bronze
C001794,2025-03-17,MO,Midwest,Email,Mobile,Bronze
C001795,2026-03-29,MA,Northeast,Organic Search,Desktop,Gold
C001796,2025-09-07,TX,South,Email,Mobile,Silver
C001797,2024-05-26,VA,South,Organic Search,Desktop,Bronze
C001798,2025-05-02,NC,South,Paid Search,Mobile,Platinum
C001799,2024-02-09,NC,South,Organic Search,Mobile,Bronze
C001800,2026-02-07,MO,Midwest,Paid Social,Mobile,Bronze
C001801,2023-04-26,MI,Midwest,Paid Search,Mobile,Platinum
C001802,2023-10-05,MI,Midwest,Referral,Mobile,Silver
C001803,2024-03-01,AZ,West,Organic Search,Desktop,Gold
C001804,2023-09-06,MN,Midwest,Paid Social,Desktop,Gold
C001805,2025-01-02,WI,Midwest,Paid Social,Mobile,Silver
C001806,2025-05-27,WI,Midwest,Organic Search,Desktop,Bronze
C001807,2026-01-01,CO,West,Organic Search,Mobile,Gold
C001808,2024-09-09,FL,South,Paid Search,Desktop,Bronze
C001809,2025-02-03,TX,South,Paid Social,Mobile,Silver
C001810,2025-01-07,OR,West,Affiliate,Mobile,Silver
C001811,2023-01-05,NV,West,Organic Search,Mobile,Bronze
C001812,2025-05-22,TN,South,Email,Tablet,Bronze
C001813,2023-01-29,OH,Midwest,Email,Desktop,Silver
C001814,2024-11-04,AZ,West,Email,Mobile,Silver
C001815,2026-05-15,CT,Northeast,Paid Social,Desktop,Bronze
C001816,2025-08-27,TN,South,Affiliate,Mobile,Bronze
C001817,2024-09-15,WI,Midwest,Paid Social,Mobile,Bronze
C001818,2024-01-28,VA,South,Referral,Mobile,Silver
C001819,2025-10-27,NC,South,Paid Search,Desktop,Bronze
C001820,2025-11-23,MI,Midwest,Referral,Tablet,Silver
C001821,2024-03-29,PA,Northeast,Affiliate,Desktop,Silver
C001822,2023-05-13,TN,South,Affiliate,Mobile,Bronze
C001823,2024-12-17,FL,South,Paid Search,Mobile,Silver
C001824,2025-02-19,MN,Midwest,Referral,Desktop,Gold
C001825,2026-02-23,MN,Midwest,Organic Search,Mobile,Bronze
C001826,2025-12-31,NV,West,Email,Mobile,Bronze
C001827,2023-10-09,GA,South,Paid Search,Tablet,Bronze
C001828,2023-11-08,TN,South,Email,Mobile,Silver
C001829,2026-05-12,NY,Northeast,Paid Search,Mobile,Gold
C001830,2024-02-07,TN,South,Organic Search,Desktop,Silver
C001831,2024-07-18,TN,South,Organic Search,Desktop,Platinum
C001832,2024-01-11,MD,Northeast,Organic Search,Desktop,Silver
C001833,2024-04-29,VA,South,Paid Search,Desktop,Bronze
C001834,2024-11-25,OR,West,Referral,Mobile,Bronze
C001835,2023-12-27,CA,West,Email,Desktop,Silver
C001836,2024-05-23,NV,West,Referral,Desktop,Silver
C001837,2024-03-10,CA,West,Referral,Desktop,Silver
C001838,2023-05-13,FL,South,Paid Search,Mobile,Silver
C001839,2025-08-26,WI,Midwest,Paid Social,Mobile,Bronze
C001840,2026-01-02,MN,Midwest,Paid Social,Mobile,Bronze
C001841,2024-08-28,NV,West,Organic Search,Mobile,Silver
C001842,2023-09-09,TN,South,Paid Social,Tablet,Silver
C001843,2025-03-02,CA,West,Email,Tablet,Gold
C001844,2024-10-19,CT,Northeast,Paid Social,Mobile,Bronze
C001845,2024-11-09,NV,West,Referral,Tablet,Gold
C001846,2025-01-02,MI,Midwest,Organic Search,Mobile,Bronze
C001847,2025-06-02,GA,South,Referral,Desktop,Bronze
C001848,2023-02-20,MN,Midwest,Organic Search,Desktop,Silver
C001849,2023-05-03,NC,South,Referral,Desktop,Platinum
C001850,2023-04-28,MI,Midwest,Organic Search,Desktop,Gold
C001851,2023-07-10,WA,West,Paid Social,Desktop,Bronze
C001852,2026-04-11,NJ,Northeast,Paid Social,Desktop,Bronze
C001853,2025-06-17,GA,South,Paid Search,Mobile,Silver
C001854,2025-03-29,OH,Midwest,Paid Search,Desktop,Silver
C001855,2025-05-10,MA,Northeast,Organic Search,Mobile,Bronze
C001856,2023-02-11,MD,Northeast,Paid Social,Mobile,Bronze
C001857,2023-09-20,CA,West,Affiliate,Desktop,Bronze
C001858,2025-09-04,FL,South,Paid Search,Desktop,Bronze
C001859,2024-07-23,CA,West,Paid Social,Desktop,Bronze
C001860,2024-09-18,CO,West,Referral,Mobile,Silver
C001861,2025-07-12,WI,Midwest,Paid Social,Mobile,Bronze
C001862,2023-04-03,NJ,Northeast,Referral,Mobile,Silver
C001863,2025-09-10,PA,Northeast,Paid Search,Desktop,Silver
C001864,2025-04-18,TN,South,Paid Search,Tablet,Bronze
C001865,2024-05-11,MO,Midwest,Organic Search,Desktop,Bronze
C001866,2024-09-06,MA,Northeast,Organic Search,Mobile,Gold
C001867,2023-04-02,NJ,Northeast,Paid Social,Desktop,Silver
C001868,2023-09-10,AZ,West,Referral,Mobile,Gold
C001869,2023-10-31,TN,South,Organic Search,Desktop,Bronze
C001870,2025-12-16,MA,Northeast,Affiliate,Mobile,Silver
C001871,2023-05-19,TX,South,Paid Search,Mobile,Gold
C001872,2023-12-25,TN,South,Paid Search,Mobile,Bronze
C001873,2023-06-12,NY,Northeast,Referral,Desktop,Bronze
C001874,2023-12-17,MD,Northeast,Referral,Mobile,Gold
C001875,2023-01-14,MD,Northeast,Paid Social,Mobile,Bronze
C001876,2023-12-02,MN,Midwest,Paid Search,Desktop,Bronze
C001877,2025-06-09,NV,West,Organic Search,Tablet,Platinum
C001878,2025-08-02,TX,South,Paid Search,Desktop,Bronze
C001879,2024-04-12,VA,South,Referral,Mobile,Silver
C001880,2025-05-19,FL,South,Paid Search,Desktop,Silver
C001881,2025-01-31,FL,South,Email,Mobile,Silver
C001882,2026-01-16,WI,Midwest,Organic Search,Mobile,Bronze
C001883,2025-09-17,VA,South,Paid Social,Mobile,Bronze
C001884,2023-10-10,MI,Midwest,Paid Search,Mobile,Gold
C001885,2024-12-25,NC,South,Paid Social,Mobile,Silver
C001886,2025-08-26,NC,South,Paid Social,Mobile,Bronze
C001887,2024-01-12,WA,West,Affiliate,Mobile,Bronze
C001888,2024-12-06,NV,West,Referral,Desktop,Bronze
C001889,2024-05-07,MD,Northeast,Email,Mobile,Bronze
C001890,2024-01-15,GA,South,Organic Search,Mobile,Gold
C001891,2023-09-03,AZ,West,Affiliate,Mobile,Gold
C001892,2023-02-13,WI,Midwest,Referral,Desktop,Bronze
C001893,2025-07-12,VA,South,Referral,Desktop,Gold
C001894,2025-10-05,AZ,West,Paid Social,Mobile,Silver
C001895,2025-03-13,VA,South,Organic Search,Desktop,Silver
C001896,2023-10-24,AZ,West,Referral,Desktop,Platinum
C001897,2023-01-24,MO,Midwest,Paid Search,Desktop,Bronze
C001898,2025-02-16,TN,South,Paid Search,Mobile,Gold
C001899,2023-09-04,CO,West,Paid Search,Mobile,Bronze
C001900,2024-11-06,CO,West,Paid Social,Mobile,Bronze
C001901,2026-04-09,MO,Midwest,Paid Search,Mobile,Silver
C001902,2023-01-06,NV,West,Email,Mobile,Bronze
C001903,2024-12-11,CT,Northeast,Email,Tablet,Silver
C001904,2026-05-09,CO,West,Paid Social,Mobile,Bronze
C001905,2024-02-16,MI,Midwest,Organic Search,Mobile,Bronze
C001906,2025-09-29,TX,South,Affiliate,Tablet,Silver
C001907,2025-10-16,VA,South,Paid Search,Desktop,Bronze
C001908,2024-08-21,NV,West,Paid Search,Mobile,Bronze
C001909,2024-01-13,PA,Northeast,Paid Social,Tablet,Bronze
C001910,2025-04-17,CT,Northeast,Paid Search,Mobile,Gold
C001911,2025-02-01,CA,West,Email,Mobile,Silver
C001912,2024-08-09,OR,West,Organic Search,Mobile,Silver
C001913,2023-08-26,NJ,Northeast,Referral,Mobile,Silver
C001914,2025-07-05,FL,South,Organic Search,Desktop,Silver
C001915,2023-09-18,CO,West,Affiliate,Mobile,Bronze
C001916,2023-06-15,NV,West,Email,Desktop,Bronze
C001917,2023-03-24,IL,Midwest,Organic Search,Mobile,Silver
C001918,2024-07-03,MI,Midwest,Paid Social,Desktop,Bronze
C001919,2023-05-28,OH,Midwest,Paid Search,Mobile,Gold
C001920,2024-02-18,MD,Northeast,Affiliate,Desktop,Bronze
C001921,2023-10-25,FL,South,Referral,Mobile,Silver
C001922,2024-07-19,GA,South,Paid Social,Desktop,Bronze
C001923,2025-08-15,GA,South,Paid Search,Desktop,Silver
C001924,2024-07-08,FL,South,Affiliate,Mobile,Gold
C001925,2024-11-16,AZ,West,Email,Mobile,Bronze
C001926,2023-06-26,NV,West,Paid Social,Desktop,Bronze
C001927,2023-05-20,GA,South,Paid Search,Desktop,Silver
C001928,2026-04-17,MI,Midwest,Paid Search,Mobile,Bronze
C001929,2025-02-02,AZ,West,Email,Desktop,Bronze
C001930,2023-01-20,TX,South,Paid Social,Tablet,Silver
C001931,2024-11-26,MO,Midwest,Referral,Tablet,Bronze
C001932,2023-01-13,MN,Midwest,Paid Social,Mobile,Bronze
C001933,2023-04-06,OH,Midwest,Paid Social,Mobile,Bronze
C001934,2024-04-04,MA,Northeast,Paid Social,Mobile,Bronze
C001935,2025-03-19,MO,Midwest,Referral,Desktop,Gold
C001936,2025-02-02,WA,West,Paid Search,Tablet,Bronze
C001937,2025-08-31,NC,South,Referral,Mobile,Bronze
C001938,2023-08-10,MN,Midwest,Paid Search,Mobile,Silver
C001939,2023-08-24,AZ,West,Email,Mobile,Gold
C001940,2024-10-18,NV,West,Referral,Mobile,Bronze
C001941,2025-12-05,AZ,West,Referral,Tablet,Silver
C001942,2025-06-08,TN,South,Paid Search,Desktop,Silver
C001943,2025-04-03,VA,South,Email,Mobile,Bronze
C001944,2023-04-26,OR,West,Organic Search,Mobile,Bronze
C001945,2025-12-16,CT,Northeast,Organic Search,Mobile,Silver
C001946,2026-04-26,NJ,Northeast,Referral,Desktop,Bronze
C001947,2024-12-17,CO,West,Referral,Desktop,Bronze
C001948,2024-02-19,MD,Northeast,Organic Search,Mobile,Silver
C001949,2025-03-26,WA,West,Affiliate,Mobile,Bronze
C001950,2025-03-01,MA,Northeast,Paid Search,Desktop,Bronze
C001951,2026-02-17,CT,Northeast,Affiliate,Desktop,Bronze
C001952,2023-05-17,CA,West,Referral,Mobile,Gold
C001953,2024-09-26,WI,Midwest,Affiliate,Mobile,Silver
C001954,2025-05-23,CT,Northeast,Referral,Tablet,Bronze
C001955,2024-03-05,MD,Northeast,Affiliate,Desktop,Bronze
C001956,2025-10-31,NJ,Northeast,Email,Tablet,Platinum
C001957,2023-03-21,TN,South,Organic Search,Mobile,Silver
C001958,2023-05-10,AZ,West,Paid Search,Mobile,Silver
C001959,2025-08-31,NY,Northeast,Referral,Mobile,Bronze
C001960,2023-06-04,WI,Midwest,Organic Search,Desktop,Bronze
C001961,2024-05-30,MN,Midwest,Affiliate,Desktop,Bronze
C001962,2023-12-12,VA,South,Organic Search,Mobile,Gold
C001963,2025-04-27,TX,South,Referral,Tablet,Gold
C001964,2023-01-15,CO,West,Paid Social,Tablet,Bronze
C001965,2024-03-15,MN,Midwest,Referral,Mobile,Silver
C001966,2026-04-28,WA,West,Affiliate,Desktop,Gold
C001967,2024-03-30,MI,Midwest,Paid Search,Desktop,Gold
C001968,2025-01-06,CT,Northeast,Email,Mobile,Bronze
C001969,2026-05-01,VA,South,Organic Search,Desktop,Bronze
C001970,2025-01-17,FL,South,Referral,Mobile,Gold
C001971,2025-07-18,VA,South,Referral,Desktop,Bronze
C001972,2026-03-26,MA,Northeast,Paid Search,Desktop,Bronze
C001973,2025-01-29,OH,Midwest,Organic Search,Desktop,Bronze
C001974,2025-10-21,NC,South,Paid Search,Desktop,Silver
C001975,2024-09-17,AZ,West,Organic Search,Mobile,Bronze
C001976,2025-09-29,CA,West,Referral,Mobile,Silver
C001977,2025-03-01,TX,South,Paid Search,Desktop,Gold
C001978,2024-02-22,NY,Northeast,Affiliate,Mobile,Bronze
C001979,2024-11-18,MN,Midwest,Affiliate,Desktop,Platinum
C001980,2024-02-17,CA,West,Affiliate,Mobile,Gold
C001981,2024-05-03,MD,Northeast,Paid Social,Mobile,Silver
C001982,2023-12-26,TX,South,Paid Search,Mobile,Silver
C001983,2024-08-27,NY,Northeast,Referral,Desktop,Gold
C001984,2024-03-02,WA,West,Email,Mobile,Silver
C001985,2025-02-09,WI,Midwest,Affiliate,Desktop,Bronze
C001986,2024-03-30,MD,Northeast,Paid Search,Mobile,Gold
C001987,2024-08-27,WA,West,Organic Search,Desktop,Bronze
C001988,2023-06-22,MN,Midwest,Affiliate,Desktop,Gold
C001989,2024-04-20,CT,Northeast,Referral,Mobile,Bronze
C001990,2024-03-14,AZ,West,Organic Search,Mobile,Bronze
C001991,2026-03-29,CA,West,Email,Mobile,Silver
C001992,2024-07-03,MO,Midwest,Organic Search,Mobile,Silver
C001993,2023-01-27,VA,South,Paid Social,Desktop,Bronze
C001994,2024-01-16,AZ,West,Paid Search,Mobile,Gold
C001995,2025-06-16,NC,South,Paid Search,Desktop,Bronze
C001996,2023-07-23,MI,Midwest,Organic Search,Desktop,Bronze
C001997,2023-07-20,VA,South,Paid Search,Mobile,Silver
C001998,2024-04-04,VA,South,Paid Social,Desktop,Bronze
C001999,2024-03-15,MA,Northeast,Organic Search,Desktop,Bronze
C002000,2024-08-14,TN,South,Paid Social,Mobile,Bronze
C002001,2023-02-12,PA,Northeast,Paid Social,Desktop,Bronze
C002002,2025-06-06,TN,South,Email,Tablet,Platinum
C002003,2023-09-21,NY,Northeast,Email,Mobile,Bronze
C002004,2025-05-25,MO,Midwest,Organic Search,Mobile,Silver
C002005,2024-11-25,NV,West,Organic Search,Mobile,Silver
C002006,2023-09-07,MA,Northeast,Referral,Mobile,Bronze
C002007,2024-07-31,FL,South,Referral,Desktop,Gold
C002008,2023-02-15,NV,West,Affiliate,Mobile,Bronze
C002009,2025-05-13,CA,West,Affiliate,Desktop,Bronze
C002010,2024-01-09,MO,Midwest,Email,Mobile,Silver
C002011,2024-04-17,AZ,West,Referral,Mobile,Silver
C002012,2023-07-13,GA,South,Paid Search,Desktop,Bronze
C002013,2024-03-25,CO,West,Referral,Mobile,Gold
C002014,2024-05-02,TN,South,Affiliate,Mobile,Platinum
C002015,2023-10-04,TX,South,Referral,Mobile,Bronze
C002016,2026-04-20,TX,South,Paid Search,Mobile,Silver
C002017,2023-12-11,FL,South,Paid Search,Mobile,Bronze
C002018,2023-08-11,CA,West,Paid Search,Mobile,Bronze
C002019,2024-11-05,MN,Midwest,Paid Search,Desktop,Bronze
C002020,2024-01-28,NC,South,Referral,Desktop,Bronze
C002021,2024-07-12,MN,Midwest,Email,Desktop,Silver
C002022,2025-06-11,CA,West,Organic Search,Desktop,Bronze
C002023,2023-04-07,CO,West,Email,Mobile,Bronze
C002024,2024-09-18,CO,West,Paid Search,Mobile,Bronze
C002025,2023-01-27,NC,South,Paid Social,Desktop,Bronze
C002026,2023-02-24,TX,South,Paid Search,Mobile,Silver
C002027,2023-04-24,PA,Northeast,Paid Social,Mobile,Silver
C002028,2023-07-19,TN,South,Email,Mobile,Bronze
C002029,2024-03-06,TN,South,Email,Desktop,Bronze
C002030,2026-02-25,OH,Midwest,Referral,Mobile,Bronze
C002031,2026-01-20,AZ,West,Paid Search,Mobile,Silver
C002032,2023-05-07,VA,South,Email,Mobile,Bronze
C002033,2026-05-05,NC,South,Organic Search,Desktop,Silver
C002034,2025-02-20,GA,South,Paid Social,Mobile,Silver
C002035,2024-11-12,NV,West,Paid Social,Desktop,Bronze
C002036,2025-09-02,IL,Midwest,Email,Mobile,Bronze
C002037,2024-08-19,MA,Northeast,Affiliate,Mobile,Bronze
C002038,2023-11-23,CA,West,Paid Search,Mobile,Bronze
C002039,2024-10-14,IL,Midwest,Referral,Mobile,Bronze
C002040,2025-06-11,MN,Midwest,Paid Search,Mobile,Gold
C002041,2025-04-20,NC,South,Paid Social,Desktop,Bronze
C002042,2023-07-29,MO,Midwest,Referral,Mobile,Bronze
C002043,2026-02-28,MN,Midwest,Email,Tablet,Gold
C002044,2023-12-17,MD,Northeast,Referral,Mobile,Gold
C002045,2025-10-06,CT,Northeast,Referral,Mobile,Bronze
C002046,2024-01-19,OR,West,Paid Search,Mobile,Silver
C002047,2023-03-20,VA,South,Affiliate,Desktop,Bronze
C002048,2026-05-11,GA,South,Affiliate,Mobile,Silver
C002049,2024-12-25,NV,West,Paid Search,Mobile,Silver
C002050,2023-09-22,TX,South,Organic Search,Desktop,Bronze
C002051,2023-01-01,NJ,Northeast,Paid Search,Mobile,Bronze
C002052,2023-06-09,NV,West,Referral,Desktop,Bronze
C002053,2023-07-29,FL,South,Affiliate,Desktop,Silver
C002054,2026-02-13,MA,Northeast,Referral,Mobile,Bronze
C002055,2023-08-06,TX,South,Paid Search,Desktop,Bronze
C002056,2023-07-19,FL,South,Organic Search,Mobile,Bronze
C002057,2025-10-28,MA,Northeast,Paid Social,Desktop,Silver
C002058,2025-12-18,NC,South,Paid Search,Tablet,Bronze
C002059,2023-09-15,CO,West,Organic Search,Desktop,Gold
C002060,2025-03-11,CO,West,Organic Search,Tablet,Bronze
C002061,2024-10-19,CT,Northeast,Organic Search,Desktop,Bronze
C002062,2024-12-11,CA,West,Organic Search,Mobile,Bronze
C002063,2024-01-19,NC,South,Referral,Mobile,Bronze
C002064,2025-07-13,WA,West,Paid Search,Mobile,Bronze
C002065,2025-12-20,FL,South,Paid Search,Mobile,Bronze
C002066,2025-06-12,NJ,Northeast,Paid Social,Desktop,Bronze
C002067,2026-01-16,GA,South,Affiliate,Mobile,Bronze
C002068,2023-05-17,NY,Northeast,Referral,Desktop,Gold
C002069,2025-03-19,NV,West,Email,Mobile,Bronze
C002070,2026-05-15,TX,South,Referral,Mobile,Gold
C002071,2024-10-21,MA,Northeast,Email,Mobile,Gold
C002072,2026-03-05,NC,South,Email,Tablet,Silver
C002073,2024-03-04,FL,South,Paid Social,Mobile,Bronze
C002074,2026-01-08,NY,Northeast,Paid Social,Mobile,Silver
C002075,2026-03-01,TN,South,Paid Social,Mobile,Gold
C002076,2025-02-05,TN,South,Paid Search,Tablet,Bronze
C002077,2025-05-17,NJ,Northeast,Paid Search,Mobile,Bronze
C002078,2024-10-05,CO,West,Paid Search,Desktop,Bronze
C002079,2024-01-26,FL,South,Paid Search,Mobile,Bronze
C002080,2024-10-22,CO,West,Paid Social,Mobile,Bronze
C002081,2026-03-30,TX,South,Paid Social,Desktop,Bronze
C002082,2023-01-19,NV,West,Organic Search,Desktop,Silver
C002083,2023-09-10,IL,Midwest,Paid Search,Desktop,Bronze
C002084,2024-09-06,WA,West,Paid Search,Mobile,Bronze
C002085,2024-02-22,MI,Midwest,Email,Tablet,Gold
C002086,2025-02-06,CA,West,Paid Search,Mobile,Bronze
C002087,2024-03-19,GA,South,Organic Search,Tablet,Bronze
C002088,2025-03-21,FL,South,Organic Search,Mobile,Bronze
C002089,2023-05-11,IL,Midwest,Paid Social,Mobile,Bronze
C002090,2024-02-13,VA,South,Organic Search,Mobile,Silver
C002091,2025-05-02,VA,South,Paid Social,Desktop,Bronze
C002092,2024-08-03,MD,Northeast,Paid Social,Desktop,Gold
C002093,2025-05-28,TX,South,Affiliate,Mobile,Gold
C002094,2025-02-22,OR,West,Email,Mobile,Bronze
C002095,2024-02-09,NJ,Northeast,Organic Search,Mobile,Silver
C002096,2024-06-11,FL,South,Paid Search,Mobile,Silver
C002097,2026-04-02,OR,West,Referral,Desktop,Gold
C002098,2026-03-30,NC,South,Paid Search,Mobile,Bronze
C002099,2023-02-13,OR,West,Affiliate,Mobile,Silver
C002100,2025-05-18,WA,West,Paid Social,Mobile,Bronze
C002101,2024-08-27,MO,Midwest,Organic Search,Mobile,Bronze
C002102,2023-01-02,CO,West,Organic Search,Tablet,Gold
C002103,2025-02-19,NJ,Northeast,Affiliate,Mobile,Bronze
C002104,2023-01-29,NJ,Northeast,Affiliate,Desktop,Bronze
C002105,2024-01-28,MN,Midwest,Referral,Desktop,Bronze
C002106,2025-04-29,MI,Midwest,Paid Search,Mobile,Gold
C002107,2025-09-27,MO,Midwest,Referral,Mobile,Bronze
C002108,2024-05-22,PA,Northeast,Organic Search,Desktop,Bronze
C002109,2025-09-22,TX,South,Paid Search,Desktop,Silver
C002110,2025-10-30,CA,West,Email,Mobile,Bronze
C002111,2024-07-04,TX,South,Affiliate,Desktop,Bronze
C002112,2023-08-01,GA,South,Paid Search,Mobile,Silver
C002113,2025-03-22,WA,West,Paid Social,Mobile,Gold
C002114,2023-01-18,MO,Midwest,Organic Search,Mobile,Silver
C002115,2026-01-04,CO,West,Paid Search,Desktop,Bronze
C002116,2024-04-22,NY,Northeast,Organic Search,Mobile,Bronze
C002117,2025-07-24,CO,West,Referral,Mobile,Silver
C002118,2025-06-25,NV,West,Organic Search,Mobile,Bronze
C002119,2024-08-05,WA,West,Email,Mobile,Silver
C002120,2026-04-11,OR,West,Paid Search,Mobile,Bronze
C002121,2025-09-07,GA,South,Paid Social,Desktop,Gold
C002122,2025-12-23,WA,West,Paid Search,Mobile,Bronze
C002123,2023-04-26,VA,South,Paid Search,Tablet,Gold
C002124,2024-08-18,CA,West,Paid Social,Desktop,Bronze
C002125,2026-03-17,TX,South,Email,Desktop,Silver
C002126,2025-09-27,FL,South,Affiliate,Tablet,Bronze
C002127,2024-07-13,TX,South,Paid Search,Mobile,Silver
C002128,2023-03-28,TX,South,Paid Social,Mobile,Bronze
C002129,2023-12-14,OR,West,Affiliate,Mobile,Bronze
C002130,2024-12-05,OR,West,Paid Search,Mobile,Bronze
C002131,2025-03-01,CA,West,Referral,Mobile,Bronze
C002132,2026-02-11,WI,Midwest,Affiliate,Desktop,Gold
C002133,2023-04-25,MD,Northeast,Referral,Desktop,Silver
C002134,2024-05-02,CT,Northeast,Paid Social,Mobile,Silver
C002135,2023-12-01,NC,South,Email,Desktop,Bronze
C002136,2026-03-27,VA,South,Paid Social,Mobile,Bronze
C002137,2023-07-24,GA,South,Paid Social,Mobile,Bronze
C002138,2023-09-29,MI,Midwest,Affiliate,Mobile,Bronze
C002139,2024-01-02,IL,Midwest,Paid Search,Mobile,Silver
C002140,2023-05-11,CT,Northeast,Referral,Mobile,Gold
C002141,2025-03-03,NY,Northeast,Paid Social,Mobile,Bronze
C002142,2024-10-07,NC,South,Organic Search,Mobile,Bronze
C002143,2024-11-17,WI,Midwest,Email,Mobile,Bronze
C002144,2026-01-21,NJ,Northeast,Referral,Desktop,Bronze
C002145,2024-06-17,NC,South,Paid Social,Mobile,Bronze
C002146,2024-01-19,NJ,Northeast,Referral,Desktop,Bronze
C002147,2024-04-07,OR,West,Paid Search,Desktop,Bronze
C002148,2025-09-11,MA,Northeast,Affiliate,Mobile,Bronze
C002149,2024-10-12,OH,Midwest,Email,Mobile,Silver
C002150,2023-07-28,AZ,West,Referral,Desktop,Platinum
C002151,2025-04-29,MI,Midwest,Paid Search,Mobile,Bronze
C002152,2025-07-06,OR,West,Paid Search,Mobile,Bronze
C002153,2023-11-04,WI,Midwest,Affiliate,Desktop,Bronze
C002154,2024-11-16,OH,Midwest,Organic Search,Desktop,Silver
C002155,2024-11-24,MI,Midwest,Paid Search,Desktop,Bronze
C002156,2023-08-04,MD,Northeast,Referral,Desktop,Silver
C002157,2023-01-12,OR,West,Referral,Mobile,Silver
C002158,2025-06-02,TX,South,Referral,Desktop,Gold
C002159,2025-01-27,FL,South,Email,Mobile,Bronze
C002160,2025-05-28,CO,West,Affiliate,Desktop,Bronze
C002161,2024-04-09,TN,South,Paid Social,Mobile,Bronze
C002162,2024-09-26,AZ,West,Email,Mobile,Bronze
C002163,2026-04-23,FL,South,Referral,Mobile,Bronze
C002164,2023-10-05,VA,South,Email,Desktop,Gold
C002165,2025-03-14,PA,Northeast,Organic Search,Mobile,Silver
C002166,2023-06-12,TN,South,Paid Search,Desktop,Gold
C002167,2023-03-22,MD,Northeast,Paid Social,Mobile,Gold
C002168,2026-03-24,FL,South,Referral,Mobile,Bronze
C002169,2023-06-09,VA,South,Paid Social,Mobile,Gold
C002170,2025-03-18,NC,South,Referral,Mobile,Silver
C002171,2024-09-24,TN,South,Referral,Desktop,Bronze
C002172,2025-09-23,AZ,West,Paid Search,Tablet,Silver
C002173,2024-11-03,FL,South,Paid Social,Desktop,Gold
C002174,2025-05-07,AZ,West,Paid Social,Mobile,Silver
C002175,2026-01-05,FL,South,Organic Search,Mobile,Silver
C002176,2025-10-18,FL,South,Paid Social,Desktop,Bronze
C002177,2025-06-07,TX,South,Paid Social,Desktop,Gold
C002178,2023-07-20,NJ,Northeast,Referral,Desktop,Bronze
C002179,2023-07-28,CO,West,Paid Social,Mobile,Silver
C002180,2024-09-03,NJ,Northeast,Organic Search,Desktop,Silver
C002181,2025-03-22,MI,Midwest,Paid Social,Mobile,Bronze
C002182,2025-04-01,PA,Northeast,Referral,Desktop,Bronze
C002183,2025-08-26,CT,Northeast,Paid Social,Desktop,Silver
C002184,2023-05-08,NV,West,Paid Search,Desktop,Bronze
C002185,2023-08-02,NC,South,Affiliate,Mobile,Bronze
C002186,2023-07-04,CO,West,Organic Search,Desktop,Bronze
C002187,2024-10-28,PA,Northeast,Paid Search,Mobile,Silver
C002188,2025-02-19,WI,Midwest,Paid Search,Mobile,Bronze
C002189,2023-05-23,CO,West,Email,Desktop,Bronze
C002190,2025-12-05,CT,Northeast,Referral,Mobile,Gold
C002191,2024-01-09,CA,West,Organic Search,Mobile,Bronze
C002192,2025-03-23,FL,South,Referral,Desktop,Gold
C002193,2025-07-14,MN,Midwest,Email,Desktop,Bronze
C002194,2023-02-14,OR,West,Referral,Mobile,Bronze
C002195,2025-11-30,OH,Midwest,Affiliate,Mobile,Silver
C002196,2026-04-09,PA,Northeast,Referral,Desktop,Bronze
C002197,2026-03-26,CA,West,Organic Search,Mobile,Platinum
C002198,2023-06-21,FL,South,Paid Search,Mobile,Bronze
C002199,2024-04-28,AZ,West,Affiliate,Mobile,Gold
C002200,2023-10-14,IL,Midwest,Paid Social,Desktop,Bronze
C002201,2024-07-08,CO,West,Paid Social,Mobile,Gold
C002202,2026-04-15,PA,Northeast,Affiliate,Mobile,Bronze
C002203,2025-07-28,CT,Northeast,Referral,Desktop,Silver
C002204,2025-08-07,WA,West,Email,Desktop,Bronze
C002205,2024-06-03,TN,South,Referral,Desktop,Silver
C002206,2026-02-26,MN,Midwest,Organic Search,Desktop,Bronze
C002207,2026-02-06,MO,Midwest,Referral,Tablet,Bronze
C002208,2025-09-19,TX,South,Affiliate,Mobile,Silver
C002209,2025-09-29,AZ,West,Organic Search,Mobile,Bronze
C002210,2025-03-13,WA,West,Organic Search,Desktop,Silver
C002211,2023-04-28,PA,Northeast,Referral,Desktop,Silver
C002212,2023-12-17,TX,South,Paid Social,Desktop,Bronze
C002213,2025-08-04,MD,Northeast,Organic Search,Mobile,Silver
C002214,2024-02-07,NC,South,Paid Search,Desktop,Bronze
C002215,2023-08-01,MD,Northeast,Paid Search,Desktop,Silver
C002216,2026-03-12,NV,West,Paid Search,Mobile,Bronze
C002217,2024-08-24,CA,West,Referral,Tablet,Bronze
C002218,2025-11-25,PA,Northeast,Email,Desktop,Gold
C002219,2023-12-16,PA,Northeast,Email,Desktop,Gold
C002220,2024-03-18,TX,South,Organic Search,Tablet,Gold
C002221,2024-02-27,VA,South,Paid Search,Mobile,Silver
C002222,2024-04-04,VA,South,Paid Search,Desktop,Bronze
C002223,2024-06-22,NC,South,Referral,Mobile,Bronze
C002224,2024-01-02,NV,West,Affiliate,Desktop,Bronze
C002225,2025-09-29,CT,Northeast,Paid Search,Desktop,Silver
C002226,2024-02-06,AZ,West,Affiliate,Desktop,Bronze
C002227,2024-06-27,IL,Midwest,Organic Search,Desktop,Platinum
C002228,2025-11-25,NV,West,Paid Search,Desktop,Bronze
C002229,2024-06-22,AZ,West,Referral,Mobile,Bronze
C002230,2023-01-13,WI,Midwest,Paid Search,Mobile,Gold
C002231,2023-01-01,NC,South,Affiliate,Mobile,Bronze
C002232,2024-06-20,MO,Midwest,Organic Search,Desktop,Bronze
C002233,2025-03-09,NV,West,Referral,Desktop,Silver
C002234,2026-03-06,PA,Northeast,Organic Search,Desktop,Platinum
C002235,2023-06-11,MI,Midwest,Organic Search,Mobile,Bronze
C002236,2024-10-29,CT,Northeast,Paid Search,Desktop,Bronze
C002237,2023-12-22,CO,West,Affiliate,Mobile,Bronze
C002238,2024-07-08,FL,South,Paid Social,Tablet,Silver
C002239,2024-06-28,FL,South,Email,Desktop,Bronze
C002240,2024-01-20,NC,South,Organic Search,Mobile,Silver
C002241,2023-01-23,TN,South,Organic Search,Desktop,Bronze
C002242,2023-04-01,OR,West,Organic Search,Mobile,Gold
C002243,2024-10-05,NC,South,Referral,Mobile,Silver
C002244,2023-10-04,CA,West,Organic Search,Desktop,Silver
C002245,2024-02-07,FL,South,Paid Search,Desktop,Bronze
C002246,2023-04-22,CO,West,Paid Social,Mobile,Bronze
C002247,2023-03-03,NV,West,Paid Social,Mobile,Bronze
C002248,2023-06-05,MO,Midwest,Paid Search,Mobile,Bronze
C002249,2024-04-09,FL,South,Organic Search,Mobile,Bronze
C002250,2023-07-21,FL,South,Paid Search,Mobile,Bronze
C002251,2023-10-12,VA,South,Email,Mobile,Bronze
C002252,2024-01-07,MO,Midwest,Organic Search,Desktop,Bronze
C002253,2023-12-25,VA,South,Email,Mobile,Bronze
C002254,2023-01-14,OH,Midwest,Organic Search,Mobile,Silver
C002255,2023-05-25,CT,Northeast,Affiliate,Mobile,Silver
C002256,2026-03-15,GA,South,Affiliate,Mobile,Bronze
C002257,2025-04-02,MD,Northeast,Organic Search,Desktop,Silver
C002258,2023-06-02,MO,Midwest,Paid Social,Mobile,Bronze
C002259,2023-12-16,OR,West,Paid Search,Mobile,Platinum
C002260,2024-04-16,FL,South,Referral,Desktop,Bronze
C002261,2026-01-19,MO,Midwest,Paid Social,Desktop,Bronze
C002262,2025-12-18,PA,Northeast,Paid Social,Mobile,Silver
C002263,2025-08-06,GA,South,Organic Search,Mobile,Bronze
C002264,2023-05-12,NV,West,Organic Search,Desktop,Bronze
C002265,2024-08-26,VA,South,Email,Desktop,Bronze
C002266,2024-08-18,CA,West,Email,Tablet,Platinum
C002267,2025-02-23,MO,Midwest,Referral,Mobile,Gold
C002268,2025-11-05,GA,South,Referral,Desktop,Bronze
C002269,2024-01-31,IL,Midwest,Email,Mobile,Gold
C002270,2024-11-16,NJ,Northeast,Paid Social,Mobile,Bronze
C002271,2023-11-21,MI,Midwest,Affiliate,Desktop,Silver
C002272,2023-09-16,WI,Midwest,Referral,Desktop,Bronze
C002273,2024-01-21,MN,Midwest,Referral,Mobile,Bronze
C002274,2025-06-24,NY,Northeast,Affiliate,Mobile,Gold
C002275,2024-06-22,PA,Northeast,Paid Search,Desktop,Gold
C002276,2025-04-18,WA,West,Email,Mobile,Gold
C002277,2025-04-30,FL,South,Email,Mobile,Silver
C002278,2024-03-21,AZ,West,Organic Search,Mobile,Bronze
C002279,2026-03-21,CT,Northeast,Email,Mobile,Silver
C002280,2023-02-26,IL,Midwest,Paid Search,Desktop,Bronze
C002281,2026-01-09,NC,South,Paid Social,Mobile,Gold
C002282,2023-01-10,OR,West,Organic Search,Mobile,Bronze
C002283,2024-04-15,GA,South,Referral,Desktop,Gold
C002284,2025-10-13,WI,Midwest,Email,Mobile,Silver
C002285,2025-04-22,WA,West,Paid Social,Desktop,Bronze
C002286,2024-01-31,AZ,West,Organic Search,Mobile,Bronze
C002287,2025-12-26,PA,Northeast,Paid Social,Desktop,Bronze
C002288,2023-06-19,IL,Midwest,Organic Search,Desktop,Bronze
C002289,2025-04-05,AZ,West,Paid Search,Desktop,Gold
C002290,2024-09-30,VA,South,Paid Search,Mobile,Bronze
C002291,2023-09-13,MA,Northeast,Referral,Desktop,Bronze
C002292,2026-02-07,WI,Midwest,Paid Search,Desktop,Bronze
C002293,2025-07-31,IL,Midwest,Paid Social,Mobile,Bronze
C002294,2023-01-11,GA,South,Referral,Mobile,Bronze
C002295,2023-04-17,GA,South,Paid Search,Mobile,Gold
C002296,2023-03-11,AZ,West,Referral,Mobile,Silver
C002297,2024-05-26,MI,Midwest,Organic Search,Mobile,Gold
C002298,2024-05-28,AZ,West,Paid Search,Desktop,Bronze
C002299,2025-06-10,WA,West,Organic Search,Tablet,Bronze
C002300,2025-04-12,MN,Midwest,Paid Social,Mobile,Bronze
C002301,2023-01-19,NJ,Northeast,Affiliate,Tablet,Bronze
C002302,2024-08-09,MN,Midwest,Email,Desktop,Bronze
C002303,2025-08-24,TX,South,Email,Mobile,Bronze
C002304,2026-01-09,TN,South,Paid Search,Tablet,Silver
C002305,2023-12-26,TX,South,Affiliate,Desktop,Bronze
C002306,2023-02-24,VA,South,Paid Social,Mobile,Silver
C002307,2023-07-08,VA,South,Paid Search,Mobile,Silver
C002308,2024-02-23,NC,South,Affiliate,Mobile,Silver
C002309,2024-06-29,MO,Midwest,Paid Search,Desktop,Bronze
C002310,2024-03-08,CT,Northeast,Paid Search,Mobile,Silver
C002311,2023-04-22,NY,Northeast,Organic Search,Mobile,Bronze
C002312,2024-02-23,AZ,West,Organic Search,Mobile,Bronze
C002313,2023-12-23,GA,South,Referral,Mobile,Bronze
C002314,2024-08-23,CO,West,Paid Social,Mobile,Bronze
C002315,2023-04-08,VA,South,Affiliate,Desktop,Bronze
C002316,2025-08-31,VA,South,Organic Search,Mobile,Silver
C002317,2024-05-28,OR,West,Paid Social,Desktop,Silver
C002318,2024-01-27,OH,Midwest,Email,Mobile,Bronze
C002319,2026-01-20,TX,South,Email,Mobile,Bronze
C002320,2025-07-05,NY,Northeast,Paid Social,Mobile,Bronze
C002321,2023-06-18,CO,West,Paid Social,Mobile,Platinum
C002322,2023-06-30,NV,West,Email,Desktop,Bronze
C002323,2023-01-03,GA,South,Referral,Desktop,Bronze
C002324,2024-11-21,OR,West,Paid Search,Mobile,Bronze
C002325,2024-03-12,WA,West,Paid Social,Desktop,Silver
C002326,2024-04-06,MA,Northeast,Email,Desktop,Bronze
C002327,2024-09-19,OR,West,Paid Search,Mobile,Bronze
C002328,2024-10-25,AZ,West,Organic Search,Mobile,Bronze
C002329,2023-01-02,TX,South,Affiliate,Desktop,Silver
C002330,2023-05-13,VA,South,Organic Search,Desktop,Bronze
C002331,2025-08-29,IL,Midwest,Organic Search,Mobile,Platinum
C002332,2026-03-19,GA,South,Paid Social,Mobile,Gold
C002333,2025-10-27,PA,Northeast,Organic Search,Mobile,Bronze
C002334,2026-01-20,AZ,West,Organic Search,Mobile,Gold
C002335,2024-07-24,NC,South,Organic Search,Mobile,Gold
C002336,2025-10-14,OH,Midwest,Organic Search,Desktop,Bronze
C002337,2025-12-22,PA,Northeast,Paid Search,Mobile,Silver
C002338,2026-01-04,NC,South,Referral,Mobile,Bronze
C002339,2023-07-03,GA,South,Paid Search,Mobile,Silver
C002340,2023-06-30,CA,West,Paid Search,Mobile,Silver
C002341,2024-05-10,WA,West,Paid Social,Mobile,Silver
C002342,2024-09-12,NV,West,Paid Search,Desktop,Gold
C002343,2026-03-25,OH,Midwest,Paid Search,Desktop,Bronze
C002344,2024-01-27,NC,South,Paid Search,Mobile,Silver
C002345,2025-10-20,IL,Midwest,Paid Search,Desktop,Silver
C002346,2025-12-28,AZ,West,Paid Search,Desktop,Gold
C002347,2026-04-03,NJ,Northeast,Organic Search,Mobile,Bronze
C002348,2023-08-22,MA,Northeast,Referral,Tablet,Bronze
C002349,2023-10-25,CO,West,Affiliate,Mobile,Bronze
C002350,2023-09-28,OR,West,Referral,Mobile,Bronze
C002351,2025-06-24,CA,West,Organic Search,Desktop,Bronze
C002352,2025-04-25,NY,Northeast,Referral,Mobile,Bronze
C002353,2024-05-16,OR,West,Paid Social,Mobile,Bronze
C002354,2023-04-20,TX,South,Organic Search,Mobile,Gold
C002355,2024-10-03,VA,South,Affiliate,Mobile,Bronze
C002356,2025-06-20,MO,Midwest,Referral,Mobile,Bronze
C002357,2024-08-06,VA,South,Organic Search,Mobile,Silver
C002358,2023-11-27,VA,South,Affiliate,Tablet,Bronze
C002359,2024-12-30,MA,Northeast,Organic Search,Mobile,Silver
C002360,2025-03-24,WA,West,Paid Social,Desktop,Gold
C002361,2024-12-28,PA,Northeast,Organic Search,Mobile,Bronze
C002362,2025-12-10,WA,West,Organic Search,Mobile,Bronze
C002363,2024-01-22,VA,South,Affiliate,Desktop,Bronze
C002364,2025-01-20,PA,Northeast,Paid Social,Mobile,Bronze
C002365,2025-11-18,MI,Midwest,Paid Search,Mobile,Silver
C002366,2023-09-19,WI,Midwest,Referral,Desktop,Bronze
C002367,2023-12-13,OR,West,Referral,Mobile,Bronze
C002368,2023-03-02,GA,South,Affiliate,Mobile,Bronze
C002369,2024-04-06,FL,South,Affiliate,Tablet,Bronze
C002370,2023-02-24,TX,South,Affiliate,Mobile,Bronze
C002371,2025-07-07,TX,South,Email,Desktop,Silver
C002372,2023-04-20,GA,South,Paid Search,Mobile,Bronze
C002373,2025-05-02,VA,South,Affiliate,Mobile,Silver
C002374,2024-12-14,WA,West,Organic Search,Mobile,Gold
C002375,2026-05-01,NC,South,Organic Search,Desktop,Silver
C002376,2024-03-04,WA,West,Paid Search,Mobile,Bronze
C002377,2024-02-29,NJ,Northeast,Paid Search,Desktop,Bronze
C002378,2023-10-27,IL,Midwest,Paid Social,Desktop,Silver
C002379,2024-10-23,NV,West,Affiliate,Mobile,Silver
C002380,2023-09-27,MN,Midwest,Paid Social,Mobile,Platinum
C002381,2023-05-20,PA,Northeast,Paid Social,Desktop,Bronze
C002382,2026-03-13,NV,West,Paid Search,Desktop,Bronze
C002383,2025-04-16,OR,West,Email,Mobile,Bronze
C002384,2023-05-27,WA,West,Organic Search,Desktop,Gold
C002385,2025-01-30,AZ,West,Organic Search,Mobile,Silver
C002386,2024-01-11,MN,Midwest,Email,Desktop,Gold
C002387,2023-08-10,NY,Northeast,Paid Social,Tablet,Silver
C002388,2024-08-03,OR,West,Paid Search,Mobile,Platinum
C002389,2025-08-27,MI,Midwest,Paid Search,Mobile,Bronze
C002390,2023-01-01,AZ,West,Organic Search,Mobile,Gold
C002391,2024-03-13,OH,Midwest,Email,Mobile,Gold
C002392,2026-02-07,MO,Midwest,Paid Search,Desktop,Gold
C002393,2024-04-30,NC,South,Paid Search,Mobile,Gold
C002394,2023-05-02,CA,West,Referral,Desktop,Silver
C002395,2024-06-11,MI,Midwest,Email,Tablet,Silver
C002396,2025-04-20,MD,Northeast,Organic Search,Tablet,Silver
C002397,2026-05-11,WA,West,Email,Mobile,Silver
C002398,2025-02-13,AZ,West,Organic Search,Tablet,Silver
C002399,2023-03-04,AZ,West,Organic Search,Mobile,Silver
C002400,2025-09-22,TN,South,Email,Mobile,Bronze
C002401,2025-08-18,IL,Midwest,Organic Search,Mobile,Silver
C002402,2025-03-12,MI,Midwest,Paid Search,Mobile,Gold
C002403,2026-01-08,MI,Midwest,Referral,Mobile,Silver
C002404,2025-08-05,PA,Northeast,Email,Mobile,Bronze
C002405,2023-10-13,MD,Northeast,Affiliate,Mobile,Gold
C002406,2024-06-02,CA,West,Referral,Desktop,Silver
C002407,2024-09-16,NC,South,Paid Search,Mobile,Bronze
C002408,2024-08-24,VA,South,Email,Desktop,Silver
C002409,2025-02-25,VA,South,Paid Search,Desktop,Silver
C002410,2025-05-13,MA,Northeast,Email,Mobile,Silver
C002411,2023-05-08,MO,Midwest,Paid Search,Mobile,Bronze
C002412,2024-11-30,PA,Northeast,Organic Search,Mobile,Bronze
C002413,2023-02-17,NC,South,Organic Search,Mobile,Gold
C002414,2024-09-21,NC,South,Referral,Tablet,Gold
C002415,2024-06-03,TX,South,Organic Search,Mobile,Bronze
C002416,2023-09-11,CA,West,Paid Social,Desktop,Gold
C002417,2026-05-04,CO,West,Referral,Desktop,Bronze
C002418,2023-11-14,FL,South,Referral,Desktop,Bronze
C002419,2023-03-11,OR,West,Paid Search,Mobile,Silver
C002420,2024-03-17,MA,Northeast,Organic Search,Desktop,Bronze
C002421,2025-07-21,NV,West,Affiliate,Mobile,Bronze
C002422,2023-01-12,NV,West,Paid Social,Mobile,Gold
C002423,2024-08-29,MO,Midwest,Paid Search,Desktop,Bronze
C002424,2024-05-28,AZ,West,Affiliate,Mobile,Bronze
C002425,2025-12-01,MD,Northeast,Organic Search,Desktop,Bronze
C002426,2023-01-04,MN,Midwest,Paid Search,Desktop,Silver
C002427,2023-01-22,CO,West,Organic Search,Desktop,Silver
C002428,2024-11-26,MN,Midwest,Organic Search,Desktop,Bronze
C002429,2023-08-09,MN,Midwest,Paid Search,Desktop,Bronze
C002430,2025-05-16,WI,Midwest,Email,Mobile,Silver
C002431,2023-12-09,MD,Northeast,Paid Search,Mobile,Silver
C002432,2024-11-23,IL,Midwest,Email,Desktop,Gold
C002433,2023-02-16,MO,Midwest,Referral,Desktop,Bronze
C002434,2025-05-03,TN,South,Referral,Desktop,Gold
C002435,2024-09-29,MO,Midwest,Organic Search,Mobile,Platinum
C002436,2023-01-01,CT,Northeast,Referral,Mobile,Bronze
C002437,2023-11-24,MO,Midwest,Organic Search,Desktop,Bronze
C002438,2023-03-15,OH,Midwest,Email,Desktop,Silver
C002439,2023-02-25,FL,South,Paid Search,Mobile,Gold
C002440,2025-05-09,OH,Midwest,Email,Mobile,Bronze
C002441,2024-06-10,NJ,Northeast,Organic Search,Desktop,Bronze
C002442,2025-09-15,WA,West,Email,Desktop,Silver
C002443,2023-11-14,OR,West,Organic Search,Mobile,Silver
C002444,2025-06-02,FL,South,Organic Search,Mobile,Bronze
C002445,2025-01-27,TX,South,Paid Social,Mobile,Bronze
C002446,2025-03-27,NC,South,Paid Search,Mobile,Bronze
C002447,2025-10-16,AZ,West,Email,Mobile,Platinum
C002448,2025-05-20,TX,South,Email,Mobile,Silver
C002449,2025-07-06,MN,Midwest,Email,Desktop,Bronze
C002450,2025-06-29,MN,Midwest,Email,Mobile,Gold
C002451,2024-07-04,WI,Midwest,Referral,Desktop,Silver
C002452,2025-06-10,IL,Midwest,Affiliate,Mobile,Gold
C002453,2025-11-02,WI,Midwest,Organic Search,Mobile,Bronze
C002454,2025-06-27,IL,Midwest,Paid Social,Mobile,Bronze
C002455,2025-01-18,OH,Midwest,Referral,Mobile,Bronze
C002456,2023-04-02,FL,South,Organic Search,Desktop,Bronze
C002457,2024-06-21,MO,Midwest,Paid Search,Desktop,Gold
C002458,2023-03-19,WA,West,Paid Search,Desktop,Silver
C002459,2023-05-08,TN,South,Paid Social,Desktop,Bronze
C002460,2024-03-20,VA,South,Paid Search,Desktop,Silver
C002461,2024-07-25,MD,Northeast,Email,Desktop,Silver
C002462,2024-10-11,OH,Midwest,Paid Social,Mobile,Bronze
C002463,2026-01-13,CA,West,Email,Desktop,Bronze
C002464,2025-07-27,OH,Midwest,Paid Search,Mobile,Platinum
C002465,2024-06-04,AZ,West,Referral,Mobile,Silver
C002466,2024-02-17,OH,Midwest,Email,Desktop,Gold
C002467,2025-05-27,MA,Northeast,Organic Search,Desktop,Silver
C002468,2023-12-05,MI,Midwest,Organic Search,Mobile,Bronze
C002469,2025-12-23,WI,Midwest,Paid Search,Tablet,Bronze
C002470,2025-08-19,NC,South,Affiliate,Mobile,Silver
C002471,2025-04-20,NC,South,Paid Search,Desktop,Bronze
C002472,2023-11-03,CT,Northeast,Organic Search,Tablet,Platinum
C002473,2025-02-04,MO,Midwest,Organic Search,Mobile,Bronze
C002474,2025-10-07,GA,South,Organic Search,Desktop,Bronze
C002475,2023-03-30,NC,South,Paid Search,Desktop,Silver
C002476,2023-08-07,NV,West,Referral,Desktop,Bronze
C002477,2024-09-26,AZ,West,Paid Social,Tablet,Silver
C002478,2024-03-18,OR,West,Referral,Desktop,Silver
C002479,2025-05-23,GA,South,Organic Search,Mobile,Silver
C002480,2024-05-08,MD,Northeast,Paid Social,Desktop,Gold
C002481,2026-05-11,VA,South,Referral,Mobile,Bronze
C002482,2024-01-04,NV,West,Email,Mobile,Silver
C002483,2024-03-19,CA,West,Referral,Mobile,Gold
C002484,2023-01-05,FL,South,Paid Search,Mobile,Bronze
C002485,2023-11-01,PA,Northeast,Paid Social,Desktop,Bronze
C002486,2023-10-17,TN,South,Email,Tablet,Bronze
C002487,2025-07-27,WI,Midwest,Organic Search,Tablet,Silver
C002488,2024-02-20,CT,Northeast,Referral,Mobile,Silver
C002489,2023-09-08,CA,West,Paid Search,Mobile,Bronze
C002490,2024-01-22,MI,Midwest,Organic Search,Mobile,Bronze
C002491,2024-11-23,CT,Northeast,Referral,Mobile,Bronze
C002492,2025-08-25,VA,South,Email,Mobile,Bronze
C002493,2026-04-19,CA,West,Referral,Mobile,Bronze
C002494,2023-02-28,MD,Northeast,Referral,Tablet,Silver
C002495,2025-11-01,NY,Northeast,Paid Search,Mobile,Gold
C002496,2024-04-23,FL,South,Email,Desktop,Silver
C002497,2025-09-21,VA,South,Affiliate,Desktop,Gold
C002498,2023-02-16,AZ,West,Organic Search,Desktop,Platinum
C002499,2025-02-09,MD,Northeast,Paid Social,Mobile,Silver
C002500,2026-02-19,NC,South,Affiliate,Mobile,Silver
C002501,2023-02-18,NV,West,Organic Search,Tablet,Gold
C002502,2025-08-30,MN,Midwest,Affiliate,Mobile,Silver
C002503,2023-05-21,MA,Northeast,Paid Social,Mobile,Bronze
C002504,2026-04-24,MA,Northeast,Referral,Tablet,Bronze
C002505,2025-07-05,FL,South,Email,Desktop,Silver
C002506,2026-01-25,CO,West,Email,Desktop,Gold
C002507,2026-01-10,PA,Northeast,Referral,Mobile,Silver
C002508,2024-01-24,MA,Northeast,Organic Search,Mobile,Bronze
C002509,2024-05-27,TN,South,Email,Desktop,Silver
C002510,2025-05-01,MN,Midwest,Affiliate,Mobile,Gold
C002511,2023-08-04,NC,South,Affiliate,Mobile,Silver
C002512,2024-01-13,TX,South,Affiliate,Mobile,Bronze
C002513,2023-05-02,WA,West,Email,Desktop,Bronze
C002514,2025-12-29,OR,West,Email,Mobile,Bronze
C002515,2023-11-02,OR,West,Paid Social,Desktop,Gold
C002516,2024-05-20,MD,Northeast,Paid Social,Mobile,Bronze
C002517,2024-07-11,CO,West,Paid Social,Mobile,Gold
C002518,2024-04-07,AZ,West,Organic Search,Tablet,Bronze
C002519,2025-08-15,GA,South,Organic Search,Tablet,Platinum
C002520,2026-01-30,CA,West,Paid Social,Desktop,Bronze
C002521,2024-12-06,AZ,West,Paid Search,Desktop,Silver
C002522,2025-10-27,VA,South,Paid Search,Mobile,Silver
C002523,2023-05-17,GA,South,Organic Search,Mobile,Silver
C002524,2026-04-04,WI,Midwest,Referral,Mobile,Silver
C002525,2023-05-23,MD,Northeast,Affiliate,Mobile,Bronze
C002526,2023-03-23,NV,West,Email,Desktop,Bronze
C002527,2023-01-28,NJ,Northeast,Affiliate,Desktop,Bronze
C002528,2023-10-27,NY,Northeast,Referral,Mobile,Silver
C002529,2025-10-27,CT,Northeast,Organic Search,Mobile,Silver
C002530,2024-01-06,MN,Midwest,Organic Search,Tablet,Bronze
C002531,2025-08-31,IL,Midwest,Organic Search,Mobile,Silver
C002532,2024-06-06,IL,Midwest,Organic Search,Mobile,Bronze
C002533,2023-05-08,MO,Midwest,Paid Social,Mobile,Bronze
C002534,2024-08-05,WA,West,Paid Search,Mobile,Bronze
C002535,2023-10-14,NJ,Northeast,Affiliate,Mobile,Silver
C002536,2023-12-25,MN,Midwest,Paid Social,Mobile,Bronze
C002537,2024-09-28,MI,Midwest,Paid Search,Mobile,Gold
C002538,2025-08-31,VA,South,Affiliate,Mobile,Silver
C002539,2024-12-23,AZ,West,Affiliate,Mobile,Silver
C002540,2023-10-02,GA,South,Referral,Mobile,Bronze
C002541,2025-06-02,FL,South,Referral,Mobile,Silver
C002542,2025-05-07,VA,South,Affiliate,Mobile,Gold
C002543,2023-10-19,NC,South,Paid Social,Desktop,Bronze
C002544,2025-11-14,CO,West,Referral,Desktop,Bronze
C002545,2025-11-03,GA,South,Organic Search,Mobile,Bronze
C002546,2025-01-13,TX,South,Paid Social,Mobile,Bronze
C002547,2023-12-31,MD,Northeast,Paid Social,Mobile,Bronze
C002548,2024-03-11,WA,West,Organic Search,Mobile,Silver
C002549,2024-06-24,VA,South,Organic Search,Desktop,Bronze
C002550,2023-08-20,TN,South,Organic Search,Tablet,Gold
C002551,2024-01-12,FL,South,Paid Search,Mobile,Bronze
C002552,2023-06-15,TN,South,Organic Search,Mobile,Silver
C002553,2023-07-10,IL,Midwest,Paid Search,Mobile,Gold
C002554,2025-07-05,PA,Northeast,Referral,Mobile,Bronze
C002555,2023-06-08,GA,South,Paid Social,Mobile,Bronze
C002556,2024-07-31,MN,Midwest,Email,Desktop,Silver
C002557,2024-06-12,NV,West,Organic Search,Mobile,Bronze
C002558,2023-02-27,NV,West,Referral,Desktop,Silver
C002559,2025-10-20,GA,South,Organic Search,Desktop,Gold
C002560,2026-04-26,AZ,West,Paid Search,Mobile,Silver
C002561,2025-02-24,IL,Midwest,Paid Social,Tablet,Platinum
C002562,2025-04-06,WI,Midwest,Affiliate,Desktop,Bronze
C002563,2023-10-14,IL,Midwest,Affiliate,Mobile,Bronze
C002564,2025-11-05,TX,South,Referral,Tablet,Bronze
C002565,2025-08-23,WI,Midwest,Email,Desktop,Silver
C002566,2024-06-23,TX,South,Paid Social,Mobile,Bronze
C002567,2025-05-18,AZ,West,Email,Mobile,Bronze
C002568,2026-03-22,CA,West,Organic Search,Mobile,Platinum
C002569,2025-01-12,IL,Midwest,Paid Search,Desktop,Bronze
C002570,2023-09-03,MD,Northeast,Affiliate,Tablet,Bronze
C002571,2024-02-11,WA,West,Affiliate,Mobile,Bronze
C002572,2023-08-16,VA,South,Paid Search,Mobile,Bronze
C002573,2024-02-13,MI,Midwest,Organic Search,Mobile,Bronze
C002574,2026-01-01,CT,Northeast,Organic Search,Desktop,Bronze
C002575,2023-08-22,VA,South,Paid Social,Mobile,Bronze
C002576,2026-01-02,IL,Midwest,Organic Search,Mobile,Gold
C002577,2023-12-17,OH,Midwest,Email,Mobile,Bronze
C002578,2024-09-06,MA,Northeast,Organic Search,Desktop,Silver
C002579,2024-10-12,CO,West,Organic Search,Mobile,Silver
C002580,2023-06-04,NJ,Northeast,Paid Search,Mobile,Silver
C002581,2023-08-15,WA,West,Referral,Mobile,Gold
C002582,2024-01-11,PA,Northeast,Paid Search,Mobile,Bronze
C002583,2023-03-15,WA,West,Paid Social,Mobile,Bronze
C002584,2025-07-17,WA,West,Email,Mobile,Bronze
C002585,2024-11-03,CA,West,Referral,Desktop,Bronze
C002586,2025-11-07,TN,South,Paid Search,Mobile,Gold
C002587,2025-11-28,TN,South,Email,Mobile,Silver
C002588,2024-03-03,CA,West,Paid Search,Mobile,Bronze
C002589,2025-10-02,NC,South,Email,Mobile,Bronze
C002590,2023-03-17,NC,South,Paid Social,Mobile,Gold
C002591,2024-06-12,MN,Midwest,Affiliate,Mobile,Silver
C002592,2025-03-30,MD,Northeast,Affiliate,Mobile,Bronze
C002593,2024-07-27,MN,Midwest,Referral,Mobile,Gold
C002594,2025-06-29,AZ,West,Affiliate,Tablet,Silver
C002595,2025-11-22,TX,South,Organic Search,Mobile,Bronze
C002596,2024-06-05,NY,Northeast,Email,Mobile,Bronze
C002597,2023-12-04,NV,West,Organic Search,Desktop,Silver
C002598,2024-12-18,VA,South,Paid Search,Mobile,Bronze
C002599,2025-12-05,PA,Northeast,Paid Social,Desktop,Platinum
C002600,2026-04-30,MA,Northeast,Referral,Mobile,Silver
C002601,2025-09-30,FL,South,Email,Desktop,Silver
C002602,2023-10-29,MI,Midwest,Referral,Desktop,Silver
C002603,2023-09-10,TN,South,Paid Social,Mobile,Platinum
C002604,2024-12-06,MN,Midwest,Affiliate,Desktop,Bronze
C002605,2024-05-10,CA,West,Referral,Mobile,Bronze
C002606,2025-01-22,CO,West,Referral,Mobile,Silver
C002607,2026-02-10,MO,Midwest,Organic Search,Mobile,Bronze
C002608,2024-11-06,OR,West,Paid Social,Mobile,Silver
C002609,2024-03-13,MI,Midwest,Email,Mobile,Bronze
C002610,2025-12-05,NC,South,Affiliate,Tablet,Bronze
C002611,2024-06-24,CT,Northeast,Organic Search,Desktop,Bronze
C002612,2025-01-14,PA,Northeast,Paid Search,Desktop,Silver
C002613,2023-06-16,TX,South,Paid Search,Mobile,Bronze
C002614,2024-09-17,IL,Midwest,Paid Search,Mobile,Bronze
C002615,2024-06-08,TN,South,Referral,Mobile,Bronze
C002616,2023-06-01,TN,South,Organic Search,Mobile,Bronze
C002617,2023-09-18,AZ,West,Paid Search,Mobile,Silver
C002618,2025-05-15,NY,Northeast,Email,Desktop,Platinum
C002619,2023-08-11,NJ,Northeast,Paid Search,Desktop,Silver
C002620,2023-06-12,PA,Northeast,Organic Search,Mobile,Silver
C002621,2023-03-12,NJ,Northeast,Paid Social,Mobile,Bronze
C002622,2023-02-02,PA,Northeast,Paid Social,Desktop,Platinum
C002623,2024-06-18,NV,West,Affiliate,Desktop,Gold
C002624,2024-08-24,NJ,Northeast,Referral,Desktop,Gold
C002625,2025-02-07,TX,South,Affiliate,Mobile,Bronze
C002626,2024-12-05,GA,South,Organic Search,Mobile,Bronze
C002627,2024-10-22,TN,South,Referral,Mobile,Bronze
C002628,2026-05-14,NC,South,Paid Social,Tablet,Bronze
C002629,2023-11-04,FL,South,Email,Desktop,Bronze
C002630,2025-05-26,WA,West,Paid Social,Tablet,Gold
C002631,2023-04-09,NV,West,Organic Search,Mobile,Bronze
C002632,2025-11-10,FL,South,Organic Search,Mobile,Bronze
C002633,2024-03-22,MD,Northeast,Referral,Mobile,Gold
C002634,2024-03-02,MO,Midwest,Referral,Desktop,Gold
C002635,2023-06-16,TX,South,Organic Search,Mobile,Bronze
C002636,2024-09-18,VA,South,Email,Desktop,Bronze
C002637,2024-05-06,TX,South,Email,Mobile,Silver
C002638,2026-04-14,OR,West,Paid Social,Mobile,Platinum
C002639,2023-08-08,CT,Northeast,Paid Search,Mobile,Silver
C002640,2024-05-28,WA,West,Referral,Mobile,Bronze
C002641,2026-01-13,OH,Midwest,Email,Desktop,Silver
C002642,2025-09-20,IL,Midwest,Email,Tablet,Silver
C002643,2025-07-30,TN,South,Email,Desktop,Bronze
C002644,2024-10-09,NY,Northeast,Email,Mobile,Bronze
C002645,2025-12-10,GA,South,Organic Search,Desktop,Gold
C002646,2023-10-03,PA,Northeast,Affiliate,Mobile,Silver
C002647,2025-09-23,MO,Midwest,Paid Search,Desktop,Bronze
C002648,2024-12-15,MO,Midwest,Referral,Desktop,Silver
C002649,2024-03-06,WI,Midwest,Referral,Mobile,Silver
C002650,2023-09-26,CT,Northeast,Email,Mobile,Bronze
C002651,2024-10-04,MA,Northeast,Paid Social,Mobile,Bronze
C002652,2023-01-04,GA,South,Organic Search,Mobile,Bronze
C002653,2025-05-29,NY,Northeast,Paid Search,Tablet,Platinum
C002654,2023-10-18,MO,Midwest,Paid Social,Desktop,Bronze
C002655,2024-04-24,GA,South,Organic Search,Mobile,Gold
C002656,2023-08-26,PA,Northeast,Organic Search,Mobile,Silver
C002657,2024-07-26,TX,South,Affiliate,Desktop,Gold
C002658,2024-04-01,FL,South,Paid Search,Mobile,Platinum
C002659,2023-08-20,NV,West,Paid Search,Mobile,Platinum
C002660,2025-12-29,OR,West,Paid Search,Desktop,Gold
C002661,2025-07-23,MA,Northeast,Email,Mobile,Bronze
C002662,2024-04-22,FL,South,Paid Social,Mobile,Bronze
C002663,2023-03-12,TX,South,Referral,Mobile,Bronze
C002664,2025-11-06,CO,West,Paid Social,Mobile,Silver
C002665,2025-05-07,GA,South,Organic Search,Desktop,Bronze
C002666,2024-11-14,PA,Northeast,Paid Social,Desktop,Bronze
C002667,2025-01-14,NJ,Northeast,Organic Search,Tablet,Bronze
C002668,2023-01-10,NV,West,Referral,Tablet,Silver
C002669,2024-08-06,NC,South,Organic Search,Mobile,Bronze
C002670,2023-08-21,GA,South,Organic Search,Mobile,Bronze
C002671,2025-03-12,MO,Midwest,Paid Social,Desktop,Silver
C002672,2026-02-20,VA,South,Organic Search,Mobile,Silver
C002673,2024-10-15,FL,South,Paid Social,Tablet,Gold
C002674,2025-01-13,NC,South,Paid Social,Mobile,Silver
C002675,2025-04-01,MO,Midwest,Affiliate,Mobile,Silver
C002676,2026-02-18,GA,South,Organic Search,Desktop,Bronze
C002677,2023-02-17,TX,South,Paid Social,Desktop,Bronze
C002678,2024-01-17,NY,Northeast,Email,Desktop,Silver
C002679,2023-11-27,WI,Midwest,Organic Search,Mobile,Bronze
C002680,2025-06-01,VA,South,Email,Mobile,Gold
C002681,2024-07-05,NY,Northeast,Referral,Mobile,Gold
C002682,2025-08-08,MA,Northeast,Referral,Desktop,Bronze
C002683,2024-08-04,OR,West,Affiliate,Mobile,Silver
C002684,2026-04-16,OH,Midwest,Email,Desktop,Bronze
C002685,2025-08-02,NC,South,Paid Search,Mobile,Bronze
C002686,2023-01-23,MO,Midwest,Affiliate,Mobile,Bronze
C002687,2026-05-01,WA,West,Organic Search,Tablet,Silver
C002688,2026-03-18,IL,Midwest,Paid Social,Mobile,Platinum
C002689,2023-02-23,OR,West,Referral,Desktop,Bronze
C002690,2024-04-27,FL,South,Referral,Mobile,Silver
C002691,2026-04-09,CT,Northeast,Affiliate,Desktop,Bronze
C002692,2025-10-28,NC,South,Organic Search,Mobile,Bronze
C002693,2024-07-30,NY,Northeast,Email,Mobile,Silver
C002694,2024-11-01,PA,Northeast,Organic Search,Desktop,Silver
C002695,2023-02-06,CT,Northeast,Referral,Desktop,Silver
C002696,2024-11-26,OR,West,Email,Mobile,Gold
C002697,2025-03-31,MA,Northeast,Organic Search,Mobile,Bronze
C002698,2024-03-18,WA,West,Referral,Mobile,Silver
C002699,2024-01-13,FL,South,Paid Social,Desktop,Bronze
C002700,2025-10-16,NY,Northeast,Paid Social,Desktop,Gold
C002701,2024-07-06,IL,Midwest,Affiliate,Desktop,Bronze
C002702,2023-11-22,TX,South,Email,Tablet,Bronze
C002703,2024-04-06,NC,South,Paid Social,Mobile,Silver
C002704,2024-08-28,NY,Northeast,Organic Search,Mobile,Bronze
C002705,2023-11-16,MN,Midwest,Organic Search,Desktop,Silver
C002706,2024-11-20,VA,South,Organic Search,Desktop,Platinum
C002707,2025-11-26,CT,Northeast,Paid Search,Desktop,Bronze
C002708,2025-07-03,NV,West,Paid Search,Mobile,Silver
C002709,2023-10-12,CA,West,Paid Social,Tablet,Platinum
C002710,2024-08-03,MI,Midwest,Email,Desktop,Silver
C002711,2024-10-31,MD,Northeast,Organic Search,Desktop,Bronze
C002712,2025-04-17,OR,West,Paid Social,Mobile,Silver
C002713,2025-07-20,AZ,West,Affiliate,Mobile,Bronze
C002714,2024-08-20,AZ,West,Organic Search,Desktop,Silver
C002715,2024-01-23,NJ,Northeast,Email,Desktop,Silver
C002716,2025-03-22,CA,West,Organic Search,Mobile,Bronze
C002717,2023-06-04,TX,South,Paid Social,Mobile,Gold
C002718,2025-04-09,NJ,Northeast,Referral,Desktop,Bronze
C002719,2026-01-08,WA,West,Organic Search,Tablet,Gold
C002720,2025-05-23,NC,South,Paid Search,Mobile,Gold
C002721,2024-06-17,NC,South,Referral,Mobile,Platinum
C002722,2025-10-10,PA,Northeast,Organic Search,Mobile,Bronze
C002723,2024-10-17,TN,South,Email,Mobile,Bronze
C002724,2024-10-27,TN,South,Paid Social,Mobile,Bronze
C002725,2025-11-14,AZ,West,Organic Search,Mobile,Bronze
C002726,2023-08-26,MO,Midwest,Referral,Desktop,Bronze
C002727,2025-08-17,MI,Midwest,Paid Social,Mobile,Silver
C002728,2025-04-16,AZ,West,Organic Search,Mobile,Bronze
C002729,2024-10-13,GA,South,Affiliate,Tablet,Platinum
C002730,2023-04-05,NJ,Northeast,Paid Social,Mobile,Bronze
C002731,2025-07-31,CA,West,Referral,Desktop,Bronze
C002732,2023-09-27,TX,South,Organic Search,Mobile,Silver
C002733,2026-01-07,VA,South,Organic Search,Desktop,Bronze
C002734,2025-09-02,FL,South,Referral,Desktop,Silver
C002735,2024-03-23,VA,South,Email,Mobile,Silver
C002736,2024-06-19,TN,South,Paid Search,Desktop,Silver
C002737,2023-02-01,OR,West,Referral,Desktop,Silver
C002738,2024-09-05,VA,South,Paid Social,Mobile,Gold
C002739,2023-03-13,MO,Midwest,Paid Search,Desktop,Platinum
C002740,2026-04-30,VA,South,Referral,Mobile,Bronze
C002741,2025-02-26,OR,West,Paid Social,Mobile,Bronze
C002742,2023-10-17,NJ,Northeast,Paid Social,Tablet,Gold
C002743,2025-09-16,CA,West,Referral,Mobile,Bronze
C002744,2023-01-25,MO,Midwest,Paid Social,Mobile,Silver
C002745,2024-11-07,VA,South,Affiliate,Mobile,Silver
C002746,2023-05-18,MN,Midwest,Referral,Tablet,Bronze
C002747,2023-03-09,CA,West,Paid Search,Mobile,Bronze
C002748,2023-10-28,AZ,West,Paid Social,Mobile,Silver
C002749,2023-12-29,FL,South,Affiliate,Desktop,Bronze
C002750,2025-06-12,NV,West,Referral,Desktop,Bronze
C002751,2026-01-01,NV,West,Organic Search,Mobile,Gold
C002752,2025-08-13,IL,Midwest,Paid Search,Tablet,Silver
C002753,2025-06-29,NY,Northeast,Paid Search,Mobile,Silver
C002754,2024-11-27,CA,West,Referral,Desktop,Bronze
C002755,2024-04-01,MD,Northeast,Affiliate,Mobile,Bronze
C002756,2023-11-10,MO,Midwest,Referral,Mobile,Gold
C002757,2026-03-10,PA,Northeast,Paid Search,Desktop,Bronze
C002758,2024-10-04,MI,Midwest,Referral,Mobile,Gold
C002759,2024-11-25,MI,Midwest,Organic Search,Mobile,Silver
C002760,2023-01-19,GA,South,Paid Search,Mobile,Bronze
C002761,2024-07-17,MN,Midwest,Paid Search,Mobile,Silver
C002762,2025-04-19,PA,Northeast,Paid Social,Desktop,Gold
C002763,2024-09-01,NV,West,Paid Social,Mobile,Gold
C002764,2025-01-26,GA,South,Organic Search,Desktop,Silver
C002765,2025-09-23,NV,West,Organic Search,Mobile,Bronze
C002766,2023-01-27,MD,Northeast,Referral,Tablet,Silver
C002767,2026-01-18,FL,South,Organic Search,Desktop,Silver
C002768,2025-10-02,IL,Midwest,Paid Social,Mobile,Silver
C002769,2024-05-31,MA,Northeast,Organic Search,Mobile,Bronze
C002770,2025-07-28,NY,Northeast,Paid Search,Desktop,Gold
C002771,2023-03-23,WA,West,Paid Search,Mobile,Bronze
C002772,2024-01-15,WI,Midwest,Email,Mobile,Bronze
C002773,2023-05-13,PA,Northeast,Paid Social,Desktop,Bronze
C002774,2025-02-21,NV,West,Paid Search,Desktop,Bronze
C002775,2025-11-19,WI,Midwest,Referral,Desktop,Bronze
C002776,2025-01-10,TX,South,Organic Search,Desktop,Bronze
C002777,2025-05-25,MI,Midwest,Referral,Mobile,Bronze
C002778,2023-06-26,TX,South,Organic Search,Desktop,Bronze
C002779,2026-02-23,OR,West,Affiliate,Mobile,Bronze
C002780,2023-08-26,WA,West,Organic Search,Desktop,Bronze
C002781,2024-10-09,CO,West,Paid Social,Desktop,Bronze
C002782,2025-04-21,WA,West,Email,Mobile,Bronze
C002783,2025-11-20,OH,Midwest,Paid Social,Tablet,Bronze
C002784,2026-02-23,TX,South,Referral,Mobile,Silver
C002785,2025-01-07,CA,West,Organic Search,Desktop,Bronze
C002786,2024-12-10,OH,Midwest,Paid Search,Mobile,Silver
C002787,2024-05-28,OH,Midwest,Referral,Mobile,Bronze
C002788,2024-11-29,TN,South,Referral,Mobile,Bronze
C002789,2025-04-10,MD,Northeast,Paid Social,Tablet,Bronze
C002790,2025-03-07,VA,South,Paid Social,Mobile,Bronze
C002791,2024-12-30,MD,Northeast,Referral,Desktop,Silver
C002792,2024-06-26,CO,West,Referral,Mobile,Silver
C002793,2023-08-29,MI,Midwest,Referral,Desktop,Silver
C002794,2023-03-08,PA,Northeast,Referral,Desktop,Bronze
C002795,2024-06-01,MA,Northeast,Paid Search,Mobile,Bronze
C002796,2024-05-03,FL,South,Email,Mobile,Gold
C002797,2025-01-18,MN,Midwest,Paid Social,Desktop,Bronze
C002798,2026-01-13,VA,South,Organic Search,Mobile,Bronze
C002799,2025-05-13,OH,Midwest,Referral,Mobile,Bronze
C002800,2025-09-17,WI,Midwest,Paid Social,Mobile,Platinum
C002801,2024-12-12,MD,Northeast,Organic Search,Mobile,Gold
C002802,2026-02-15,NC,South,Email,Tablet,Bronze
C002803,2026-03-02,OR,West,Paid Search,Desktop,Bronze
C002804,2023-07-08,OH,Midwest,Organic Search,Desktop,Silver
C002805,2025-02-25,WA,West,Paid Social,Mobile,Bronze
C002806,2024-09-14,WA,West,Email,Tablet,Bronze
C002807,2026-04-11,TN,South,Paid Social,Desktop,Bronze
C002808,2024-12-20,MN,Midwest,Organic Search,Tablet,Bronze
C002809,2023-01-20,WA,West,Paid Social,Mobile,Bronze
C002810,2023-09-16,NV,West,Organic Search,Mobile,Silver
C002811,2023-06-09,AZ,West,Affiliate,Desktop,Silver
C002812,2023-09-05,NY,Northeast,Paid Search,Desktop,Silver
C002813,2023-04-28,IL,Midwest,Referral,Mobile,Bronze
C002814,2025-08-20,CO,West,Organic Search,Mobile,Bronze
C002815,2024-08-31,AZ,West,Organic Search,Mobile,Gold
C002816,2025-04-07,NC,South,Paid Social,Tablet,Bronze
C002817,2026-05-15,VA,South,Referral,Desktop,Bronze
C002818,2025-03-07,MN,Midwest,Affiliate,Desktop,Bronze
C002819,2024-08-12,NC,South,Paid Social,Desktop,Bronze
C002820,2023-11-25,NJ,Northeast,Paid Search,Desktop,Bronze
C002821,2025-07-17,TN,South,Organic Search,Mobile,Bronze
C002822,2024-09-15,WI,Midwest,Paid Social,Mobile,Silver
C002823,2025-07-20,WA,West,Paid Search,Desktop,Bronze
C002824,2023-01-29,CT,Northeast,Affiliate,Mobile,Silver
C002825,2023-07-20,CT,Northeast,Paid Social,Mobile,Silver
C002826,2023-06-09,IL,Midwest,Referral,Mobile,Bronze
C002827,2025-04-18,TX,South,Referral,Desktop,Silver
C002828,2024-09-29,NV,West,Organic Search,Desktop,Gold
C002829,2024-01-26,MA,Northeast,Paid Search,Mobile,Bronze
C002830,2024-01-17,MN,Midwest,Referral,Desktop,Silver
C002831,2025-01-16,OR,West,Paid Search,Mobile,Silver
C002832,2026-04-03,VA,South,Paid Social,Mobile,Silver
C002833,2026-05-10,GA,South,Referral,Mobile,Bronze
C002834,2024-08-03,NJ,Northeast,Organic Search,Mobile,Bronze
C002835,2025-04-05,IL,Midwest,Referral,Mobile,Bronze
C002836,2023-04-13,MO,Midwest,Paid Search,Desktop,Bronze
C002837,2026-03-09,WI,Midwest,Paid Social,Desktop,Bronze
C002838,2023-01-22,GA,South,Paid Search,Mobile,Gold
C002839,2024-02-26,FL,South,Paid Social,Desktop,Bronze
C002840,2025-06-11,CA,West,Organic Search,Tablet,Bronze
C002841,2026-04-08,IL,Midwest,Organic Search,Mobile,Bronze
C002842,2023-07-31,TX,South,Paid Search,Mobile,Bronze
C002843,2025-03-24,NC,South,Paid Search,Mobile,Silver
C002844,2023-08-20,WA,West,Paid Social,Desktop,Gold
C002845,2023-03-03,CA,West,Organic Search,Mobile,Bronze
C002846,2024-06-05,OH,Midwest,Organic Search,Desktop,Bronze
C002847,2024-12-10,AZ,West,Organic Search,Desktop,Bronze
C002848,2023-11-22,OR,West,Paid Search,Mobile,Platinum
C002849,2026-04-12,IL,Midwest,Organic Search,Mobile,Bronze
C002850,2025-01-29,TN,South,Organic Search,Mobile,Bronze
C002851,2024-06-23,GA,South,Paid Social,Mobile,Bronze
C002852,2024-08-20,FL,South,Referral,Desktop,Bronze
C002853,2024-07-25,CT,Northeast,Email,Desktop,Bronze
C002854,2023-05-18,VA,South,Paid Search,Desktop,Gold
C002855,2025-01-16,MN,Midwest,Referral,Desktop,Bronze
C002856,2025-08-24,NY,Northeast,Paid Social,Mobile,Bronze
C002857,2024-06-02,OH,Midwest,Paid Social,Mobile,Bronze
C002858,2024-06-08,NC,South,Organic Search,Mobile,Bronze
C002859,2026-01-25,MO,Midwest,Organic Search,Mobile,Gold
C002860,2025-01-21,VA,South,Paid Social,Mobile,Silver
C002861,2024-01-02,VA,South,Organic Search,Mobile,Gold
C002862,2023-01-05,TN,South,Email,Desktop,Gold
C002863,2025-10-10,NC,South,Paid Search,Mobile,Silver
C002864,2025-02-10,NV,West,Organic Search,Mobile,Silver
C002865,2025-02-09,TN,South,Organic Search,Mobile,Bronze
C002866,2023-12-15,AZ,West,Organic Search,Mobile,Silver
C002867,2023-08-18,NC,South,Paid Search,Mobile,Silver
C002868,2024-08-31,TX,South,Organic Search,Mobile,Silver
C002869,2025-07-21,MD,Northeast,Paid Social,Mobile,Bronze
C002870,2024-01-02,CA,West,Paid Search,Tablet,Silver
C002871,2024-10-10,MI,Midwest,Paid Social,Mobile,Bronze
C002872,2026-05-11,GA,South,Affiliate,Mobile,Silver
C002873,2023-09-28,CO,West,Referral,Mobile,Bronze
C002874,2023-10-12,CA,West,Paid Social,Mobile,Silver
C002875,2023-10-18,OR,West,Paid Search,Mobile,Bronze
C002876,2026-01-28,OR,West,Email,Mobile,Silver
C002877,2024-10-12,TX,South,Affiliate,Desktop,Silver
C002878,2026-02-04,FL,South,Paid Social,Desktop,Bronze
C002879,2026-03-12,GA,South,Organic Search,Desktop,Bronze
C002880,2024-06-02,CO,West,Referral,Mobile,Bronze
C002881,2023-03-09,OR,West,Organic Search,Mobile,Bronze
C002882,2024-01-10,CO,West,Referral,Mobile,Bronze
C002883,2024-10-31,TN,South,Organic Search,Desktop,Silver
C002884,2024-04-14,TN,South,Organic Search,Mobile,Silver
C002885,2023-01-03,VA,South,Referral,Desktop,Bronze
C002886,2026-05-02,AZ,West,Email,Mobile,Gold
C002887,2024-01-09,AZ,West,Paid Social,Mobile,Bronze
C002888,2025-01-31,NY,Northeast,Referral,Mobile,Silver
C002889,2026-03-11,AZ,West,Referral,Mobile,Bronze
C002890,2024-11-01,CA,West,Paid Social,Desktop,Silver
C002891,2025-05-04,AZ,West,Affiliate,Mobile,Bronze
C002892,2023-02-14,MA,Northeast,Paid Search,Mobile,Bronze
C002893,2025-05-07,WI,Midwest,Organic Search,Mobile,Bronze
C002894,2025-11-09,MN,Midwest,Referral,Desktop,Silver
C002895,2026-02-04,PA,Northeast,Paid Search,Mobile,Gold
C002896,2023-04-14,OR,West,Referral,Desktop,Silver
C002897,2023-10-09,MA,Northeast,Organic Search,Mobile,Silver
C002898,2023-02-27,OR,West,Organic Search,Desktop,Bronze
C002899,2026-02-03,MI,Midwest,Organic Search,Desktop,Silver
C002900,2023-12-05,GA,South,Paid Social,Mobile,Gold
C002901,2024-10-16,NC,South,Referral,Mobile,Bronze
C002902,2024-08-08,NJ,Northeast,Paid Search,Mobile,Bronze
C002903,2025-04-27,NV,West,Organic Search,Mobile,Bronze
C002904,2026-01-07,NJ,Northeast,Paid Search,Desktop,Bronze
C002905,2024-02-03,FL,South,Paid Search,Mobile,Bronze
C002906,2025-08-30,MI,Midwest,Email,Mobile,Silver
C002907,2023-12-25,NY,Northeast,Email,Desktop,Silver
C002908,2023-09-01,NV,West,Organic Search,Desktop,Bronze
C002909,2023-05-11,CT,Northeast,Paid Search,Mobile,Gold
C002910,2024-04-03,VA,South,Email,Desktop,Gold
C002911,2024-11-20,OH,Midwest,Paid Search,Mobile,Silver
C002912,2025-08-18,NV,West,Paid Search,Desktop,Platinum
C002913,2025-11-10,NC,South,Paid Social,Mobile,Gold
C002914,2024-10-10,WI,Midwest,Paid Search,Desktop,Bronze
C002915,2024-05-18,NC,South,Organic Search,Mobile,Gold
C002916,2023-08-03,AZ,West,Organic Search,Mobile,Bronze
C002917,2026-01-30,CO,West,Referral,Desktop,Bronze
C002918,2024-05-02,NY,Northeast,Organic Search,Mobile,Bronze
C002919,2025-07-30,OR,West,Referral,Mobile,Silver
C002920,2025-02-09,MN,Midwest,Paid Social,Mobile,Platinum
C002921,2026-02-20,MA,Northeast,Paid Social,Mobile,Bronze
C002922,2026-04-13,OR,West,Referral,Mobile,Silver
C002923,2025-05-20,WA,West,Paid Search,Mobile,Bronze
C002924,2025-03-25,MN,Midwest,Organic Search,Mobile,Gold
C002925,2023-06-18,AZ,West,Organic Search,Desktop,Bronze
C002926,2023-01-20,IL,Midwest,Email,Desktop,Silver
C002927,2024-11-03,MN,Midwest,Paid Social,Mobile,Silver
C002928,2025-05-17,MO,Midwest,Referral,Mobile,Bronze
C002929,2025-07-07,NC,South,Paid Social,Mobile,Gold
C002930,2023-11-05,MO,Midwest,Paid Search,Mobile,Platinum
C002931,2024-09-11,MI,Midwest,Paid Search,Desktop,Bronze
C002932,2025-11-27,CA,West,Organic Search,Desktop,Silver
C002933,2023-04-28,TN,South,Referral,Desktop,Gold
C002934,2024-04-17,NJ,Northeast,Organic Search,Tablet,Bronze
C002935,2026-03-08,IL,Midwest,Affiliate,Mobile,Bronze
C002936,2023-09-03,FL,South,Organic Search,Desktop,Silver
C002937,2024-01-25,VA,South,Paid Social,Mobile,Silver
C002938,2024-07-30,AZ,West,Organic Search,Tablet,Silver
C002939,2025-04-27,WA,West,Referral,Mobile,Silver
C002940,2023-11-11,NV,West,Organic Search,Mobile,Silver
C002941,2025-09-02,PA,Northeast,Paid Social,Desktop,Bronze
C002942,2023-10-18,WA,West,Affiliate,Mobile,Bronze
C002943,2024-03-29,MD,Northeast,Email,Tablet,Bronze
C002944,2024-12-06,AZ,West,Organic Search,Desktop,Bronze
C002945,2023-01-15,GA,South,Referral,Desktop,Silver
C002946,2025-08-02,GA,South,Paid Search,Mobile,Gold
C002947,2025-04-03,TN,South,Organic Search,Mobile,Bronze
C002948,2025-10-24,MI,Midwest,Paid Social,Desktop,Silver
C002949,2023-12-05,PA,Northeast,Referral,Mobile,Bronze
C002950,2024-05-04,PA,Northeast,Paid Search,Mobile,Bronze
C002951,2026-01-11,OR,West,Referral,Tablet,Gold
C002952,2023-03-24,MN,Midwest,Email,Desktop,Bronze
C002953,2024-08-27,CA,West,Paid Social,Tablet,Silver
C002954,2024-08-18,PA,Northeast,Paid Search,Mobile,Bronze
C002955,2024-07-04,GA,South,Email,Mobile,Bronze
C002956,2024-06-17,FL,South,Paid Search,Desktop,Silver
C002957,2025-07-08,OR,West,Organic Search,Mobile,Silver
C002958,2023-08-31,OR,West,Paid Search,Mobile,Silver
C002959,2026-01-02,OR,West,Referral,Mobile,Gold
C002960,2026-01-08,MD,Northeast,Paid Search,Desktop,Gold
C002961,2023-08-09,MN,Midwest,Organic Search,Mobile,Silver
C002962,2026-04-14,MA,Northeast,Organic Search,Mobile,Bronze
C002963,2023-11-19,WA,West,Organic Search,Mobile,Bronze
C002964,2023-03-05,MO,Midwest,Affiliate,Mobile,Silver
C002965,2024-05-05,CA,West,Paid Social,Desktop,Silver
C002966,2025-09-06,NC,South,Email,Desktop,Bronze
C002967,2025-11-05,FL,South,Referral,Mobile,Bronze
C002968,2025-03-05,TN,South,Paid Search,Mobile,Bronze
C002969,2025-09-25,GA,South,Referral,Mobile,Bronze
C002970,2023-11-18,WA,West,Affiliate,Mobile,Bronze
C002971,2025-12-18,TX,South,Referral,Tablet,Gold
C002972,2025-02-20,WI,Midwest,Email,Mobile,Silver
C002973,2023-06-14,OR,West,Paid Search,Mobile,Platinum
C002974,2023-06-08,NJ,Northeast,Referral,Mobile,Silver
C002975,2023-11-26,VA,South,Organic Search,Tablet,Bronze
C002976,2023-03-27,NY,Northeast,Referral,Desktop,Silver
C002977,2023-12-15,MI,Midwest,Paid Search,Mobile,Gold
C002978,2026-05-07,IL,Midwest,Paid Social,Mobile,Silver
C002979,2023-10-23,IL,Midwest,Referral,Mobile,Bronze
C002980,2025-02-22,NY,Northeast,Paid Social,Desktop,Silver
C002981,2026-04-18,OH,Midwest,Organic Search,Tablet,Bronze
C002982,2023-11-08,VA,South,Email,Desktop,Bronze
C002983,2025-05-06,OR,West,Affiliate,Desktop,Bronze
C002984,2024-07-07,MO,Midwest,Email,Mobile,Bronze
C002985,2023-12-18,WA,West,Referral,Mobile,Gold
C002986,2026-03-15,AZ,West,Referral,Desktop,Bronze
C002987,2025-03-19,CA,West,Referral,Desktop,Bronze
C002988,2024-06-24,TX,South,Paid Search,Mobile,Silver
C002989,2025-09-26,CA,West,Paid Social,Mobile,Gold
C002990,2026-01-13,MO,Midwest,Referral,Mobile,Silver
C002991,2025-08-20,WI,Midwest,Affiliate,Mobile,Bronze
C002992,2025-12-05,CT,Northeast,Organic Search,Desktop,Bronze
C002993,2024-02-01,VA,South,Organic Search,Mobile,Silver
C002994,2024-02-28,FL,South,Paid Search,Desktop,Gold
C002995,2023-10-14,TN,South,Referral,Mobile,Bronze
C002996,2025-05-06,NC,South,Referral,Desktop,Gold
C002997,2025-09-15,MN,Midwest,Paid Social,Desktop,Silver
C002998,2025-03-24,NV,West,Organic Search,Desktop,Silver
C002999,2025-01-07,PA,Northeast,Paid Search,Desktop,Bronze
C003000,2025-08-07,CA,West,Referral,Mobile,Gold
C003001,2023-08-12,NY,Northeast,Paid Search,Mobile,Silver
C003002,2024-03-26,MN,Midwest,Organic Search,Desktop,Bronze
C003003,2025-05-20,NV,West,Paid Search,Desktop,Bronze
C003004,2023-03-06,WI,Midwest,Referral,Desktop,Bronze
C003005,2026-01-26,NV,West,Paid Social,Desktop,Bronze
C003006,2023-07-30,OH,Midwest,Organic Search,Mobile,Bronze
C003007,2025-08-26,MI,Midwest,Paid Search,Mobile,Bronze
C003008,2025-01-28,OR,West,Affiliate,Tablet,Bronze
C003009,2025-11-09,CO,West,Paid Search,Mobile,Silver
C003010,2025-08-12,MN,Midwest,Paid Search,Desktop,Silver
C003011,2024-09-27,NC,South,Organic Search,Mobile,Silver
C003012,2025-07-19,CT,Northeast,Paid Search,Desktop,Bronze
C003013,2024-03-02,MI,Midwest,Referral,Desktop,Bronze
C003014,2024-12-19,MO,Midwest,Referral,Mobile,Silver
C003015,2026-01-31,TN,South,Paid Search,Desktop,Silver
C003016,2023-04-15,MO,Midwest,Referral,Mobile,Bronze
C003017,2024-03-13,CT,Northeast,Paid Search,Mobile,Gold
C003018,2023-01-22,NV,West,Referral,Desktop,Silver
C003019,2024-10-19,TX,South,Organic Search,Mobile,Gold
C003020,2025-08-20,NV,West,Paid Search,Mobile,Silver
C003021,2023-02-17,TX,South,Referral,Desktop,Bronze
C003022,2024-11-07,MN,Midwest,Affiliate,Tablet,Gold
C003023,2024-05-26,TN,South,Referral,Mobile,Gold
C003024,2025-08-21,NC,South,Email,Desktop,Gold
C003025,2023-09-28,FL,South,Referral,Mobile,Gold
C003026,2023-07-20,CA,West,Email,Mobile,Gold
C003027,2023-04-27,AZ,West,Paid Search,Desktop,Silver
C003028,2024-05-16,CT,Northeast,Paid Social,Mobile,Bronze
C003029,2024-08-23,MI,Midwest,Email,Desktop,Silver
C003030,2026-02-05,TN,South,Paid Social,Desktop,Silver
C003031,2024-07-27,WI,Midwest,Referral,Tablet,Silver
C003032,2023-07-31,NV,West,Paid Social,Desktop,Bronze
C003033,2025-05-10,CA,West,Organic Search,Mobile,Bronze
C003034,2023-03-17,CO,West,Organic Search,Desktop,Platinum
C003035,2024-03-01,PA,Northeast,Referral,Desktop,Bronze
C003036,2025-03-15,WI,Midwest,Organic Search,Mobile,Bronze
C003037,2023-11-09,MO,Midwest,Referral,Mobile,Silver
C003038,2025-01-01,OR,West,Organic Search,Desktop,Bronze
C003039,2024-07-12,NV,West,Paid Search,Mobile,Bronze
C003040,2026-03-17,IL,Midwest,Referral,Mobile,Silver
C003041,2023-12-20,VA,South,Paid Search,Mobile,Gold
C003042,2026-01-20,NY,Northeast,Referral,Mobile,Bronze
C003043,2025-02-09,MN,Midwest,Organic Search,Desktop,Bronze
C003044,2025-07-11,GA,South,Paid Social,Mobile,Bronze
C003045,2023-07-27,IL,Midwest,Paid Social,Desktop,Silver
C003046,2023-01-24,PA,Northeast,Referral,Desktop,Bronze
C003047,2025-06-18,VA,South,Organic Search,Mobile,Bronze
C003048,2024-08-14,OH,Midwest,Paid Search,Mobile,Silver
C003049,2024-01-16,NJ,Northeast,Email,Mobile,Platinum
C003050,2026-01-08,WA,West,Affiliate,Mobile,Bronze
C003051,2024-02-06,NY,Northeast,Referral,Mobile,Silver
C003052,2024-06-17,WA,West,Referral,Mobile,Silver
C003053,2025-06-10,MN,Midwest,Paid Social,Desktop,Bronze
C003054,2026-03-30,WI,Midwest,Paid Social,Desktop,Gold
C003055,2026-01-11,WI,Midwest,Referral,Mobile,Bronze
C003056,2025-03-14,TN,South,Referral,Mobile,Bronze
C003057,2023-05-16,WI,Midwest,Referral,Desktop,Bronze
C003058,2023-05-15,OR,West,Referral,Mobile,Bronze
C003059,2025-05-02,CO,West,Referral,Desktop,Silver
C003060,2024-09-18,WA,West,Organic Search,Mobile,Silver
C003061,2023-06-13,WI,Midwest,Paid Search,Desktop,Silver
C003062,2025-05-06,TX,South,Affiliate,Mobile,Silver
C003063,2026-03-05,AZ,West,Paid Social,Mobile,Bronze
C003064,2023-03-22,NY,Northeast,Organic Search,Mobile,Gold
C003065,2025-10-13,FL,South,Paid Social,Mobile,Gold
C003066,2024-02-29,GA,South,Email,Desktop,Bronze
C003067,2024-05-04,TN,South,Referral,Mobile,Silver
C003068,2025-06-01,CA,West,Referral,Mobile,Gold
C003069,2023-10-31,OH,Midwest,Organic Search,Mobile,Bronze
C003070,2023-07-13,GA,South,Paid Social,Desktop,Bronze
C003071,2026-04-01,AZ,West,Organic Search,Desktop,Bronze
C003072,2024-03-04,MD,Northeast,Referral,Mobile,Platinum
C003073,2023-07-28,MA,Northeast,Organic Search,Desktop,Silver
C003074,2025-04-29,MN,Midwest,Email,Desktop,Silver
C003075,2023-09-24,PA,Northeast,Paid Social,Mobile,Gold
C003076,2025-08-12,CT,Northeast,Email,Mobile,Bronze
C003077,2023-03-28,TX,South,Paid Social,Mobile,Platinum
C003078,2024-09-30,IL,Midwest,Email,Mobile,Bronze
C003079,2024-05-11,OH,Midwest,Email,Desktop,Silver
C003080,2026-03-23,WA,West,Organic Search,Mobile,Bronze
C003081,2024-10-03,OR,West,Paid Search,Mobile,Bronze
C003082,2026-02-13,CO,West,Paid Social,Desktop,Bronze
C003083,2023-11-02,MN,Midwest,Paid Search,Mobile,Bronze
C003084,2024-08-05,MI,Midwest,Referral,Desktop,Bronze
C003085,2025-09-28,OH,Midwest,Paid Search,Desktop,Bronze
C003086,2023-07-17,NC,South,Referral,Mobile,Silver
C003087,2026-02-16,WA,West,Organic Search,Mobile,Gold
C003088,2025-08-09,VA,South,Referral,Mobile,Bronze
C003089,2025-04-13,GA,South,Organic Search,Tablet,Bronze
C003090,2023-10-27,MA,Northeast,Paid Social,Mobile,Silver
C003091,2025-10-03,MD,Northeast,Paid Search,Desktop,Silver
C003092,2025-11-03,NJ,Northeast,Email,Tablet,Silver
C003093,2023-12-27,PA,Northeast,Organic Search,Mobile,Platinum
C003094,2024-12-23,MA,Northeast,Referral,Desktop,Bronze
C003095,2023-03-16,FL,South,Paid Social,Mobile,Bronze
C003096,2024-04-30,CA,West,Affiliate,Mobile,Gold
C003097,2023-07-05,WA,West,Email,Tablet,Silver
C003098,2024-11-15,TX,South,Paid Social,Mobile,Silver
C003099,2024-11-06,AZ,West,Referral,Desktop,Gold
C003100,2024-10-17,CA,West,Organic Search,Desktop,Bronze
C003101,2025-04-13,NJ,Northeast,Email,Mobile,Bronze
C003102,2026-02-12,CO,West,Paid Search,Mobile,Bronze
C003103,2023-08-31,MA,Northeast,Referral,Mobile,Gold
C003104,2023-09-21,WI,Midwest,Organic Search,Mobile,Gold
C003105,2023-09-23,WI,Midwest,Paid Search,Desktop,Bronze
C003106,2026-02-16,OH,Midwest,Email,Mobile,Bronze
C003107,2023-04-25,NC,South,Paid Social,Tablet,Silver
C003108,2023-02-08,OH,Midwest,Organic Search,Mobile,Bronze
C003109,2023-07-17,NV,West,Paid Social,Mobile,Gold
C003110,2025-08-04,CT,Northeast,Referral,Mobile,Bronze
C003111,2024-12-14,VA,South,Organic Search,Mobile,Gold
C003112,2026-02-06,CO,West,Paid Search,Mobile,Silver
C003113,2023-09-09,IL,Midwest,Affiliate,Mobile,Bronze
C003114,2024-04-30,OH,Midwest,Affiliate,Desktop,Silver
C003115,2024-11-14,NC,South,Organic Search,Mobile,Silver
C003116,2023-03-31,OH,Midwest,Paid Social,Mobile,Bronze
C003117,2026-02-04,NV,West,Organic Search,Mobile,Bronze
C003118,2025-09-17,MO,Midwest,Affiliate,Mobile,Gold
C003119,2023-06-26,FL,South,Paid Search,Mobile,Silver
C003120,2025-11-03,VA,South,Paid Search,Desktop,Silver
C003121,2024-07-06,CO,West,Paid Search,Mobile,Bronze
C003122,2024-02-18,VA,South,Paid Social,Mobile,Silver
C003123,2026-03-10,TX,South,Organic Search,Mobile,Silver
C003124,2024-09-30,FL,South,Referral,Mobile,Bronze
C003125,2023-10-07,CA,West,Paid Social,Tablet,Bronze
C003126,2025-09-23,CA,West,Paid Social,Desktop,Bronze
C003127,2025-05-31,TX,South,Referral,Desktop,Silver
C003128,2023-08-25,OR,West,Organic Search,Mobile,Bronze
C003129,2025-04-13,IL,Midwest,Organic Search,Mobile,Gold
C003130,2025-02-13,NJ,Northeast,Paid Search,Mobile,Bronze
C003131,2023-12-05,VA,South,Referral,Desktop,Gold
C003132,2024-06-14,MD,Northeast,Organic Search,Mobile,Bronze
C003133,2025-10-30,CO,West,Referral,Mobile,Silver
C003134,2023-08-03,CA,West,Paid Social,Mobile,Silver
C003135,2025-06-08,MN,Midwest,Paid Social,Desktop,Silver
C003136,2025-10-20,MN,Midwest,Paid Social,Mobile,Platinum
C003137,2026-02-27,NY,Northeast,Organic Search,Mobile,Bronze
C003138,2024-02-04,CO,West,Organic Search,Desktop,Bronze
C003139,2023-11-25,MI,Midwest,Referral,Mobile,Bronze
C003140,2026-02-24,VA,South,Paid Search,Tablet,Bronze
C003141,2024-07-23,TX,South,Paid Social,Mobile,Silver
C003142,2024-12-01,NV,West,Affiliate,Tablet,Bronze
C003143,2024-09-23,NY,Northeast,Organic Search,Desktop,Silver
C003144,2024-09-25,CO,West,Paid Search,Mobile,Bronze
C003145,2025-02-07,MA,Northeast,Paid Search,Desktop,Gold
C003146,2024-06-05,IL,Midwest,Organic Search,Mobile,Bronze
C003147,2024-04-27,OH,Midwest,Affiliate,Mobile,Platinum
C003148,2024-05-08,MI,Midwest,Affiliate,Mobile,Silver
C003149,2025-03-18,NY,Northeast,Paid Search,Mobile,Platinum
C003150,2025-10-03,CA,West,Affiliate,Mobile,Silver
C003151,2024-11-14,CO,West,Organic Search,Mobile,Bronze
C003152,2025-04-14,MO,Midwest,Affiliate,Tablet,Silver
C003153,2024-05-23,NC,South,Referral,Desktop,Bronze
C003154,2025-08-10,CO,West,Organic Search,Mobile,Bronze
C003155,2024-04-29,NV,West,Paid Social,Mobile,Bronze
C003156,2024-06-02,TX,South,Referral,Mobile,Gold
C003157,2023-03-10,AZ,West,Paid Search,Mobile,Silver
C003158,2023-11-18,CA,West,Paid Search,Desktop,Bronze
C003159,2025-06-28,CT,Northeast,Email,Tablet,Gold
C003160,2023-04-17,GA,South,Organic Search,Mobile,Bronze
C003161,2023-10-03,NY,Northeast,Organic Search,Mobile,Bronze
C003162,2025-08-14,NJ,Northeast,Organic Search,Mobile,Bronze
C003163,2025-12-10,AZ,West,Referral,Mobile,Bronze
C003164,2024-05-26,MO,Midwest,Paid Search,Mobile,Silver
C003165,2024-05-15,MN,Midwest,Paid Social,Mobile,Bronze
C003166,2024-09-18,IL,Midwest,Organic Search,Mobile,Bronze
C003167,2025-08-06,CO,West,Organic Search,Mobile,Bronze
C003168,2024-07-31,AZ,West,Email,Desktop,Gold
C003169,2023-08-02,OR,West,Organic Search,Desktop,Silver
C003170,2024-06-14,MN,Midwest,Email,Mobile,Bronze
C003171,2023-11-10,MD,Northeast,Paid Search,Mobile,Silver
C003172,2025-04-21,MI,Midwest,Email,Desktop,Bronze
C003173,2023-06-25,IL,Midwest,Paid Search,Mobile,Gold
C003174,2025-01-19,NY,Northeast,Referral,Desktop,Bronze
C003175,2023-06-09,MN,Midwest,Organic Search,Mobile,Bronze
C003176,2026-04-11,CO,West,Referral,Desktop,Bronze
C003177,2025-02-26,CT,Northeast,Paid Search,Mobile,Bronze
C003178,2023-06-20,NC,South,Organic Search,Desktop,Bronze
C003179,2026-03-26,WA,West,Paid Social,Mobile,Silver
C003180,2024-12-07,GA,South,Organic Search,Desktop,Bronze
C003181,2025-01-16,NY,Northeast,Paid Social,Mobile,Bronze
C003182,2023-03-19,OR,West,Referral,Mobile,Silver
C003183,2023-08-20,NC,South,Referral,Desktop,Silver
C003184,2025-09-21,CO,West,Paid Social,Mobile,Gold
C003185,2024-07-29,CO,West,Affiliate,Mobile,Bronze
C003186,2025-01-28,AZ,West,Paid Social,Mobile,Gold
C003187,2026-04-30,IL,Midwest,Organic Search,Desktop,Silver
C003188,2024-06-11,CT,Northeast,Referral,Desktop,Silver
C003189,2024-04-13,WA,West,Organic Search,Mobile,Bronze
C003190,2025-09-14,NC,South,Organic Search,Desktop,Bronze
C003191,2023-03-23,CO,West,Organic Search,Desktop,Bronze
C003192,2024-07-14,CO,West,Paid Search,Desktop,Silver
C003193,2025-11-18,NC,South,Paid Search,Mobile,Silver
C003194,2023-10-08,OH,Midwest,Paid Search,Mobile,Bronze
C003195,2024-01-10,MN,Midwest,Paid Social,Mobile,Bronze
C003196,2024-08-04,TN,South,Referral,Mobile,Gold
C003197,2023-04-02,NC,South,Affiliate,Mobile,Bronze
C003198,2023-03-29,OR,West,Organic Search,Desktop,Silver
C003199,2023-11-06,OR,West,Organic Search,Mobile,Gold
C003200,2026-01-10,MA,Northeast,Paid Social,Desktop,Bronze
C003201,2023-10-01,IL,Midwest,Organic Search,Mobile,Silver
C003202,2025-06-18,MD,Northeast,Paid Search,Mobile,Silver
C003203,2024-06-08,NY,Northeast,Email,Desktop,Bronze
C003204,2025-07-24,MO,Midwest,Referral,Mobile,Bronze
C003205,2024-02-11,NY,Northeast,Organic Search,Desktop,Gold
C003206,2025-12-12,NC,South,Email,Mobile,Bronze
C003207,2024-04-01,OR,West,Email,Mobile,Bronze
C003208,2025-09-01,NV,West,Referral,Desktop,Bronze
C003209,2025-10-20,OR,West,Paid Search,Desktop,Silver
C003210,2024-06-15,CO,West,Referral,Mobile,Bronze
C003211,2025-03-31,TX,South,Referral,Desktop,Bronze
C003212,2023-05-27,MO,Midwest,Organic Search,Mobile,Bronze
C003213,2024-09-03,WI,Midwest,Email,Mobile,Bronze
C003214,2024-04-04,WI,Midwest,Email,Mobile,Silver
C003215,2026-03-20,CA,West,Paid Search,Desktop,Gold
C003216,2026-02-23,IL,Midwest,Paid Social,Desktop,Bronze
C003217,2025-08-22,GA,South,Paid Search,Mobile,Silver
C003218,2026-03-14,WA,West,Referral,Desktop,Silver
C003219,2026-04-16,TN,South,Organic Search,Desktop,Silver
C003220,2025-08-03,VA,South,Paid Social,Mobile,Silver
C003221,2024-12-31,GA,South,Organic Search,Mobile,Bronze
C003222,2023-09-09,CT,Northeast,Email,Mobile,Silver
C003223,2025-09-30,IL,Midwest,Email,Mobile,Silver
C003224,2023-08-28,WI,Midwest,Paid Social,Tablet,Silver
C003225,2023-08-16,CA,West,Paid Social,Desktop,Bronze
C003226,2025-12-18,CT,Northeast,Paid Search,Mobile,Bronze
C003227,2023-05-21,MI,Midwest,Paid Search,Mobile,Bronze
C003228,2023-06-24,OR,West,Referral,Mobile,Bronze
C003229,2024-09-21,OH,Midwest,Organic Search,Mobile,Bronze
C003230,2024-12-20,GA,South,Referral,Mobile,Bronze
C003231,2023-02-26,VA,South,Email,Mobile,Bronze
C003232,2024-04-10,AZ,West,Referral,Mobile,Bronze
C003233,2023-10-05,GA,South,Paid Search,Mobile,Platinum
C003234,2024-01-07,WA,West,Paid Social,Mobile,Bronze
C003235,2023-08-11,NV,West,Organic Search,Mobile,Bronze
C003236,2025-04-13,AZ,West,Affiliate,Mobile,Silver
C003237,2024-08-05,NJ,Northeast,Email,Mobile,Bronze
C003238,2026-03-27,TN,South,Email,Mobile,Bronze
C003239,2023-01-11,VA,South,Email,Mobile,Silver
C003240,2025-08-15,VA,South,Paid Search,Tablet,Bronze
C003241,2026-01-24,MA,Northeast,Paid Social,Mobile,Silver
C003242,2024-08-21,FL,South,Referral,Mobile,Bronze
C003243,2025-05-10,NJ,Northeast,Organic Search,Mobile,Bronze
C003244,2024-06-26,TN,South,Affiliate,Mobile,Bronze
C003245,2025-01-02,OR,West,Referral,Mobile,Bronze
C003246,2026-01-22,TX,South,Affiliate,Desktop,Silver
C003247,2024-10-14,TN,South,Referral,Tablet,Bronze
C003248,2024-12-12,NY,Northeast,Paid Search,Mobile,Bronze
C003249,2026-04-29,MD,Northeast,Paid Social,Mobile,Bronze
C003250,2024-09-03,GA,South,Organic Search,Desktop,Silver
C003251,2023-08-02,PA,Northeast,Referral,Mobile,Silver
C003252,2025-04-20,TX,South,Organic Search,Mobile,Gold
C003253,2025-05-02,FL,South,Referral,Desktop,Silver
C003254,2023-10-19,VA,South,Organic Search,Mobile,Platinum
C003255,2025-06-16,NV,West,Organic Search,Mobile,Bronze
C003256,2023-03-20,MD,Northeast,Organic Search,Mobile,Silver
C003257,2024-01-29,CO,West,Email,Mobile,Bronze
C003258,2025-11-18,TX,South,Organic Search,Tablet,Bronze
C003259,2025-01-30,GA,South,Organic Search,Mobile,Silver
C003260,2025-01-17,CO,West,Organic Search,Mobile,Gold
C003261,2025-02-03,OR,West,Paid Search,Mobile,Silver
C003262,2023-07-22,MN,Midwest,Affiliate,Mobile,Bronze
C003263,2026-03-29,NV,West,Paid Social,Mobile,Bronze
C003264,2024-01-02,TN,South,Paid Search,Mobile,Bronze
C003265,2025-08-26,VA,South,Organic Search,Mobile,Silver
C003266,2026-05-03,CO,West,Organic Search,Mobile,Bronze
C003267,2023-10-24,NV,West,Paid Search,Desktop,Bronze
C003268,2025-02-19,MN,Midwest,Organic Search,Mobile,Bronze
C003269,2023-02-22,PA,Northeast,Organic Search,Tablet,Gold
C003270,2025-02-22,CA,West,Organic Search,Mobile,Bronze
C003271,2024-06-26,CT,Northeast,Paid Search,Mobile,Bronze
C003272,2023-03-30,IL,Midwest,Referral,Tablet,Bronze
C003273,2025-04-07,WI,Midwest,Organic Search,Desktop,Bronze
C003274,2026-04-07,MI,Midwest,Email,Mobile,Bronze
C003275,2023-04-13,WI,Midwest,Email,Mobile,Silver
C003276,2026-01-04,MD,Northeast,Referral,Desktop,Bronze
C003277,2025-11-04,NC,South,Organic Search,Mobile,Bronze
C003278,2024-11-05,NC,South,Referral,Mobile,Bronze
C003279,2026-01-14,GA,South,Referral,Mobile,Bronze
C003280,2024-01-16,OR,West,Affiliate,Desktop,Silver
C003281,2025-06-05,IL,Midwest,Referral,Mobile,Bronze
C003282,2025-05-09,CA,West,Organic Search,Mobile,Silver
C003283,2024-12-15,TN,South,Affiliate,Tablet,Bronze
C003284,2025-10-22,CO,West,Referral,Mobile,Bronze
C003285,2025-12-14,CA,West,Organic Search,Desktop,Bronze
C003286,2025-08-25,OH,Midwest,Organic Search,Mobile,Silver
C003287,2024-12-25,MN,Midwest,Affiliate,Desktop,Bronze
C003288,2026-04-17,TN,South,Organic Search,Mobile,Bronze
C003289,2024-11-14,AZ,West,Referral,Mobile,Gold
C003290,2025-02-22,TN,South,Paid Search,Mobile,Bronze
C003291,2023-08-21,TX,South,Email,Desktop,Bronze
C003292,2024-01-31,OH,Midwest,Organic Search,Mobile,Bronze
C003293,2026-01-18,GA,South,Email,Mobile,Bronze
C003294,2024-09-04,TX,South,Paid Social,Mobile,Bronze
C003295,2024-09-21,GA,South,Affiliate,Desktop,Silver
C003296,2025-10-01,PA,Northeast,Organic Search,Desktop,Silver
C003297,2024-02-06,MO,Midwest,Organic Search,Mobile,Silver
C003298,2023-11-23,FL,South,Organic Search,Mobile,Bronze
C003299,2023-01-11,VA,South,Organic Search,Desktop,Bronze
C003300,2023-10-12,AZ,West,Affiliate,Mobile,Silver
C003301,2024-09-22,CT,Northeast,Organic Search,Mobile,Bronze
C003302,2025-06-11,TN,South,Organic Search,Mobile,Silver
C003303,2024-02-10,CO,West,Referral,Mobile,Silver
C003304,2024-07-01,NJ,Northeast,Organic Search,Tablet,Bronze
C003305,2023-09-30,MI,Midwest,Organic Search,Mobile,Bronze
C003306,2025-10-02,NV,West,Email,Mobile,Silver
C003307,2024-10-08,CO,West,Paid Search,Desktop,Silver
C003308,2023-06-26,CA,West,Referral,Mobile,Bronze
C003309,2025-01-20,MI,Midwest,Email,Tablet,Bronze
C003310,2024-02-18,WA,West,Paid Search,Mobile,Bronze
C003311,2025-11-30,NJ,Northeast,Paid Social,Desktop,Silver
C003312,2023-11-27,CT,Northeast,Referral,Desktop,Bronze
C003313,2025-11-30,FL,South,Paid Search,Desktop,Gold
C003314,2025-05-09,WI,Midwest,Email,Mobile,Gold
C003315,2023-06-16,VA,South,Paid Search,Desktop,Platinum
C003316,2025-07-23,AZ,West,Paid Social,Desktop,Bronze
C003317,2025-06-06,OH,Midwest,Email,Mobile,Bronze
C003318,2024-07-15,CA,West,Organic Search,Mobile,Gold
C003319,2023-07-17,OR,West,Paid Social,Desktop,Silver
C003320,2024-08-11,NC,South,Organic Search,Tablet,Bronze
C003321,2025-01-19,AZ,West,Email,Desktop,Gold
C003322,2023-06-12,GA,South,Paid Social,Mobile,Silver
C003323,2024-02-24,OH,Midwest,Paid Search,Desktop,Silver
C003324,2025-05-13,MD,Northeast,Organic Search,Mobile,Platinum
C003325,2024-11-11,MO,Midwest,Affiliate,Mobile,Platinum
C003326,2026-05-06,MA,Northeast,Paid Search,Desktop,Bronze
C003327,2023-09-24,TN,South,Paid Search,Mobile,Bronze
C003328,2025-08-15,MD,Northeast,Organic Search,Desktop,Silver
C003329,2024-06-07,GA,South,Paid Social,Mobile,Silver
C003330,2023-10-02,CA,West,Paid Search,Mobile,Silver
C003331,2026-03-16,MA,Northeast,Referral,Desktop,Bronze
C003332,2025-02-06,GA,South,Email,Mobile,Silver
C003333,2024-10-21,AZ,West,Organic Search,Tablet,Silver
C003334,2023-12-30,AZ,West,Paid Social,Tablet,Gold
C003335,2025-12-21,GA,South,Organic Search,Desktop,Gold
C003336,2023-02-07,GA,South,Organic Search,Desktop,Bronze
C003337,2023-05-22,GA,South,Paid Social,Mobile,Silver
C003338,2023-08-10,MA,Northeast,Organic Search,Mobile,Silver
C003339,2025-03-14,NC,South,Referral,Desktop,Bronze
C003340,2023-05-07,NC,South,Paid Social,Mobile,Bronze
C003341,2025-09-08,NC,South,Organic Search,Desktop,Silver
C003342,2023-08-30,MD,Northeast,Affiliate,Mobile,Silver
C003343,2025-04-12,WA,West,Paid Social,Desktop,Bronze
C003344,2025-09-06,WA,West,Organic Search,Mobile,Gold
C003345,2025-12-17,TN,South,Paid Social,Desktop,Platinum
C003346,2023-12-27,MO,Midwest,Affiliate,Mobile,Gold
C003347,2023-04-02,MN,Midwest,Paid Search,Mobile,Gold
C003348,2025-07-20,MI,Midwest,Paid Search,Desktop,Bronze
C003349,2024-07-06,MI,Midwest,Paid Social,Mobile,Gold
C003350,2026-03-14,GA,South,Paid Search,Mobile,Gold
C003351,2023-08-20,CA,West,Organic Search,Mobile,Silver
C003352,2024-12-07,NV,West,Paid Social,Mobile,Bronze
C003353,2023-05-27,WA,West,Referral,Desktop,Bronze
C003354,2024-08-20,FL,South,Email,Desktop,Bronze
C003355,2023-01-02,NC,South,Organic Search,Mobile,Silver
C003356,2025-07-12,VA,South,Paid Search,Mobile,Bronze
C003357,2025-01-14,FL,South,Organic Search,Desktop,Silver
C003358,2023-04-30,VA,South,Paid Search,Desktop,Silver
C003359,2024-09-06,MN,Midwest,Email,Mobile,Bronze
C003360,2024-06-11,MO,Midwest,Paid Search,Mobile,Bronze
C003361,2025-04-09,GA,South,Referral,Mobile,Silver
C003362,2024-09-06,VA,South,Paid Social,Desktop,Bronze
C003363,2024-07-19,MN,Midwest,Email,Desktop,Gold
C003364,2025-10-20,WI,Midwest,Referral,Desktop,Gold
C003365,2024-09-30,NC,South,Email,Desktop,Bronze
C003366,2025-09-29,GA,South,Referral,Desktop,Silver
C003367,2025-12-25,MN,Midwest,Referral,Mobile,Gold
C003368,2025-11-10,MO,Midwest,Paid Social,Mobile,Gold
C003369,2026-03-22,AZ,West,Paid Search,Mobile,Silver
C003370,2025-05-09,TX,South,Paid Search,Tablet,Platinum
C003371,2024-11-22,CT,Northeast,Referral,Mobile,Silver
C003372,2024-10-15,CO,West,Organic Search,Mobile,Bronze
C003373,2023-09-09,CT,Northeast,Affiliate,Desktop,Silver
C003374,2025-10-16,OR,West,Paid Search,Mobile,Silver
C003375,2025-05-03,GA,South,Email,Mobile,Platinum
C003376,2025-12-11,TN,South,Paid Search,Desktop,Bronze
C003377,2025-05-13,NV,West,Affiliate,Tablet,Bronze
C003378,2024-08-14,PA,Northeast,Organic Search,Mobile,Silver
C003379,2023-12-30,GA,South,Paid Search,Mobile,Gold
C003380,2026-04-28,PA,Northeast,Referral,Desktop,Silver
C003381,2025-06-22,TX,South,Paid Search,Desktop,Bronze
C003382,2025-12-12,NY,Northeast,Paid Search,Desktop,Gold
C003383,2024-12-21,NY,Northeast,Referral,Mobile,Silver
C003384,2024-09-20,GA,South,Referral,Mobile,Gold
C003385,2023-02-12,NV,West,Organic Search,Mobile,Gold
C003386,2023-03-27,MI,Midwest,Paid Social,Mobile,Bronze
C003387,2025-05-20,VA,South,Organic Search,Desktop,Platinum
C003388,2023-10-04,NJ,Northeast,Organic Search,Desktop,Bronze
C003389,2023-04-11,GA,South,Paid Social,Desktop,Platinum
C003390,2025-08-13,WA,West,Organic Search,Mobile,Bronze
C003391,2025-02-02,WA,West,Paid Social,Mobile,Silver
C003392,2023-05-17,MN,Midwest,Paid Search,Desktop,Bronze
C003393,2024-09-07,NJ,Northeast,Referral,Mobile,Bronze
C003394,2024-08-01,WA,West,Paid Social,Mobile,Platinum
C003395,2023-01-05,WI,Midwest,Organic Search,Mobile,Bronze
C003396,2025-01-14,CT,Northeast,Affiliate,Mobile,Bronze
C003397,2024-05-03,WA,West,Referral,Mobile,Gold
C003398,2025-12-17,CA,West,Paid Search,Mobile,Bronze
C003399,2023-05-23,OH,Midwest,Affiliate,Desktop,Silver
C003400,2025-11-08,MN,Midwest,Paid Search,Mobile,Platinum
C003401,2023-01-08,CO,West,Paid Search,Mobile,Bronze
C003402,2025-07-29,NY,Northeast,Paid Search,Mobile,Bronze
C003403,2025-08-21,TX,South,Organic Search,Mobile,Silver
C003404,2024-05-16,MA,Northeast,Email,Mobile,Silver
C003405,2023-12-12,MD,Northeast,Paid Social,Mobile,Bronze
C003406,2023-06-25,MA,Northeast,Referral,Mobile,Silver
C003407,2024-02-23,VA,South,Organic Search,Mobile,Bronze
C003408,2025-04-04,NV,West,Organic Search,Tablet,Bronze
C003409,2025-06-11,TX,South,Paid Search,Mobile,Bronze
C003410,2023-08-12,OR,West,Organic Search,Mobile,Gold
C003411,2023-01-14,WI,Midwest,Affiliate,Tablet,Bronze
C003412,2024-11-21,NV,West,Email,Desktop,Bronze
C003413,2024-12-15,FL,South,Referral,Desktop,Gold
C003414,2026-04-22,WA,West,Referral,Mobile,Bronze
C003415,2025-07-26,NC,South,Organic Search,Desktop,Gold
C003416,2024-11-08,OR,West,Organic Search,Mobile,Gold
C003417,2024-12-29,MN,Midwest,Paid Search,Desktop,Bronze
C003418,2025-03-05,MI,Midwest,Referral,Desktop,Bronze
C003419,2024-07-10,OR,West,Paid Search,Mobile,Bronze
C003420,2025-04-14,MA,Northeast,Organic Search,Tablet,Bronze
C003421,2023-08-29,NY,Northeast,Email,Tablet,Bronze
C003422,2025-10-19,GA,South,Organic Search,Mobile,Bronze
C003423,2025-11-26,MI,Midwest,Paid Social,Mobile,Bronze
C003424,2024-06-19,TN,South,Organic Search,Desktop,Silver
C003425,2024-07-16,AZ,West,Paid Social,Mobile,Bronze
C003426,2024-09-04,GA,South,Paid Search,Mobile,Bronze
C003427,2025-10-03,WA,West,Referral,Mobile,Bronze
C003428,2023-08-05,NJ,Northeast,Email,Desktop,Bronze
C003429,2024-02-25,NJ,Northeast,Organic Search,Tablet,Silver
C003430,2025-01-26,NJ,Northeast,Referral,Mobile,Silver
C003431,2025-05-03,TN,South,Referral,Desktop,Bronze
C003432,2023-12-31,TX,South,Email,Desktop,Silver
C003433,2023-05-25,NY,Northeast,Affiliate,Mobile,Bronze
C003434,2024-09-16,NV,West,Referral,Mobile,Gold
C003435,2025-02-25,WA,West,Organic Search,Mobile,Bronze
C003436,2025-08-01,TN,South,Paid Search,Desktop,Silver
C003437,2023-01-04,TN,South,Paid Search,Mobile,Bronze
C003438,2023-01-22,TN,South,Paid Social,Mobile,Bronze
C003439,2024-04-20,OR,West,Affiliate,Mobile,Silver
C003440,2024-11-25,MI,Midwest,Paid Social,Mobile,Bronze
C003441,2023-01-05,OR,West,Paid Search,Mobile,Silver
C003442,2023-08-02,WA,West,Affiliate,Desktop,Silver
C003443,2024-05-30,NV,West,Email,Mobile,Bronze
C003444,2023-12-10,VA,South,Paid Search,Desktop,Platinum
C003445,2025-05-24,NJ,Northeast,Affiliate,Desktop,Bronze
C003446,2023-02-12,TX,South,Paid Search,Desktop,Gold
C003447,2025-12-29,MN,Midwest,Paid Social,Mobile,Bronze
C003448,2023-07-28,MI,Midwest,Paid Social,Mobile,Bronze
C003449,2024-06-26,TN,South,Affiliate,Desktop,Bronze
C003450,2026-04-29,MD,Northeast,Paid Search,Mobile,Silver
C003451,2025-03-26,MO,Midwest,Paid Search,Mobile,Silver
C003452,2026-05-14,GA,South,Email,Mobile,Silver
C003453,2023-01-25,CO,West,Referral,Mobile,Bronze
C003454,2025-06-05,CA,West,Organic Search,Mobile,Bronze
C003455,2023-04-04,PA,Northeast,Organic Search,Desktop,Silver
C003456,2025-01-23,OH,Midwest,Affiliate,Desktop,Gold
C003457,2024-02-06,MD,Northeast,Referral,Desktop,Bronze
C003458,2025-08-14,MA,Northeast,Paid Search,Tablet,Gold
C003459,2023-06-03,OR,West,Paid Search,Desktop,Silver
C003460,2026-01-08,IL,Midwest,Paid Social,Mobile,Silver
C003461,2024-08-14,TN,South,Email,Mobile,Silver
C003462,2024-10-01,MN,Midwest,Paid Social,Desktop,Bronze
C003463,2024-12-04,CO,West,Referral,Mobile,Bronze
C003464,2023-02-13,GA,South,Organic Search,Desktop,Silver
C003465,2024-01-18,IL,Midwest,Referral,Mobile,Platinum
C003466,2025-05-23,MI,Midwest,Organic Search,Mobile,Bronze
C003467,2026-03-28,MN,Midwest,Referral,Desktop,Bronze
C003468,2026-04-27,FL,South,Organic Search,Desktop,Bronze
C003469,2024-10-21,TX,South,Organic Search,Desktop,Bronze
C003470,2023-11-14,CT,Northeast,Organic Search,Mobile,Silver
C003471,2024-08-10,NC,South,Organic Search,Mobile,Bronze
C003472,2024-07-24,GA,South,Paid Search,Desktop,Bronze
C003473,2024-05-04,NC,South,Email,Desktop,Silver
C003474,2024-03-20,TN,South,Referral,Mobile,Bronze
C003475,2025-12-04,TX,South,Paid Social,Mobile,Bronze
C003476,2024-04-25,GA,South,Paid Social,Mobile,Silver
C003477,2023-02-06,NJ,Northeast,Paid Search,Desktop,Bronze
C003478,2025-06-07,NY,Northeast,Referral,Mobile,Bronze
C003479,2025-03-29,NY,Northeast,Organic Search,Tablet,Bronze
C003480,2024-04-10,GA,South,Paid Search,Mobile,Bronze
C003481,2025-02-14,NC,South,Organic Search,Desktop,Gold
C003482,2026-03-04,MN,Midwest,Organic Search,Desktop,Silver
C003483,2026-02-11,CT,Northeast,Paid Social,Mobile,Bronze
C003484,2025-08-30,GA,South,Organic Search,Mobile,Bronze
C003485,2024-12-19,MN,Midwest,Organic Search,Mobile,Bronze
C003486,2023-02-04,WI,Midwest,Referral,Desktop,Gold
C003487,2024-09-22,MN,Midwest,Organic Search,Desktop,Silver
C003488,2025-10-04,MO,Midwest,Paid Social,Mobile,Silver
C003489,2025-11-06,WA,West,Paid Search,Mobile,Bronze
C003490,2025-08-09,TN,South,Referral,Desktop,Gold
C003491,2026-04-29,WI,Midwest,Email,Mobile,Silver
C003492,2024-09-27,NV,West,Organic Search,Mobile,Bronze
C003493,2023-05-16,NY,Northeast,Referral,Desktop,Bronze
C003494,2024-09-03,MN,Midwest,Paid Search,Desktop,Bronze
C003495,2024-01-28,CO,West,Paid Search,Mobile,Silver
C003496,2025-10-25,MA,Northeast,Email,Mobile,Bronze
C003497,2025-08-14,IL,Midwest,Email,Mobile,Bronze
C003498,2024-06-06,OH,Midwest,Paid Search,Mobile,Silver
C003499,2024-04-22,NC,South,Paid Search,Desktop,Silver
C003500,2023-07-16,CT,Northeast,Organic Search,Mobile,Bronze
C003501,2023-02-23,GA,South,Paid Social,Mobile,Bronze
C003502,2024-01-21,VA,South,Affiliate,Mobile,Bronze
C003503,2023-10-24,AZ,West,Paid Search,Desktop,Bronze
C003504,2023-11-23,OH,Midwest,Affiliate,Desktop,Silver
C003505,2026-05-14,OH,Midwest,Organic Search,Mobile,Silver
C003506,2025-04-18,VA,South,Referral,Mobile,Gold
C003507,2024-11-09,NC,South,Affiliate,Mobile,Silver
C003508,2023-08-09,MD,Northeast,Email,Desktop,Silver
C003509,2025-11-01,MO,Midwest,Organic Search,Desktop,Bronze
C003510,2025-03-04,GA,South,Paid Search,Desktop,Bronze
C003511,2024-09-25,NY,Northeast,Organic Search,Tablet,Gold
C003512,2024-07-27,MO,Midwest,Paid Social,Mobile,Silver
C003513,2024-11-11,MA,Northeast,Affiliate,Desktop,Gold
C003514,2025-10-30,NY,Northeast,Paid Search,Mobile,Silver
C003515,2025-06-05,MA,Northeast,Organic Search,Mobile,Bronze
C003516,2024-08-20,IL,Midwest,Paid Search,Mobile,Bronze
C003517,2025-04-01,OH,Midwest,Paid Social,Desktop,Bronze
C003518,2026-02-18,OR,West,Paid Social,Desktop,Silver
C003519,2024-02-06,GA,South,Organic Search,Mobile,Gold
C003520,2026-01-13,MN,Midwest,Referral,Desktop,Gold
C003521,2025-01-16,VA,South,Organic Search,Desktop,Bronze
C003522,2023-08-17,PA,Northeast,Email,Tablet,Bronze
C003523,2026-04-05,AZ,West,Paid Search,Mobile,Bronze
C003524,2025-04-24,VA,South,Organic Search,Tablet,Bronze
C003525,2024-04-20,TN,South,Email,Desktop,Platinum
C003526,2023-09-22,FL,South,Email,Desktop,Silver
C003527,2026-02-01,AZ,West,Paid Search,Mobile,Silver
C003528,2025-10-10,WA,West,Referral,Desktop,Gold
C003529,2023-02-24,PA,Northeast,Paid Social,Desktop,Bronze
C003530,2025-02-21,NC,South,Paid Search,Mobile,Gold
C003531,2023-05-22,WA,West,Affiliate,Tablet,Silver
C003532,2023-12-29,CA,West,Affiliate,Mobile,Bronze
C003533,2024-11-30,VA,South,Organic Search,Desktop,Silver
C003534,2023-11-03,AZ,West,Affiliate,Mobile,Bronze
C003535,2024-09-22,IL,Midwest,Referral,Mobile,Silver
C003536,2024-06-12,MI,Midwest,Organic Search,Mobile,Bronze
C003537,2024-12-16,WA,West,Paid Social,Mobile,Bronze
C003538,2025-09-12,MO,Midwest,Organic Search,Mobile,Silver
C003539,2023-07-11,CO,West,Paid Social,Mobile,Bronze
C003540,2025-09-07,TN,South,Affiliate,Mobile,Bronze
C003541,2023-10-01,PA,Northeast,Paid Search,Desktop,Gold
C003542,2023-02-11,TX,South,Paid Social,Mobile,Bronze
C003543,2024-07-03,NJ,Northeast,Organic Search,Mobile,Silver
C003544,2024-01-08,CA,West,Paid Social,Mobile,Silver
C003545,2023-08-16,TN,South,Referral,Mobile,Bronze
C003546,2024-06-04,TX,South,Organic Search,Mobile,Platinum
C003547,2025-12-05,TN,South,Paid Social,Tablet,Bronze
C003548,2024-12-21,MD,Northeast,Paid Search,Mobile,Bronze
C003549,2025-06-14,WA,West,Referral,Mobile,Bronze
C003550,2023-07-04,CT,Northeast,Email,Mobile,Silver
C003551,2023-04-04,MD,Northeast,Email,Mobile,Bronze
C003552,2024-02-17,GA,South,Paid Search,Desktop,Bronze
C003553,2025-08-11,GA,South,Paid Social,Tablet,Silver
C003554,2025-12-26,FL,South,Email,Mobile,Silver
C003555,2023-05-06,GA,South,Email,Mobile,Bronze
C003556,2024-08-09,MO,Midwest,Paid Social,Desktop,Bronze
C003557,2024-05-03,NC,South,Referral,Mobile,Bronze
C003558,2025-07-05,NJ,Northeast,Organic Search,Mobile,Bronze
C003559,2023-09-10,MN,Midwest,Organic Search,Desktop,Silver
C003560,2024-08-19,TN,South,Affiliate,Desktop,Bronze
C003561,2025-11-12,IL,Midwest,Organic Search,Mobile,Bronze
C003562,2024-07-26,TN,South,Affiliate,Desktop,Bronze
C003563,2025-08-19,NJ,Northeast,Paid Social,Mobile,Silver
C003564,2025-02-04,WA,West,Affiliate,Mobile,Silver
C003565,2025-01-05,PA,Northeast,Paid Social,Desktop,Bronze
C003566,2023-11-16,MA,Northeast,Referral,Desktop,Silver
C003567,2026-05-06,MD,Northeast,Email,Mobile,Silver
C003568,2023-11-04,FL,South,Paid Social,Desktop,Bronze
C003569,2026-02-20,NJ,Northeast,Paid Search,Desktop,Bronze
C003570,2026-05-02,GA,South,Organic Search,Desktop,Bronze
C003571,2024-09-21,MO,Midwest,Paid Search,Mobile,Gold
C003572,2025-12-05,CO,West,Affiliate,Mobile,Bronze
C003573,2025-05-30,GA,South,Paid Search,Desktop,Bronze
C003574,2025-06-27,TN,South,Referral,Mobile,Silver
C003575,2023-03-26,VA,South,Paid Social,Desktop,Silver
C003576,2023-06-18,VA,South,Paid Search,Mobile,Gold
C003577,2023-03-27,CT,Northeast,Affiliate,Mobile,Bronze
C003578,2023-02-07,NV,West,Organic Search,Desktop,Bronze
C003579,2025-10-26,MO,Midwest,Paid Social,Desktop,Silver
C003580,2023-08-04,WA,West,Paid Social,Mobile,Silver
C003581,2023-01-08,MI,Midwest,Organic Search,Mobile,Platinum
C003582,2026-02-28,WI,Midwest,Organic Search,Desktop,Silver
C003583,2023-12-10,TX,South,Email,Tablet,Bronze
C003584,2025-10-01,MN,Midwest,Organic Search,Mobile,Bronze
C003585,2026-03-28,MD,Northeast,Referral,Mobile,Platinum
C003586,2024-10-05,NJ,Northeast,Email,Mobile,Silver
C003587,2026-02-14,TN,South,Organic Search,Mobile,Bronze
C003588,2026-04-07,GA,South,Paid Search,Mobile,Bronze
C003589,2023-06-27,MO,Midwest,Organic Search,Desktop,Silver
C003590,2023-06-30,NC,South,Referral,Mobile,Bronze
C003591,2024-03-31,NY,Northeast,Paid Social,Mobile,Silver
C003592,2024-11-19,TN,South,Organic Search,Mobile,Silver
C003593,2025-08-25,NY,Northeast,Paid Social,Mobile,Bronze
C003594,2023-08-14,WA,West,Paid Social,Mobile,Platinum
C003595,2023-08-27,CO,West,Email,Mobile,Gold
C003596,2024-01-13,MD,Northeast,Organic Search,Mobile,Bronze
C003597,2023-12-01,NY,Northeast,Organic Search,Desktop,Bronze
C003598,2026-03-03,PA,Northeast,Paid Search,Mobile,Gold
C003599,2024-05-02,NY,Northeast,Email,Mobile,Bronze
C003600,2025-12-04,FL,South,Email,Desktop,Gold
C003601,2023-03-10,VA,South,Paid Search,Mobile,Bronze
C003602,2023-05-06,WA,West,Organic Search,Mobile,Silver
C003603,2025-09-16,NC,South,Email,Desktop,Silver
C003604,2023-11-04,AZ,West,Organic Search,Mobile,Bronze
C003605,2023-04-12,MD,Northeast,Paid Social,Mobile,Silver
C003606,2025-01-01,OR,West,Paid Search,Desktop,Bronze
C003607,2023-07-01,AZ,West,Organic Search,Mobile,Bronze
C003608,2023-03-17,OR,West,Paid Social,Desktop,Bronze
C003609,2024-05-14,CA,West,Organic Search,Mobile,Bronze
C003610,2024-11-08,WA,West,Paid Social,Mobile,Bronze
C003611,2024-10-11,WI,Midwest,Organic Search,Mobile,Bronze
C003612,2024-12-20,TN,South,Paid Search,Mobile,Bronze
C003613,2023-01-30,MN,Midwest,Paid Social,Mobile,Bronze
C003614,2023-12-25,CT,Northeast,Organic Search,Mobile,Bronze
C003615,2024-02-27,WI,Midwest,Paid Social,Mobile,Gold
C003616,2023-12-27,MI,Midwest,Referral,Mobile,Bronze
C003617,2024-11-19,FL,South,Affiliate,Mobile,Silver
C003618,2023-10-09,CO,West,Organic Search,Mobile,Bronze
C003619,2025-02-16,VA,South,Organic Search,Desktop,Bronze
C003620,2026-02-25,NY,Northeast,Paid Search,Mobile,Bronze
C003621,2025-03-24,WI,Midwest,Referral,Desktop,Bronze
C003622,2024-04-23,TX,South,Paid Search,Mobile,Silver
C003623,2024-06-19,VA,South,Paid Search,Mobile,Silver
C003624,2024-12-21,MA,Northeast,Referral,Desktop,Bronze
C003625,2025-06-10,WI,Midwest,Organic Search,Desktop,Bronze
C003626,2024-01-07,TN,South,Paid Social,Mobile,Gold
C003627,2023-02-17,MA,Northeast,Paid Social,Mobile,Bronze
C003628,2025-05-14,OH,Midwest,Email,Desktop,Silver
C003629,2025-03-25,WI,Midwest,Email,Mobile,Silver
C003630,2023-05-05,NV,West,Paid Search,Mobile,Bronze
C003631,2025-02-10,NV,West,Email,Mobile,Bronze
C003632,2023-03-30,NJ,Northeast,Paid Social,Mobile,Bronze
C003633,2025-03-02,IL,Midwest,Organic Search,Desktop,Silver
C003634,2025-07-05,NC,South,Referral,Mobile,Platinum
C003635,2023-01-20,MI,Midwest,Referral,Mobile,Bronze
C003636,2025-06-13,NV,West,Affiliate,Mobile,Gold
C003637,2023-05-29,PA,Northeast,Email,Mobile,Bronze
C003638,2023-11-23,CO,West,Organic Search,Desktop,Bronze
C003639,2025-05-17,CT,Northeast,Paid Search,Desktop,Silver
C003640,2024-03-13,GA,South,Paid Search,Mobile,Platinum
C003641,2026-04-17,TN,South,Organic Search,Desktop,Bronze
C003642,2026-03-24,NV,West,Paid Search,Mobile,Silver
C003643,2026-04-29,MA,Northeast,Paid Search,Mobile,Bronze
C003644,2023-05-09,NV,West,Organic Search,Mobile,Gold
C003645,2023-08-06,CO,West,Referral,Mobile,Gold
C003646,2023-08-14,OH,Midwest,Organic Search,Mobile,Silver
C003647,2024-12-21,GA,South,Paid Social,Desktop,Silver
C003648,2024-06-13,FL,South,Referral,Mobile,Bronze
C003649,2025-07-07,NV,West,Paid Social,Mobile,Gold
C003650,2023-12-14,MD,Northeast,Organic Search,Desktop,Silver
C003651,2023-09-03,NC,South,Paid Social,Desktop,Bronze
C003652,2025-03-09,WA,West,Referral,Mobile,Gold
C003653,2025-01-29,VA,South,Referral,Mobile,Silver
C003654,2025-04-30,AZ,West,Paid Search,Desktop,Silver
C003655,2024-01-20,GA,South,Organic Search,Mobile,Silver
C003656,2024-10-09,CA,West,Paid Social,Mobile,Bronze
C003657,2026-02-16,OR,West,Organic Search,Mobile,Bronze
C003658,2025-01-22,TN,South,Referral,Mobile,Bronze
C003659,2026-02-21,MA,Northeast,Email,Desktop,Gold
C003660,2024-06-17,WA,West,Referral,Desktop,Silver
C003661,2023-02-25,CA,West,Affiliate,Mobile,Gold
C003662,2025-07-25,MD,Northeast,Paid Social,Tablet,Bronze
C003663,2024-07-20,PA,Northeast,Affiliate,Mobile,Platinum
C003664,2023-02-21,WI,Midwest,Email,Mobile,Bronze
C003665,2023-06-20,OR,West,Organic Search,Mobile,Bronze
C003666,2024-01-21,TX,South,Referral,Mobile,Platinum
C003667,2023-08-24,OR,West,Email,Mobile,Silver
C003668,2025-04-22,AZ,West,Affiliate,Desktop,Gold
C003669,2025-01-22,GA,South,Organic Search,Mobile,Silver
C003670,2024-02-10,NC,South,Paid Search,Mobile,Bronze
C003671,2023-04-15,GA,South,Referral,Mobile,Bronze
C003672,2023-04-07,MI,Midwest,Organic Search,Mobile,Gold
C003673,2026-03-10,FL,South,Email,Mobile,Bronze
C003674,2024-02-29,FL,South,Paid Social,Mobile,Silver
C003675,2023-05-13,OH,Midwest,Organic Search,Mobile,Bronze
C003676,2025-05-25,CT,Northeast,Organic Search,Desktop,Bronze
C003677,2025-12-06,GA,South,Referral,Desktop,Gold
C003678,2023-05-31,TN,South,Organic Search,Mobile,Gold
C003679,2026-03-09,FL,South,Referral,Mobile,Bronze
C003680,2025-06-11,WA,West,Email,Mobile,Bronze
C003681,2023-11-07,MO,Midwest,Email,Mobile,Bronze
C003682,2025-08-12,CO,West,Paid Search,Desktop,Bronze
C003683,2024-05-31,GA,South,Organic Search,Mobile,Gold
C003684,2025-02-21,FL,South,Referral,Desktop,Bronze
C003685,2023-06-06,AZ,West,Organic Search,Mobile,Bronze
C003686,2023-10-28,CA,West,Paid Search,Tablet,Silver
C003687,2025-08-10,GA,South,Affiliate,Desktop,Silver
C003688,2025-09-18,MA,Northeast,Paid Search,Desktop,Bronze
C003689,2023-01-14,WI,Midwest,Paid Search,Tablet,Gold
C003690,2023-09-21,TX,South,Affiliate,Mobile,Bronze
C003691,2025-01-17,CA,West,Organic Search,Mobile,Bronze
C003692,2026-01-20,OH,Midwest,Organic Search,Mobile,Gold
C003693,2025-04-10,CA,West,Paid Search,Desktop,Bronze
C003694,2025-05-19,NC,South,Referral,Desktop,Platinum
C003695,2024-04-23,MO,Midwest,Referral,Mobile,Silver
C003696,2023-03-09,FL,South,Referral,Desktop,Gold
C003697,2025-07-31,GA,South,Affiliate,Mobile,Bronze
C003698,2025-09-10,WA,West,Organic Search,Mobile,Bronze
C003699,2024-06-29,CA,West,Paid Social,Mobile,Gold
C003700,2024-09-15,TN,South,Organic Search,Mobile,Gold
C003701,2023-10-17,NJ,Northeast,Affiliate,Mobile,Gold
C003702,2024-07-11,NV,West,Affiliate,Desktop,Bronze
C003703,2023-10-25,TN,South,Paid Search,Mobile,Silver
C003704,2024-06-01,MO,Midwest,Referral,Mobile,Bronze
C003705,2023-06-15,WA,West,Email,Mobile,Bronze
C003706,2025-01-16,NV,West,Organic Search,Mobile,Silver
C003707,2023-11-01,VA,South,Paid Social,Desktop,Silver
C003708,2025-06-10,MI,Midwest,Affiliate,Desktop,Bronze
C003709,2024-09-29,TX,South,Paid Search,Mobile,Bronze
C003710,2026-01-07,OH,Midwest,Organic Search,Desktop,Silver
C003711,2023-09-30,CT,Northeast,Affiliate,Desktop,Platinum
C003712,2023-12-02,WI,Midwest,Paid Search,Desktop,Bronze
C003713,2023-10-27,NJ,Northeast,Paid Search,Mobile,Gold
C003714,2025-02-15,OH,Midwest,Email,Mobile,Gold
C003715,2023-05-12,NJ,Northeast,Paid Social,Desktop,Bronze
C003716,2025-04-24,NJ,Northeast,Paid Search,Mobile,Silver
C003717,2025-10-05,WI,Midwest,Organic Search,Mobile,Gold
C003718,2025-04-10,MD,Northeast,Referral,Mobile,Silver
C003719,2023-06-15,NY,Northeast,Paid Social,Mobile,Bronze
C003720,2024-08-29,TN,South,Email,Mobile,Silver
C003721,2024-10-18,WI,Midwest,Referral,Desktop,Silver
C003722,2024-04-26,NC,South,Organic Search,Mobile,Silver
C003723,2024-07-28,MD,Northeast,Referral,Mobile,Bronze
C003724,2025-07-27,TX,South,Referral,Tablet,Bronze
C003725,2025-10-24,CT,Northeast,Affiliate,Mobile,Silver
C003726,2024-01-05,IL,Midwest,Organic Search,Mobile,Bronze
C003727,2024-02-11,MD,Northeast,Paid Search,Desktop,Gold
C003728,2023-09-14,OR,West,Email,Tablet,Bronze
C003729,2024-05-09,IL,Midwest,Affiliate,Desktop,Gold
C003730,2024-11-02,WI,Midwest,Affiliate,Mobile,Bronze
C003731,2025-05-28,CT,Northeast,Paid Search,Mobile,Gold
C003732,2023-11-26,PA,Northeast,Paid Social,Desktop,Gold
C003733,2023-09-24,FL,South,Organic Search,Desktop,Bronze
C003734,2023-02-10,TX,South,Email,Mobile,Bronze
C003735,2023-04-26,CO,West,Referral,Desktop,Gold
C003736,2023-03-05,NJ,Northeast,Referral,Desktop,Silver
C003737,2023-09-13,CO,West,Paid Search,Mobile,Silver
C003738,2025-05-05,MN,Midwest,Affiliate,Mobile,Bronze
C003739,2025-08-11,WI,Midwest,Organic Search,Mobile,Gold
C003740,2026-04-12,TN,South,Paid Social,Tablet,Silver
C003741,2024-11-02,CO,West,Paid Social,Mobile,Bronze
C003742,2024-07-13,CA,West,Paid Social,Desktop,Bronze
C003743,2026-01-12,MD,Northeast,Referral,Mobile,Bronze
C003744,2023-07-01,TX,South,Paid Social,Desktop,Gold
C003745,2025-02-14,CO,West,Organic Search,Mobile,Gold
C003746,2025-10-04,OH,Midwest,Organic Search,Desktop,Bronze
C003747,2024-09-10,CO,West,Paid Social,Mobile,Bronze
C003748,2023-11-18,NY,Northeast,Email,Desktop,Bronze
C003749,2025-02-03,GA,South,Paid Social,Desktop,Bronze
C003750,2026-05-10,NV,West,Paid Search,Mobile,Gold
C003751,2023-10-18,CO,West,Organic Search,Tablet,Silver
C003752,2024-11-24,TX,South,Referral,Mobile,Bronze
C003753,2023-03-04,TX,South,Paid Social,Desktop,Bronze
C003754,2023-10-14,MN,Midwest,Paid Social,Mobile,Bronze
C003755,2025-08-02,TX,South,Paid Social,Desktop,Silver
C003756,2024-09-02,TN,South,Paid Search,Desktop,Bronze
C003757,2023-09-03,CA,West,Paid Search,Desktop,Bronze
C003758,2024-02-17,VA,South,Organic Search,Mobile,Gold
C003759,2023-05-29,MA,Northeast,Email,Mobile,Silver
C003760,2025-08-17,CO,West,Paid Search,Desktop,Silver
C003761,2026-03-06,NY,Northeast,Paid Search,Mobile,Bronze
C003762,2023-05-11,FL,South,Affiliate,Desktop,Bronze
C003763,2023-10-20,OR,West,Paid Search,Mobile,Gold
C003764,2025-11-20,CA,West,Paid Social,Mobile,Gold
C003765,2025-12-17,CA,West,Paid Search,Desktop,Silver
C003766,2025-08-02,OH,Midwest,Paid Search,Mobile,Silver
C003767,2025-05-30,TN,South,Organic Search,Mobile,Bronze
C003768,2025-11-26,TN,South,Referral,Mobile,Silver
C003769,2024-04-04,IL,Midwest,Paid Social,Tablet,Bronze
C003770,2026-01-06,IL,Midwest,Email,Mobile,Bronze
C003771,2025-12-27,MA,Northeast,Affiliate,Tablet,Bronze
C003772,2023-10-10,PA,Northeast,Organic Search,Mobile,Bronze
C003773,2023-03-31,WI,Midwest,Email,Mobile,Bronze
C003774,2024-10-03,NJ,Northeast,Organic Search,Mobile,Bronze
C003775,2025-07-22,MI,Midwest,Paid Social,Mobile,Bronze
C003776,2025-11-12,FL,South,Referral,Mobile,Gold
C003777,2023-06-25,OH,Midwest,Organic Search,Mobile,Gold
C003778,2024-04-09,AZ,West,Affiliate,Mobile,Bronze
C003779,2025-08-03,MI,Midwest,Paid Social,Desktop,Bronze
C003780,2023-03-16,MA,Northeast,Paid Search,Mobile,Gold
C003781,2025-06-08,CA,West,Organic Search,Mobile,Bronze
C003782,2023-12-26,MA,Northeast,Paid Social,Mobile,Silver
C003783,2023-01-28,PA,Northeast,Paid Social,Mobile,Bronze
C003784,2023-10-25,CO,West,Organic Search,Desktop,Silver
C003785,2025-07-02,GA,South,Paid Social,Desktop,Bronze
C003786,2025-12-07,NY,Northeast,Organic Search,Desktop,Silver
C003787,2023-04-11,CT,Northeast,Affiliate,Mobile,Bronze
C003788,2024-07-24,CA,West,Paid Search,Mobile,Bronze
C003789,2023-09-05,VA,South,Paid Social,Desktop,Bronze
C003790,2025-04-21,MI,Midwest,Referral,Tablet,Bronze
C003791,2025-08-19,AZ,West,Email,Mobile,Platinum
C003792,2026-03-30,NC,South,Referral,Mobile,Bronze
C003793,2024-03-12,OR,West,Affiliate,Desktop,Bronze
C003794,2024-01-04,NV,West,Organic Search,Tablet,Silver
C003795,2024-01-17,FL,South,Paid Search,Mobile,Bronze
C003796,2025-07-26,IL,Midwest,Email,Mobile,Gold
C003797,2024-07-01,WI,Midwest,Organic Search,Desktop,Gold
C003798,2023-01-29,MO,Midwest,Email,Desktop,Bronze
C003799,2026-03-12,VA,South,Organic Search,Mobile,Silver
C003800,2023-05-09,FL,South,Affiliate,Mobile,Silver
C003801,2026-02-16,OR,West,Email,Mobile,Bronze
C003802,2023-07-19,OR,West,Paid Social,Desktop,Silver
C003803,2024-10-24,TN,South,Paid Search,Desktop,Bronze
C003804,2024-01-20,NV,West,Affiliate,Mobile,Bronze
C003805,2025-04-25,AZ,West,Email,Mobile,Silver
C003806,2024-05-11,CO,West,Referral,Desktop,Silver
C003807,2024-03-28,MI,Midwest,Referral,Mobile,Silver
C003808,2024-08-10,MN,Midwest,Organic Search,Mobile,Bronze
C003809,2026-04-10,MA,Northeast,Organic Search,Mobile,Silver
C003810,2023-10-30,MO,Midwest,Organic Search,Mobile,Bronze
C003811,2023-09-28,GA,South,Email,Desktop,Silver
C003812,2023-03-23,WA,West,Email,Mobile,Bronze
C003813,2025-06-28,GA,South,Paid Search,Desktop,Silver
C003814,2025-04-14,NV,West,Affiliate,Desktop,Bronze
C003815,2025-01-19,VA,South,Organic Search,Mobile,Bronze
C003816,2023-01-30,TN,South,Referral,Desktop,Bronze
C003817,2025-08-31,TX,South,Paid Social,Mobile,Bronze
C003818,2025-09-23,NC,South,Paid Search,Desktop,Bronze
C003819,2026-03-09,IL,Midwest,Organic Search,Mobile,Bronze
C003820,2026-02-17,PA,Northeast,Email,Tablet,Bronze
C003821,2023-11-20,MO,Midwest,Referral,Mobile,Silver
C003822,2025-05-24,MO,Midwest,Paid Search,Mobile,Platinum
C003823,2024-05-10,TX,South,Paid Social,Mobile,Gold
C003824,2025-01-03,CA,West,Paid Social,Mobile,Platinum
C003825,2024-02-14,WI,Midwest,Paid Search,Mobile,Gold
C003826,2025-03-19,GA,South,Paid Social,Mobile,Bronze
C003827,2026-03-18,GA,South,Paid Search,Mobile,Bronze
C003828,2025-03-13,VA,South,Referral,Mobile,Bronze
C003829,2026-02-07,MD,Northeast,Email,Desktop,Bronze
C003830,2026-02-20,MO,Midwest,Organic Search,Mobile,Gold
C003831,2023-05-27,TN,South,Referral,Mobile,Gold
C003832,2026-04-02,MO,Midwest,Paid Search,Desktop,Silver
C003833,2025-10-04,TN,South,Affiliate,Desktop,Gold
C003834,2024-06-09,VA,South,Paid Social,Mobile,Silver
C003835,2025-01-08,NC,South,Organic Search,Mobile,Bronze
C003836,2025-01-29,TX,South,Email,Mobile,Bronze
C003837,2025-08-26,WI,Midwest,Organic Search,Mobile,Gold
C003838,2025-09-15,CO,West,Referral,Desktop,Silver
C003839,2023-05-07,OH,Midwest,Affiliate,Mobile,Bronze
C003840,2023-01-02,GA,South,Email,Tablet,Bronze
C003841,2023-10-31,MN,Midwest,Paid Social,Desktop,Silver
C003842,2024-10-10,MN,Midwest,Paid Social,Tablet,Silver
C003843,2025-11-11,WI,Midwest,Paid Search,Mobile,Silver
C003844,2025-03-14,MI,Midwest,Organic Search,Desktop,Platinum
C003845,2023-06-17,MD,Northeast,Affiliate,Desktop,Bronze
C003846,2025-06-01,TN,South,Paid Search,Desktop,Gold
C003847,2024-07-30,MO,Midwest,Paid Search,Mobile,Silver
C003848,2024-03-29,MN,Midwest,Organic Search,Mobile,Silver
C003849,2025-08-07,CA,West,Affiliate,Mobile,Gold
C003850,2023-12-30,VA,South,Affiliate,Mobile,Gold
C003851,2025-01-31,TX,South,Paid Search,Desktop,Bronze
C003852,2023-08-13,FL,South,Paid Search,Desktop,Gold
C003853,2024-04-14,FL,South,Referral,Mobile,Silver
C003854,2024-11-17,FL,South,Paid Search,Mobile,Bronze
C003855,2025-02-06,WI,Midwest,Affiliate,Mobile,Silver
C003856,2026-02-05,OR,West,Affiliate,Desktop,Bronze
C003857,2023-12-24,NJ,Northeast,Referral,Desktop,Silver
C003858,2026-01-07,TX,South,Organic Search,Mobile,Bronze
C003859,2025-10-02,OH,Midwest,Email,Mobile,Bronze
C003860,2024-03-19,AZ,West,Affiliate,Tablet,Bronze
C003861,2023-06-22,TN,South,Paid Search,Desktop,Silver
C003862,2023-11-14,WA,West,Referral,Desktop,Bronze
C003863,2025-03-20,IL,Midwest,Paid Search,Mobile,Silver
C003864,2025-08-29,NC,South,Affiliate,Mobile,Silver
C003865,2025-01-23,CT,Northeast,Email,Desktop,Bronze
C003866,2025-06-11,TX,South,Organic Search,Mobile,Bronze
C003867,2023-05-06,TN,South,Paid Social,Desktop,Bronze
C003868,2024-09-14,WA,West,Organic Search,Desktop,Gold
C003869,2025-12-11,OH,Midwest,Paid Search,Mobile,Gold
C003870,2024-04-23,NC,South,Affiliate,Mobile,Bronze
C003871,2026-01-11,TX,South,Organic Search,Desktop,Bronze
C003872,2023-06-02,WA,West,Affiliate,Desktop,Silver
C003873,2026-04-19,CA,West,Organic Search,Mobile,Bronze
C003874,2025-08-24,WA,West,Email,Desktop,Bronze
C003875,2025-02-09,CT,Northeast,Affiliate,Mobile,Bronze
C003876,2025-01-30,FL,South,Email,Desktop,Silver
C003877,2026-02-26,CA,West,Referral,Desktop,Bronze
C003878,2024-04-08,NJ,Northeast,Affiliate,Mobile,Gold
C003879,2023-07-23,CA,West,Email,Desktop,Bronze
C003880,2026-02-05,NC,South,Referral,Desktop,Bronze
C003881,2023-05-07,MO,Midwest,Organic Search,Desktop,Gold
C003882,2025-03-23,NJ,Northeast,Paid Search,Mobile,Bronze
C003883,2023-11-24,WI,Midwest,Paid Search,Desktop,Bronze
C003884,2026-02-17,GA,South,Referral,Desktop,Bronze
C003885,2026-04-13,NY,Northeast,Email,Mobile,Silver
C003886,2024-08-07,AZ,West,Paid Social,Mobile,Silver
C003887,2024-10-18,NJ,Northeast,Affiliate,Desktop,Silver
C003888,2024-07-13,MA,Northeast,Organic Search,Desktop,Bronze
C003889,2024-06-07,MA,Northeast,Affiliate,Mobile,Bronze
C003890,2026-02-27,NV,West,Organic Search,Desktop,Bronze
C003891,2023-12-20,CA,West,Paid Search,Mobile,Bronze
C003892,2026-03-27,OH,Midwest,Email,Desktop,Bronze
C003893,2025-03-11,TN,South,Paid Search,Mobile,Bronze
C003894,2026-03-28,VA,South,Email,Mobile,Silver
C003895,2025-01-23,NY,Northeast,Referral,Tablet,Silver
C003896,2025-10-05,MI,Midwest,Referral,Desktop,Silver
C003897,2024-08-26,VA,South,Organic Search,Mobile,Silver
C003898,2024-07-23,FL,South,Organic Search,Desktop,Bronze
C003899,2023-11-13,OR,West,Organic Search,Desktop,Silver
C003900,2023-09-16,CO,West,Paid Social,Desktop,Bronze
C003901,2023-02-16,CO,West,Organic Search,Mobile,Silver
C003902,2024-04-17,MA,Northeast,Paid Search,Mobile,Bronze
C003903,2026-04-30,WI,Midwest,Referral,Desktop,Silver
C003904,2026-03-01,NC,South,Affiliate,Desktop,Gold
C003905,2025-04-29,FL,South,Referral,Mobile,Bronze
C003906,2024-03-23,MO,Midwest,Organic Search,Mobile,Bronze
C003907,2024-10-02,NY,Northeast,Paid Social,Mobile,Gold
C003908,2025-07-20,NY,Northeast,Organic Search,Mobile,Bronze
C003909,2023-01-03,NC,South,Paid Search,Desktop,Bronze
C003910,2026-02-10,MD,Northeast,Paid Search,Mobile,Bronze
C003911,2025-12-07,TN,South,Affiliate,Desktop,Bronze
C003912,2026-04-09,TN,South,Email,Desktop,Silver
C003913,2023-04-27,PA,Northeast,Paid Search,Mobile,Gold
C003914,2026-03-12,GA,South,Email,Desktop,Silver
C003915,2025-01-25,GA,South,Affiliate,Mobile,Bronze
C003916,2024-11-14,FL,South,Organic Search,Mobile,Silver
C003917,2023-08-09,GA,South,Referral,Mobile,Gold
C003918,2024-08-28,TX,South,Organic Search,Mobile,Bronze
C003919,2024-03-23,OH,Midwest,Organic Search,Mobile,Silver
C003920,2026-04-30,VA,South,Referral,Tablet,Bronze
C003921,2024-02-23,AZ,West,Organic Search,Mobile,Bronze
C003922,2023-09-26,NY,Northeast,Referral,Mobile,Silver
C003923,2026-03-10,FL,South,Organic Search,Desktop,Silver
C003924,2023-08-19,NJ,Northeast,Paid Social,Desktop,Gold
C003925,2026-01-18,WA,West,Email,Mobile,Bronze
C003926,2026-03-31,TN,South,Referral,Mobile,Bronze
C003927,2024-01-14,VA,South,Referral,Mobile,Bronze
C003928,2025-04-28,CT,Northeast,Email,Mobile,Bronze
C003929,2025-09-07,OR,West,Paid Search,Mobile,Bronze
C003930,2024-10-22,NY,Northeast,Organic Search,Desktop,Silver
C003931,2025-05-07,TX,South,Email,Mobile,Silver
C003932,2023-06-12,WI,Midwest,Paid Social,Mobile,Bronze
C003933,2024-09-27,TN,South,Organic Search,Desktop,Bronze
C003934,2024-09-23,NV,West,Affiliate,Mobile,Bronze
C003935,2024-11-28,NC,South,Paid Search,Mobile,Silver
C003936,2026-03-08,CO,West,Organic Search,Desktop,Bronze
C003937,2025-10-12,TN,South,Affiliate,Mobile,Bronze
C003938,2025-01-12,IL,Midwest,Paid Social,Mobile,Bronze
C003939,2024-05-11,GA,South,Email,Mobile,Bronze
C003940,2024-05-13,CA,West,Organic Search,Mobile,Bronze
C003941,2023-01-25,OR,West,Paid Search,Mobile,Gold
C003942,2024-11-09,NV,West,Email,Mobile,Bronze
C003943,2023-11-07,WA,West,Paid Search,Mobile,Bronze
C003944,2025-12-26,IL,Midwest,Email,Mobile,Bronze
C003945,2025-08-10,OR,West,Organic Search,Mobile,Bronze
C003946,2026-01-28,MA,Northeast,Organic Search,Desktop,Gold
C003947,2026-05-10,AZ,West,Organic Search,Tablet,Silver
C003948,2024-05-07,CA,West,Paid Search,Mobile,Bronze
C003949,2024-06-11,NJ,Northeast,Organic Search,Mobile,Silver
C003950,2025-01-18,TN,South,Referral,Desktop,Bronze
C003951,2024-06-13,TN,South,Paid Social,Mobile,Bronze
C003952,2023-12-10,MD,Northeast,Organic Search,Mobile,Bronze
C003953,2025-05-20,CT,Northeast,Paid Social,Desktop,Gold
C003954,2024-07-09,MO,Midwest,Organic Search,Mobile,Silver
C003955,2026-03-05,NV,West,Paid Search,Mobile,Bronze
C003956,2023-09-28,MO,Midwest,Referral,Mobile,Silver
C003957,2024-06-30,PA,Northeast,Email,Mobile,Bronze
C003958,2024-10-16,MD,Northeast,Email,Mobile,Bronze
C003959,2026-01-22,OR,West,Paid Search,Mobile,Bronze
C003960,2024-12-12,GA,South,Organic Search,Desktop,Bronze
C003961,2023-03-27,TN,South,Referral,Mobile,Bronze
C003962,2024-02-20,OR,West,Paid Social,Tablet,Gold
C003963,2025-12-26,IL,Midwest,Email,Mobile,Bronze
C003964,2023-12-01,VA,South,Affiliate,Mobile,Bronze
C003965,2024-02-24,GA,South,Paid Search,Mobile,Bronze
C003966,2023-07-05,CO,West,Referral,Mobile,Bronze
C003967,2025-06-04,GA,South,Paid Social,Desktop,Bronze
C003968,2023-06-21,CO,West,Organic Search,Mobile,Bronze
C003969,2024-03-28,NC,South,Organic Search,Mobile,Bronze
C003970,2025-05-25,AZ,West,Paid Social,Mobile,Bronze
C003971,2026-01-07,CT,Northeast,Paid Search,Mobile,Bronze
C003972,2023-09-30,WA,West,Email,Mobile,Silver
C003973,2024-02-13,TN,South,Email,Mobile,Gold
C003974,2023-05-26,CO,West,Paid Social,Mobile,Bronze
C003975,2024-06-23,NV,West,Paid Social,Desktop,Silver
C003976,2026-05-14,CO,West,Email,Desktop,Silver
C003977,2024-01-10,CO,West,Paid Social,Mobile,Silver
C003978,2023-11-16,NV,West,Referral,Mobile,Silver
C003979,2024-05-07,GA,South,Organic Search,Mobile,Bronze
C003980,2026-01-08,MO,Midwest,Affiliate,Mobile,Gold
C003981,2024-11-04,WA,West,Organic Search,Mobile,Bronze
C003982,2025-01-19,NC,South,Organic Search,Mobile,Bronze
C003983,2025-08-18,WI,Midwest,Email,Tablet,Silver
C003984,2025-05-30,CO,West,Organic Search,Desktop,Gold
C003985,2025-01-07,FL,South,Paid Search,Mobile,Bronze
C003986,2024-11-21,CA,West,Organic Search,Mobile,Platinum
C003987,2024-10-18,OR,West,Email,Mobile,Silver
C003988,2023-08-11,VA,South,Paid Social,Mobile,Silver
C003989,2024-05-25,MA,Northeast,Organic Search,Mobile,Gold
C003990,2025-11-08,NY,Northeast,Paid Social,Mobile,Silver
C003991,2023-02-18,NY,Northeast,Organic Search,Mobile,Silver
C003992,2025-10-16,GA,South,Affiliate,Mobile,Silver
C003993,2024-11-27,OR,West,Organic Search,Desktop,Bronze
C003994,2024-03-06,TX,South,Paid Social,Mobile,Gold
C003995,2023-05-21,OR,West,Paid Social,Tablet,Gold
C003996,2025-07-29,OR,West,Paid Social,Mobile,Silver
C003997,2023-01-01,WA,West,Affiliate,Mobile,Bronze
C003998,2024-10-30,FL,South,Paid Search,Mobile,Bronze
C003999,2023-07-19,NC,South,Referral,Mobile,Bronze
C004000,2026-01-24,CO,West,Paid Search,Mobile,Bronze
C004001,2023-08-13,MO,Midwest,Email,Mobile,Silver
C004002,2025-09-15,NC,South,Paid Search,Mobile,Gold
C004003,2024-12-07,NY,Northeast,Organic Search,Mobile,Silver
C004004,2023-02-20,CO,West,Organic Search,Mobile,Bronze
C004005,2025-06-05,VA,South,Organic Search,Desktop,Platinum
C004006,2025-12-18,WA,West,Affiliate,Desktop,Gold
C004007,2023-09-30,GA,South,Referral,Desktop,Silver
C004008,2026-04-07,CA,West,Organic Search,Tablet,Bronze
C004009,2025-09-09,AZ,West,Paid Social,Mobile,Silver
C004010,2025-07-02,WI,Midwest,Email,Desktop,Bronze
C004011,2024-02-18,CA,West,Paid Search,Mobile,Bronze
C004012,2023-05-28,AZ,West,Paid Search,Mobile,Silver
C004013,2024-06-12,PA,Northeast,Email,Desktop,Silver
C004014,2025-09-20,NV,West,Organic Search,Mobile,Bronze
C004015,2024-12-23,FL,South,Paid Social,Mobile,Gold
C004016,2025-03-08,TN,South,Organic Search,Mobile,Gold
C004017,2025-08-19,OR,West,Organic Search,Mobile,Silver
C004018,2024-02-22,VA,South,Email,Mobile,Bronze
C004019,2023-02-15,CA,West,Email,Desktop,Bronze
C004020,2025-12-24,MN,Midwest,Affiliate,Mobile,Silver
C004021,2025-01-25,WA,West,Organic Search,Mobile,Gold
C004022,2024-11-27,CO,West,Email,Mobile,Bronze
C004023,2024-12-06,NC,South,Affiliate,Desktop,Bronze
C004024,2025-11-15,CT,Northeast,Email,Tablet,Bronze
C004025,2025-08-04,IL,Midwest,Affiliate,Desktop,Bronze
C004026,2025-04-04,CT,Northeast,Affiliate,Mobile,Silver
C004027,2025-08-20,IL,Midwest,Referral,Mobile,Bronze
C004028,2023-12-22,MI,Midwest,Affiliate,Mobile,Bronze
C004029,2025-05-26,FL,South,Email,Desktop,Bronze
C004030,2026-04-15,NY,Northeast,Paid Social,Mobile,Gold
C004031,2023-10-17,NC,South,Affiliate,Desktop,Bronze
C004032,2024-12-03,FL,South,Referral,Mobile,Bronze
C004033,2025-04-18,MN,Midwest,Organic Search,Desktop,Silver
C004034,2024-09-28,TN,South,Paid Search,Mobile,Gold
C004035,2026-04-07,WA,West,Paid Search,Mobile,Bronze
C004036,2024-05-11,TN,South,Referral,Mobile,Bronze
C004037,2023-09-26,FL,South,Organic Search,Mobile,Silver
C004038,2023-06-17,NJ,Northeast,Paid Search,Desktop,Bronze
C004039,2025-11-11,NC,South,Paid Social,Mobile,Gold
C004040,2025-04-24,MA,Northeast,Organic Search,Desktop,Silver
C004041,2024-12-12,NC,South,Affiliate,Mobile,Bronze
C004042,2024-06-14,OH,Midwest,Paid Social,Mobile,Gold
C004043,2024-05-19,NV,West,Organic Search,Mobile,Silver
C004044,2026-02-24,NJ,Northeast,Paid Search,Mobile,Bronze
C004045,2025-04-17,FL,South,Referral,Desktop,Bronze
C004046,2026-04-03,CO,West,Email,Mobile,Silver
C004047,2025-09-13,CA,West,Paid Social,Mobile,Gold
C004048,2025-08-02,OR,West,Paid Search,Mobile,Bronze
C004049,2024-11-12,GA,South,Affiliate,Desktop,Bronze
C004050,2023-10-26,OH,Midwest,Referral,Desktop,Gold
C004051,2025-03-15,CT,Northeast,Email,Desktop,Bronze
C004052,2025-05-31,MI,Midwest,Paid Search,Mobile,Bronze
C004053,2024-10-04,TN,South,Affiliate,Mobile,Bronze
C004054,2023-01-26,GA,South,Email,Mobile,Silver
C004055,2026-03-27,MD,Northeast,Paid Search,Desktop,Silver
C004056,2025-10-14,CT,Northeast,Affiliate,Mobile,Bronze
C004057,2024-03-09,FL,South,Referral,Tablet,Bronze
C004058,2024-08-30,MD,Northeast,Email,Desktop,Silver
C004059,2023-06-01,VA,South,Referral,Desktop,Silver
C004060,2026-02-27,MA,Northeast,Paid Search,Desktop,Bronze
C004061,2023-10-11,NY,Northeast,Paid Social,Mobile,Bronze
C004062,2024-04-10,MN,Midwest,Organic Search,Mobile,Silver
C004063,2024-06-11,AZ,West,Paid Social,Mobile,Bronze
C004064,2023-11-20,MI,Midwest,Paid Search,Mobile,Bronze
C004065,2025-02-20,CA,West,Paid Search,Desktop,Gold
C004066,2026-05-09,MN,Midwest,Affiliate,Mobile,Gold
C004067,2025-11-18,TN,South,Organic Search,Desktop,Bronze
C004068,2024-10-15,OH,Midwest,Referral,Desktop,Gold
C004069,2023-06-11,PA,Northeast,Paid Search,Mobile,Silver
C004070,2025-11-28,CA,West,Organic Search,Mobile,Platinum
C004071,2023-11-13,TN,South,Organic Search,Mobile,Platinum
C004072,2026-01-26,MO,Midwest,Paid Search,Mobile,Silver
C004073,2024-05-01,TN,South,Paid Social,Desktop,Bronze
C004074,2024-09-30,OR,West,Paid Search,Desktop,Bronze
C004075,2024-06-21,CA,West,Email,Desktop,Silver
C004076,2024-07-14,GA,South,Paid Social,Mobile,Bronze
C004077,2023-07-23,MO,Midwest,Organic Search,Desktop,Silver
C004078,2024-11-11,TX,South,Paid Search,Mobile,Bronze
C004079,2024-05-11,WA,West,Organic Search,Tablet,Gold
C004080,2025-11-09,VA,South,Organic Search,Desktop,Platinum
C004081,2024-08-10,NC,South,Organic Search,Desktop,Bronze
C004082,2026-04-02,FL,South,Email,Mobile,Silver
C004083,2024-01-01,IL,Midwest,Email,Desktop,Silver
C004084,2024-02-09,GA,South,Referral,Mobile,Silver
C004085,2023-02-15,NC,South,Referral,Mobile,Gold
C004086,2025-06-28,MD,Northeast,Paid Social,Mobile,Bronze
C004087,2023-04-01,VA,South,Paid Search,Mobile,Bronze
C004088,2023-12-18,MI,Midwest,Organic Search,Mobile,Bronze
C004089,2026-01-25,OR,West,Email,Mobile,Bronze
C004090,2025-01-22,CO,West,Paid Search,Desktop,Bronze
C004091,2024-11-18,AZ,West,Paid Search,Desktop,Silver
C004092,2025-09-17,OH,Midwest,Affiliate,Tablet,Silver
C004093,2025-08-07,CT,Northeast,Organic Search,Desktop,Bronze
C004094,2025-12-27,AZ,West,Organic Search,Mobile,Bronze
C004095,2025-03-29,WA,West,Affiliate,Desktop,Bronze
C004096,2024-07-06,VA,South,Paid Search,Mobile,Bronze
C004097,2023-06-10,OH,Midwest,Paid Search,Mobile,Silver
C004098,2024-03-31,MN,Midwest,Organic Search,Tablet,Bronze
C004099,2025-05-18,MI,Midwest,Paid Search,Desktop,Gold
C004100,2023-11-08,CT,Northeast,Affiliate,Mobile,Gold
C004101,2025-04-05,VA,South,Email,Desktop,Silver
C004102,2023-06-14,MI,Midwest,Paid Social,Mobile,Silver
C004103,2023-03-16,GA,South,Paid Search,Desktop,Gold
C004104,2024-03-25,TN,South,Paid Search,Desktop,Bronze
C004105,2023-10-10,MD,Northeast,Paid Social,Mobile,Bronze
C004106,2025-12-09,CO,West,Paid Search,Desktop,Bronze
C004107,2024-04-10,WI,Midwest,Organic Search,Mobile,Bronze
C004108,2024-05-30,WI,Midwest,Email,Mobile,Bronze
C004109,2024-05-11,CT,Northeast,Referral,Desktop,Silver
C004110,2024-01-26,VA,South,Affiliate,Desktop,Bronze
C004111,2026-02-03,TX,South,Referral,Mobile,Bronze
C004112,2025-06-28,MA,Northeast,Paid Social,Desktop,Bronze
C004113,2023-07-15,IL,Midwest,Referral,Mobile,Bronze
C004114,2023-09-23,NC,South,Affiliate,Mobile,Silver
C004115,2023-04-10,MI,Midwest,Organic Search,Desktop,Bronze
C004116,2023-11-12,WA,West,Paid Search,Mobile,Bronze
C004117,2025-03-19,MO,Midwest,Organic Search,Mobile,Bronze
C004118,2026-02-26,CT,Northeast,Affiliate,Desktop,Silver
C004119,2024-08-15,NC,South,Affiliate,Desktop,Bronze
C004120,2023-04-11,VA,South,Referral,Mobile,Silver
C004121,2023-02-28,NY,Northeast,Paid Search,Mobile,Gold
C004122,2024-05-25,MN,Midwest,Affiliate,Desktop,Bronze
C004123,2023-11-22,NY,Northeast,Organic Search,Desktop,Bronze
C004124,2024-12-10,FL,South,Organic Search,Mobile,Silver
C004125,2023-05-26,NJ,Northeast,Paid Social,Mobile,Bronze
C004126,2023-10-11,NV,West,Referral,Mobile,Gold
C004127,2024-11-15,NC,South,Referral,Mobile,Silver
C004128,2023-12-12,TN,South,Paid Search,Mobile,Bronze
C004129,2024-03-24,MI,Midwest,Paid Search,Desktop,Bronze
C004130,2023-10-01,MD,Northeast,Paid Social,Desktop,Silver
C004131,2023-03-05,MI,Midwest,Organic Search,Desktop,Silver
C004132,2024-02-29,IL,Midwest,Referral,Mobile,Bronze
C004133,2024-02-10,TX,South,Paid Search,Mobile,Silver
C004134,2026-01-11,TX,South,Organic Search,Mobile,Bronze
C004135,2026-01-03,GA,South,Paid Search,Mobile,Gold
C004136,2024-06-15,OR,West,Email,Mobile,Gold
C004137,2023-12-21,VA,South,Referral,Tablet,Bronze
C004138,2024-05-29,NY,Northeast,Organic Search,Mobile,Bronze
C004139,2025-01-18,OH,Midwest,Organic Search,Desktop,Bronze
C004140,2024-04-20,MO,Midwest,Affiliate,Mobile,Silver
C004141,2025-07-19,TX,South,Paid Social,Mobile,Bronze
C004142,2026-04-01,GA,South,Paid Search,Desktop,Bronze
C004143,2024-05-11,WA,West,Organic Search,Desktop,Silver
C004144,2023-05-25,NC,South,Affiliate,Mobile,Bronze
C004145,2023-05-29,VA,South,Email,Desktop,Bronze
C004146,2025-12-09,WA,West,Organic Search,Mobile,Silver
C004147,2024-05-27,OR,West,Organic Search,Desktop,Silver
C004148,2024-02-07,MI,Midwest,Organic Search,Mobile,Silver
C004149,2025-02-01,TN,South,Organic Search,Mobile,Bronze
C004150,2026-03-23,VA,South,Organic Search,Desktop,Silver
C004151,2024-06-06,CA,West,Organic Search,Desktop,Silver
C004152,2024-01-24,GA,South,Organic Search,Desktop,Bronze
C004153,2025-11-28,TN,South,Paid Search,Mobile,Platinum
C004154,2023-04-13,TX,South,Paid Social,Desktop,Bronze
C004155,2025-11-05,WI,Midwest,Paid Social,Mobile,Bronze
C004156,2024-10-02,WA,West,Referral,Mobile,Gold
C004157,2023-01-25,MA,Northeast,Paid Search,Mobile,Bronze
C004158,2023-10-08,CO,West,Referral,Mobile,Gold
C004159,2025-04-16,NC,South,Affiliate,Mobile,Bronze
C004160,2025-07-15,CO,West,Affiliate,Desktop,Bronze
C004161,2023-08-29,NC,South,Organic Search,Mobile,Bronze
C004162,2025-03-20,FL,South,Organic Search,Mobile,Bronze
C004163,2026-05-02,CT,Northeast,Email,Mobile,Gold
C004164,2025-04-25,NC,South,Organic Search,Desktop,Gold
C004165,2025-05-14,OH,Midwest,Organic Search,Mobile,Silver
C004166,2023-08-27,CA,West,Organic Search,Mobile,Bronze
C004167,2025-02-23,NV,West,Paid Social,Desktop,Bronze
C004168,2025-05-22,NC,South,Referral,Desktop,Bronze
C004169,2023-05-17,TN,South,Paid Search,Tablet,Bronze
C004170,2024-01-19,TX,South,Affiliate,Mobile,Bronze
C004171,2025-12-22,MA,Northeast,Referral,Tablet,Bronze
C004172,2026-05-14,WI,Midwest,Organic Search,Desktop,Bronze
C004173,2023-08-02,MD,Northeast,Paid Search,Desktop,Silver
C004174,2025-06-19,VA,South,Organic Search,Mobile,Bronze
C004175,2024-09-09,OH,Midwest,Affiliate,Mobile,Bronze
C004176,2024-12-27,FL,South,Referral,Mobile,Bronze
C004177,2024-09-20,MN,Midwest,Email,Desktop,Silver
C004178,2025-12-03,PA,Northeast,Email,Mobile,Silver
C004179,2024-07-01,OH,Midwest,Paid Search,Mobile,Bronze
C004180,2024-12-26,NY,Northeast,Affiliate,Mobile,Gold
C004181,2025-04-03,IL,Midwest,Affiliate,Tablet,Silver
C004182,2024-11-11,OR,West,Email,Mobile,Bronze
C004183,2025-12-18,WI,Midwest,Paid Social,Desktop,Bronze
C004184,2023-10-20,TX,South,Organic Search,Mobile,Platinum
C004185,2026-03-12,NY,Northeast,Organic Search,Desktop,Bronze
C004186,2025-04-14,NJ,Northeast,Organic Search,Mobile,Bronze
C004187,2026-03-27,CO,West,Paid Social,Mobile,Silver
C004188,2024-04-06,CO,West,Referral,Mobile,Bronze
C004189,2024-08-12,OR,West,Affiliate,Mobile,Silver
C004190,2023-02-23,TX,South,Organic Search,Desktop,Silver
C004191,2026-02-11,CA,West,Paid Search,Desktop,Silver
C004192,2025-10-01,MO,Midwest,Organic Search,Mobile,Silver
C004193,2023-12-31,GA,South,Affiliate,Mobile,Silver
C004194,2023-03-05,NY,Northeast,Referral,Mobile,Bronze
C004195,2025-05-07,VA,South,Paid Social,Mobile,Gold
C004196,2025-04-07,NC,South,Paid Social,Desktop,Bronze
C004197,2024-10-11,OR,West,Paid Social,Desktop,Bronze
C004198,2023-07-12,PA,Northeast,Paid Search,Mobile,Platinum
C004199,2026-02-04,WA,West,Organic Search,Mobile,Platinum
C004200,2024-06-16,CO,West,Paid Search,Desktop,Bronze
C004201,2025-06-10,AZ,West,Organic Search,Desktop,Bronze
C004202,2025-11-23,NJ,Northeast,Paid Social,Desktop,Bronze
C004203,2024-11-05,AZ,West,Paid Search,Mobile,Silver
C004204,2023-04-27,OH,Midwest,Email,Mobile,Bronze
C004205,2025-12-28,MI,Midwest,Paid Social,Mobile,Bronze
C004206,2025-04-01,WI,Midwest,Paid Social,Desktop,Bronze
C004207,2026-01-05,CA,West,Affiliate,Mobile,Gold
C004208,2025-01-24,AZ,West,Paid Search,Desktop,Platinum
C004209,2026-01-22,FL,South,Email,Mobile,Platinum
C004210,2025-12-03,AZ,West,Organic Search,Desktop,Silver
C004211,2023-09-23,MI,Midwest,Email,Mobile,Bronze
C004212,2023-08-01,TX,South,Paid Social,Desktop,Bronze
C004213,2023-07-17,TN,South,Organic Search,Mobile,Bronze
C004214,2025-09-11,WA,West,Organic Search,Desktop,Bronze
C004215,2023-10-23,VA,South,Email,Mobile,Silver
C004216,2024-07-08,CO,West,Email,Desktop,Bronze
C004217,2025-08-27,OH,Midwest,Email,Desktop,Gold
C004218,2024-06-11,NV,West,Paid Search,Mobile,Bronze
C004219,2023-03-18,PA,Northeast,Email,Mobile,Bronze
C004220,2024-03-21,MN,Midwest,Paid Social,Mobile,Silver
C004221,2023-04-27,NV,West,Organic Search,Mobile,Silver
C004222,2024-04-19,WA,West,Paid Social,Desktop,Bronze
C004223,2025-06-25,NC,South,Paid Social,Mobile,Silver
C004224,2024-10-02,WA,West,Referral,Mobile,Silver
C004225,2025-04-10,CO,West,Paid Search,Mobile,Bronze
C004226,2023-05-12,MD,Northeast,Paid Search,Mobile,Bronze
C004227,2025-07-12,IL,Midwest,Affiliate,Mobile,Gold
C004228,2024-06-07,AZ,West,Referral,Desktop,Bronze
C004229,2023-12-20,VA,South,Organic Search,Mobile,Bronze
C004230,2025-03-13,CA,West,Affiliate,Desktop,Bronze
C004231,2023-06-15,CT,Northeast,Organic Search,Desktop,Silver
C004232,2024-09-05,CO,West,Referral,Mobile,Platinum
C004233,2024-06-03,OH,Midwest,Organic Search,Desktop,Bronze
C004234,2023-07-24,MN,Midwest,Paid Search,Desktop,Gold
C004235,2026-03-18,AZ,West,Affiliate,Mobile,Gold
C004236,2024-03-22,OR,West,Organic Search,Mobile,Bronze
C004237,2023-02-20,FL,South,Referral,Desktop,Silver
C004238,2024-06-29,PA,Northeast,Paid Social,Mobile,Platinum
C004239,2026-04-04,GA,South,Organic Search,Mobile,Gold
C004240,2025-04-03,WI,Midwest,Affiliate,Mobile,Silver
C004241,2025-02-22,MI,Midwest,Paid Social,Mobile,Bronze
C004242,2026-01-13,PA,Northeast,Referral,Desktop,Bronze
C004243,2023-04-14,VA,South,Referral,Mobile,Bronze
C004244,2024-11-08,NC,South,Organic Search,Mobile,Silver
C004245,2024-01-30,MO,Midwest,Paid Search,Desktop,Bronze
C004246,2025-04-12,AZ,West,Paid Search,Mobile,Silver
C004247,2025-11-15,MD,Northeast,Paid Social,Mobile,Silver
C004248,2023-04-06,WA,West,Organic Search,Mobile,Bronze
C004249,2023-07-14,CO,West,Paid Search,Desktop,Gold
C004250,2026-03-20,MD,Northeast,Referral,Desktop,Bronze
C004251,2024-08-28,TX,South,Organic Search,Mobile,Bronze
C004252,2024-01-24,OR,West,Email,Desktop,Gold
C004253,2023-07-07,OR,West,Paid Social,Desktop,Bronze
C004254,2024-03-12,GA,South,Organic Search,Desktop,Bronze
C004255,2023-01-07,CT,Northeast,Organic Search,Desktop,Platinum
C004256,2023-10-02,AZ,West,Organic Search,Desktop,Gold
C004257,2023-08-14,WA,West,Paid Social,Desktop,Gold
C004258,2023-04-15,NC,South,Organic Search,Mobile,Bronze
C004259,2026-04-07,MD,Northeast,Referral,Mobile,Bronze
C004260,2025-08-30,GA,South,Referral,Mobile,Bronze
C004261,2026-03-03,MD,Northeast,Organic Search,Mobile,Bronze
C004262,2023-10-24,MA,Northeast,Referral,Tablet,Platinum
C004263,2023-12-22,VA,South,Affiliate,Desktop,Bronze
C004264,2023-12-14,MD,Northeast,Organic Search,Desktop,Silver
C004265,2024-11-18,IL,Midwest,Affiliate,Desktop,Bronze
C004266,2023-08-12,TN,South,Paid Search,Desktop,Silver
C004267,2023-10-17,FL,South,Email,Desktop,Bronze
C004268,2026-04-15,CT,Northeast,Organic Search,Mobile,Bronze
C004269,2024-03-09,WI,Midwest,Referral,Mobile,Bronze
C004270,2025-08-19,OH,Midwest,Referral,Mobile,Gold
C004271,2023-10-09,NY,Northeast,Affiliate,Mobile,Silver
C004272,2026-02-18,GA,South,Affiliate,Mobile,Silver
C004273,2025-05-04,NJ,Northeast,Organic Search,Mobile,Bronze
C004274,2025-11-26,MA,Northeast,Email,Mobile,Silver
C004275,2024-09-27,CA,West,Paid Search,Mobile,Silver
C004276,2026-01-20,CA,West,Organic Search,Desktop,Bronze
C004277,2024-03-22,GA,South,Organic Search,Mobile,Silver
C004278,2024-08-12,CT,Northeast,Affiliate,Desktop,Gold
C004279,2023-03-17,FL,South,Email,Mobile,Platinum
C004280,2023-07-29,OH,Midwest,Organic Search,Tablet,Platinum
C004281,2025-08-07,CA,West,Affiliate,Desktop,Bronze
C004282,2024-02-07,FL,South,Referral,Desktop,Bronze
C004283,2023-05-06,OH,Midwest,Paid Search,Mobile,Bronze
C004284,2023-12-27,WA,West,Paid Social,Desktop,Bronze
C004285,2024-03-10,PA,Northeast,Email,Mobile,Bronze
C004286,2025-06-01,WA,West,Email,Mobile,Bronze
C004287,2023-04-22,CT,Northeast,Paid Social,Desktop,Silver
C004288,2023-02-01,OR,West,Paid Social,Mobile,Silver
C004289,2025-06-10,CT,Northeast,Organic Search,Mobile,Silver
C004290,2023-06-24,MN,Midwest,Paid Social,Desktop,Platinum
C004291,2024-05-31,NV,West,Paid Search,Mobile,Bronze
C004292,2025-04-20,NV,West,Paid Search,Desktop,Bronze
C004293,2024-09-24,CO,West,Paid Search,Mobile,Silver
C004294,2023-06-01,OH,Midwest,Email,Mobile,Silver
C004295,2025-06-08,MD,Northeast,Paid Search,Mobile,Bronze
C004296,2023-03-01,FL,South,Paid Search,Mobile,Gold
C004297,2023-10-13,TX,South,Organic Search,Desktop,Bronze
C004298,2023-05-15,WI,Midwest,Affiliate,Desktop,Silver
C004299,2024-09-23,VA,South,Organic Search,Mobile,Gold
C004300,2025-04-30,IL,Midwest,Paid Search,Mobile,Bronze
C004301,2025-03-11,NC,South,Organic Search,Desktop,Silver
C004302,2023-06-21,MN,Midwest,Email,Mobile,Bronze
C004303,2024-02-27,NJ,Northeast,Paid Search,Mobile,Bronze
C004304,2023-06-30,NC,South,Paid Search,Mobile,Bronze
C004305,2024-02-26,AZ,West,Referral,Desktop,Silver
C004306,2023-10-11,NV,West,Referral,Mobile,Silver
C004307,2025-06-30,NC,South,Paid Social,Mobile,Gold
C004308,2025-07-13,VA,South,Paid Social,Tablet,Silver
C004309,2025-10-04,NJ,Northeast,Affiliate,Desktop,Bronze
C004310,2023-09-04,MN,Midwest,Affiliate,Desktop,Gold
C004311,2023-01-17,FL,South,Email,Desktop,Bronze
C004312,2023-02-13,MO,Midwest,Referral,Desktop,Silver
C004313,2025-11-04,WA,West,Referral,Desktop,Bronze
C004314,2026-01-20,MD,Northeast,Affiliate,Desktop,Silver
C004315,2023-09-18,NV,West,Organic Search,Mobile,Gold
C004316,2025-12-14,OH,Midwest,Affiliate,Mobile,Bronze
C004317,2024-10-14,CT,Northeast,Email,Desktop,Silver
C004318,2023-08-16,OH,Midwest,Paid Social,Desktop,Silver
C004319,2024-01-21,NJ,Northeast,Paid Search,Mobile,Bronze
C004320,2023-11-23,GA,South,Paid Search,Desktop,Bronze
C004321,2025-07-29,CT,Northeast,Referral,Desktop,Silver
C004322,2023-08-21,GA,South,Email,Mobile,Bronze
C004323,2023-08-14,MN,Midwest,Organic Search,Desktop,Bronze
C004324,2025-06-04,NV,West,Paid Social,Mobile,Silver
C004325,2024-01-08,WA,West,Organic Search,Desktop,Silver
C004326,2023-11-04,FL,South,Paid Social,Tablet,Bronze
C004327,2025-09-21,WA,West,Paid Social,Desktop,Platinum
C004328,2026-02-20,OH,Midwest,Email,Desktop,Gold
C004329,2024-11-14,MD,Northeast,Organic Search,Desktop,Platinum
C004330,2025-10-15,PA,Northeast,Organic Search,Mobile,Bronze
C004331,2025-11-01,OR,West,Paid Search,Desktop,Bronze
C004332,2024-12-25,CT,Northeast,Paid Social,Mobile,Bronze
C004333,2025-10-18,AZ,West,Affiliate,Mobile,Gold
C004334,2023-01-12,TN,South,Referral,Mobile,Gold
C004335,2023-02-13,MA,Northeast,Referral,Mobile,Silver
C004336,2025-12-23,CO,West,Paid Search,Mobile,Bronze
C004337,2023-06-22,CO,West,Organic Search,Mobile,Bronze
C004338,2025-06-14,WA,West,Referral,Mobile,Silver
C004339,2024-06-01,TX,South,Paid Social,Mobile,Bronze
C004340,2025-08-27,PA,Northeast,Organic Search,Mobile,Silver
C004341,2025-03-29,CO,West,Paid Social,Mobile,Silver
C004342,2023-03-30,CO,West,Email,Desktop,Silver
C004343,2024-02-19,TN,South,Paid Search,Mobile,Bronze
C004344,2025-05-22,AZ,West,Organic Search,Desktop,Silver
C004345,2026-02-08,OH,Midwest,Email,Mobile,Bronze
C004346,2025-09-17,MA,Northeast,Organic Search,Desktop,Bronze
C004347,2026-01-02,OH,Midwest,Paid Search,Desktop,Bronze
C004348,2026-03-23,MA,Northeast,Referral,Desktop,Bronze
C004349,2026-01-05,FL,South,Affiliate,Desktop,Bronze
C004350,2024-12-15,NY,Northeast,Paid Search,Desktop,Bronze
C004351,2024-02-18,CO,West,Organic Search,Mobile,Bronze
C004352,2024-09-17,CO,West,Paid Social,Mobile,Bronze
C004353,2025-09-06,WI,Midwest,Paid Search,Mobile,Bronze
C004354,2024-06-07,NV,West,Referral,Desktop,Silver
C004355,2025-10-19,NJ,Northeast,Email,Desktop,Bronze
C004356,2025-05-13,MN,Midwest,Paid Search,Mobile,Bronze
C004357,2023-09-15,CT,Northeast,Referral,Desktop,Bronze
C004358,2026-02-07,NC,South,Paid Search,Mobile,Bronze
C004359,2025-11-07,FL,South,Paid Social,Desktop,Silver
C004360,2025-01-08,MI,Midwest,Affiliate,Desktop,Gold
C004361,2023-08-27,CO,West,Organic Search,Mobile,Bronze
C004362,2023-10-07,FL,South,Paid Search,Desktop,Bronze
C004363,2025-10-30,MO,Midwest,Referral,Mobile,Bronze
C004364,2023-01-22,CT,Northeast,Paid Social,Desktop,Bronze
C004365,2024-08-18,MO,Midwest,Paid Search,Desktop,Gold
C004366,2025-02-01,NV,West,Organic Search,Mobile,Silver
C004367,2023-10-14,FL,South,Paid Search,Mobile,Silver
C004368,2025-11-30,IL,Midwest,Paid Social,Mobile,Gold
C004369,2024-10-04,NV,West,Paid Search,Mobile,Silver
C004370,2023-03-23,GA,South,Paid Search,Desktop,Bronze
C004371,2024-01-30,TX,South,Paid Search,Mobile,Silver
C004372,2024-05-04,CO,West,Email,Mobile,Silver
C004373,2023-10-02,VA,South,Referral,Mobile,Bronze
C004374,2026-03-03,OR,West,Email,Mobile,Silver
C004375,2024-03-19,WI,Midwest,Email,Mobile,Bronze
C004376,2024-09-09,OR,West,Referral,Desktop,Bronze
C004377,2024-10-20,MI,Midwest,Organic Search,Mobile,Silver
C004378,2023-09-29,NV,West,Paid Search,Desktop,Bronze
C004379,2024-11-30,PA,Northeast,Organic Search,Mobile,Bronze
C004380,2024-03-11,AZ,West,Paid Search,Desktop,Bronze
C004381,2023-01-13,FL,South,Affiliate,Mobile,Silver
C004382,2024-05-17,TN,South,Paid Search,Mobile,Gold
C004383,2024-12-19,CO,West,Referral,Mobile,Silver
C004384,2023-05-25,VA,South,Organic Search,Desktop,Silver
C004385,2025-08-17,NY,Northeast,Paid Social,Tablet,Bronze
C004386,2025-03-24,NY,Northeast,Paid Search,Mobile,Silver
C004387,2024-01-17,NC,South,Organic Search,Mobile,Bronze
C004388,2024-12-29,CO,West,Paid Search,Desktop,Bronze
C004389,2024-01-09,MO,Midwest,Email,Mobile,Silver
C004390,2025-03-08,MO,Midwest,Paid Social,Desktop,Bronze
C004391,2023-07-09,CA,West,Referral,Mobile,Gold
C004392,2025-01-21,MN,Midwest,Affiliate,Desktop,Bronze
C004393,2023-03-09,TN,South,Paid Social,Mobile,Silver
C004394,2023-01-21,MN,Midwest,Affiliate,Mobile,Bronze
C004395,2023-11-10,TN,South,Organic Search,Desktop,Silver
C004396,2023-08-03,FL,South,Paid Search,Mobile,Silver
C004397,2024-08-27,OR,West,Paid Search,Desktop,Bronze
C004398,2023-07-23,MI,Midwest,Paid Social,Desktop,Gold
C004399,2023-10-28,CO,West,Paid Social,Mobile,Silver
C004400,2023-05-01,OH,Midwest,Paid Social,Mobile,Bronze
C004401,2025-12-27,OH,Midwest,Referral,Mobile,Silver
C004402,2025-06-24,IL,Midwest,Paid Search,Mobile,Bronze
C004403,2023-09-25,CA,West,Referral,Desktop,Silver
C004404,2023-05-28,VA,South,Paid Social,Desktop,Bronze
C004405,2025-11-12,VA,South,Paid Social,Mobile,Silver
C004406,2025-04-02,OH,Midwest,Paid Search,Desktop,Bronze
C004407,2025-12-26,CT,Northeast,Paid Search,Desktop,Silver
C004408,2023-08-08,NC,South,Paid Search,Desktop,Gold
C004409,2024-03-17,MD,Northeast,Referral,Mobile,Platinum
C004410,2023-05-26,WA,West,Paid Social,Mobile,Silver
C004411,2024-06-05,VA,South,Organic Search,Mobile,Silver
C004412,2023-07-20,OR,West,Referral,Desktop,Bronze
C004413,2023-01-06,WI,Midwest,Email,Desktop,Bronze
C004414,2024-09-17,OR,West,Affiliate,Desktop,Silver
C004415,2026-04-20,AZ,West,Paid Social,Mobile,Silver
C004416,2025-03-05,MI,Midwest,Email,Desktop,Bronze
C004417,2025-07-20,VA,South,Paid Social,Desktop,Silver
C004418,2025-09-26,NV,West,Email,Mobile,Bronze
C004419,2026-04-11,WA,West,Paid Search,Mobile,Silver
C004420,2023-06-08,VA,South,Organic Search,Mobile,Bronze
C004421,2023-11-05,TN,South,Affiliate,Mobile,Gold
C004422,2025-01-28,OR,West,Email,Mobile,Bronze
C004423,2025-10-07,IL,Midwest,Paid Social,Mobile,Bronze
C004424,2025-08-10,CO,West,Paid Social,Mobile,Silver
C004425,2025-06-14,WI,Midwest,Email,Desktop,Bronze
C004426,2024-01-20,TN,South,Organic Search,Desktop,Bronze
C004427,2024-03-25,AZ,West,Paid Search,Desktop,Silver
C004428,2023-04-09,NV,West,Organic Search,Desktop,Gold
C004429,2024-01-22,WA,West,Organic Search,Mobile,Silver
C004430,2023-07-11,WA,West,Organic Search,Desktop,Bronze
C004431,2026-02-28,TX,South,Referral,Mobile,Bronze
C004432,2023-04-23,NY,Northeast,Organic Search,Desktop,Silver
C004433,2024-03-23,CT,Northeast,Referral,Desktop,Silver
C004434,2025-12-28,VA,South,Affiliate,Desktop,Platinum
C004435,2026-03-22,TX,South,Organic Search,Mobile,Bronze
C004436,2024-04-08,NC,South,Email,Mobile,Silver
C004437,2024-07-26,NY,Northeast,Paid Social,Mobile,Platinum
C004438,2024-10-06,OR,West,Affiliate,Mobile,Bronze
C004439,2025-10-09,TN,South,Paid Social,Mobile,Platinum
C004440,2025-08-04,TN,South,Paid Search,Mobile,Bronze
C004441,2024-10-07,CO,West,Paid Search,Mobile,Silver
C004442,2024-04-02,FL,South,Affiliate,Desktop,Bronze
C004443,2024-04-03,MD,Northeast,Organic Search,Desktop,Gold
C004444,2025-03-10,CT,Northeast,Referral,Desktop,Gold
C004445,2025-10-25,OR,West,Organic Search,Mobile,Bronze
C004446,2023-04-05,FL,South,Email,Mobile,Silver
C004447,2025-08-04,TX,South,Paid Social,Mobile,Bronze
C004448,2024-08-14,VA,South,Organic Search,Desktop,Bronze
C004449,2023-06-28,FL,South,Organic Search,Mobile,Silver
C004450,2023-04-29,WA,West,Paid Search,Desktop,Silver
C004451,2024-02-19,PA,Northeast,Referral,Mobile,Bronze
C004452,2023-11-02,NY,Northeast,Email,Mobile,Bronze
C004453,2023-05-09,WI,Midwest,Organic Search,Mobile,Bronze
C004454,2023-12-28,WI,Midwest,Paid Social,Mobile,Bronze
C004455,2025-10-23,TX,South,Organic Search,Mobile,Bronze
C004456,2025-06-02,TX,South,Email,Desktop,Bronze
C004457,2023-09-15,CA,West,Referral,Mobile,Gold
C004458,2025-04-09,MO,Midwest,Referral,Mobile,Bronze
C004459,2024-07-10,OR,West,Referral,Mobile,Gold
C004460,2025-07-08,MA,Northeast,Paid Search,Tablet,Bronze
C004461,2023-11-01,TX,South,Paid Search,Desktop,Bronze
C004462,2023-03-18,FL,South,Referral,Desktop,Bronze
C004463,2024-01-21,NC,South,Organic Search,Mobile,Bronze
C004464,2026-05-08,NJ,Northeast,Organic Search,Desktop,Silver
C004465,2024-11-15,NV,West,Paid Search,Mobile,Bronze
C004466,2023-03-08,CO,West,Referral,Desktop,Bronze
C004467,2026-04-15,WA,West,Email,Desktop,Bronze
C004468,2025-10-13,MN,Midwest,Affiliate,Mobile,Silver
C004469,2024-10-31,MD,Northeast,Paid Search,Mobile,Bronze
C004470,2025-06-30,CO,West,Paid Search,Mobile,Bronze
C004471,2023-08-16,NY,Northeast,Paid Search,Mobile,Bronze
C004472,2024-12-29,TX,South,Referral,Mobile,Silver
C004473,2026-01-28,MO,Midwest,Organic Search,Mobile,Platinum
C004474,2024-06-24,CO,West,Affiliate,Mobile,Bronze
C004475,2023-02-17,FL,South,Paid Social,Desktop,Bronze
C004476,2025-07-21,MN,Midwest,Referral,Mobile,Bronze
C004477,2025-06-17,NC,South,Referral,Desktop,Gold
C004478,2025-06-29,AZ,West,Paid Social,Mobile,Bronze
C004479,2025-03-09,CT,Northeast,Referral,Mobile,Silver
C004480,2023-06-18,PA,Northeast,Paid Search,Mobile,Silver
C004481,2023-05-22,VA,South,Referral,Desktop,Bronze
C004482,2025-09-02,IL,Midwest,Referral,Mobile,Silver
C004483,2025-11-18,IL,Midwest,Paid Social,Desktop,Silver
C004484,2023-04-07,CO,West,Organic Search,Desktop,Bronze
C004485,2024-12-16,NJ,Northeast,Affiliate,Desktop,Bronze
C004486,2024-09-08,VA,South,Affiliate,Mobile,Bronze
C004487,2024-03-06,OH,Midwest,Paid Social,Mobile,Bronze
C004488,2025-03-05,OR,West,Affiliate,Mobile,Silver
C004489,2026-01-30,TX,South,Paid Social,Desktop,Silver
C004490,2025-10-08,VA,South,Paid Search,Desktop,Gold
C004491,2023-07-08,GA,South,Paid Social,Desktop,Bronze
C004492,2024-07-24,NJ,Northeast,Organic Search,Mobile,Bronze
C004493,2026-02-25,PA,Northeast,Paid Social,Desktop,Bronze
C004494,2023-10-19,CA,West,Email,Mobile,Silver
C004495,2025-11-17,TN,South,Organic Search,Tablet,Bronze
C004496,2024-08-27,TX,South,Paid Search,Desktop,Bronze
C004497,2024-10-03,GA,South,Email,Mobile,Silver
C004498,2023-11-05,GA,South,Referral,Desktop,Silver
C004499,2026-02-05,NY,Northeast,Affiliate,Desktop,Bronze
C004500,2024-10-12,IL,Midwest,Paid Search,Mobile,Silver
C004501,2024-12-08,NV,West,Referral,Mobile,Bronze
C004502,2024-07-23,GA,South,Organic Search,Mobile,Silver
C004503,2023-04-20,IL,Midwest,Organic Search,Mobile,Silver
C004504,2025-08-18,TX,South,Email,Desktop,Silver
C004505,2024-02-09,AZ,West,Paid Search,Mobile,Bronze
C004506,2023-10-23,TN,South,Referral,Desktop,Silver
C004507,2025-08-20,NC,South,Paid Search,Mobile,Bronze
C004508,2023-09-04,CO,West,Organic Search,Desktop,Bronze
C004509,2025-04-20,IL,Midwest,Paid Social,Desktop,Platinum
C004510,2024-08-06,TN,South,Organic Search,Desktop,Bronze
C004511,2025-09-11,WI,Midwest,Paid Search,Mobile,Silver
C004512,2023-03-04,FL,South,Organic Search,Tablet,Bronze
C004513,2025-08-11,MA,Northeast,Paid Search,Mobile,Bronze
C004514,2023-10-10,AZ,West,Referral,Desktop,Silver
C004515,2025-12-07,NV,West,Organic Search,Mobile,Bronze
C004516,2024-03-11,FL,South,Paid Social,Mobile,Silver
C004517,2023-01-09,NC,South,Paid Social,Desktop,Platinum
C004518,2024-08-23,TN,South,Paid Social,Mobile,Silver
C004519,2023-03-09,IL,Midwest,Paid Social,Mobile,Gold
C004520,2023-11-28,NV,West,Email,Mobile,Bronze
C004521,2025-06-01,NV,West,Referral,Mobile,Platinum
C004522,2024-11-21,GA,South,Organic Search,Tablet,Bronze
C004523,2025-05-22,IL,Midwest,Referral,Desktop,Bronze
C004524,2025-12-17,NY,Northeast,Organic Search,Mobile,Bronze
C004525,2024-07-30,WI,Midwest,Paid Social,Desktop,Bronze
C004526,2024-10-31,TN,South,Paid Social,Mobile,Silver
C004527,2023-03-13,MI,Midwest,Organic Search,Desktop,Bronze
C004528,2023-12-20,MO,Midwest,Organic Search,Mobile,Silver
C004529,2025-06-10,CO,West,Organic Search,Mobile,Bronze
C004530,2023-03-18,NC,South,Organic Search,Mobile,Bronze
C004531,2024-03-18,MN,Midwest,Paid Social,Desktop,Gold
C004532,2023-06-18,VA,South,Organic Search,Desktop,Bronze
C004533,2025-11-21,MN,Midwest,Referral,Desktop,Bronze
C004534,2024-11-21,VA,South,Referral,Mobile,Silver
C004535,2025-03-04,VA,South,Paid Search,Desktop,Gold
C004536,2025-04-21,WA,West,Organic Search,Mobile,Bronze
C004537,2023-10-04,MN,Midwest,Paid Search,Desktop,Bronze
C004538,2023-03-03,CT,Northeast,Referral,Mobile,Platinum
C004539,2024-05-04,AZ,West,Paid Search,Desktop,Bronze
C004540,2023-08-17,GA,South,Organic Search,Tablet,Bronze
C004541,2024-02-01,CO,West,Affiliate,Mobile,Bronze
C004542,2024-01-28,OR,West,Paid Social,Desktop,Bronze
C004543,2025-08-20,PA,Northeast,Paid Search,Mobile,Gold
C004544,2024-01-29,TX,South,Referral,Mobile,Gold
C004545,2023-07-06,FL,South,Affiliate,Mobile,Bronze
C004546,2026-03-25,VA,South,Paid Social,Desktop,Silver
C004547,2023-03-02,CT,Northeast,Paid Search,Mobile,Gold
C004548,2023-09-08,AZ,West,Paid Social,Mobile,Silver
C004549,2024-03-03,MO,Midwest,Organic Search,Desktop,Silver
C004550,2023-03-18,FL,South,Paid Social,Mobile,Platinum
C004551,2026-01-12,NV,West,Organic Search,Desktop,Bronze
C004552,2024-03-10,MI,Midwest,Email,Mobile,Bronze
C004553,2025-08-20,CO,West,Referral,Mobile,Silver
C004554,2023-06-15,MI,Midwest,Affiliate,Desktop,Silver
C004555,2024-10-04,CO,West,Referral,Mobile,Bronze
C004556,2023-06-05,WI,Midwest,Organic Search,Mobile,Bronze
C004557,2023-10-13,WI,Midwest,Organic Search,Desktop,Silver
C004558,2024-05-16,MO,Midwest,Paid Social,Tablet,Bronze
C004559,2025-11-27,AZ,West,Paid Search,Mobile,Gold
C004560,2024-01-13,OH,Midwest,Organic Search,Tablet,Gold
C004561,2025-07-18,MA,Northeast,Referral,Desktop,Bronze
C004562,2023-04-23,OR,West,Paid Search,Mobile,Silver
C004563,2023-11-06,TX,South,Organic Search,Mobile,Silver
C004564,2025-01-13,MA,Northeast,Paid Social,Mobile,Bronze
C004565,2024-07-30,OR,West,Affiliate,Desktop,Bronze
C004566,2024-09-09,MI,Midwest,Email,Mobile,Bronze
C004567,2025-04-14,IL,Midwest,Organic Search,Mobile,Gold
C004568,2023-04-05,NV,West,Paid Social,Mobile,Gold
C004569,2025-05-06,NC,South,Affiliate,Tablet,Bronze
C004570,2025-11-28,TX,South,Organic Search,Mobile,Gold
C004571,2025-08-01,NC,South,Email,Mobile,Silver
C004572,2023-12-17,NJ,Northeast,Email,Mobile,Bronze
C004573,2024-03-08,CA,West,Email,Mobile,Bronze
C004574,2026-03-29,GA,South,Organic Search,Mobile,Gold
C004575,2025-08-30,PA,Northeast,Affiliate,Desktop,Bronze
C004576,2026-02-20,CO,West,Paid Search,Desktop,Silver
C004577,2026-01-29,NY,Northeast,Organic Search,Mobile,Silver
C004578,2024-06-18,OR,West,Organic Search,Desktop,Silver
C004579,2023-06-09,TN,South,Paid Social,Mobile,Bronze
C004580,2023-10-09,WA,West,Organic Search,Desktop,Bronze
C004581,2023-12-29,MO,Midwest,Referral,Mobile,Gold
C004582,2025-10-24,WI,Midwest,Referral,Desktop,Bronze
C004583,2023-12-07,MD,Northeast,Organic Search,Tablet,Bronze
C004584,2024-03-20,MD,Northeast,Referral,Desktop,Bronze
C004585,2025-11-13,IL,Midwest,Affiliate,Mobile,Silver
C004586,2023-07-21,MI,Midwest,Organic Search,Mobile,Bronze
C004587,2025-03-27,TN,South,Email,Desktop,Silver
C004588,2024-11-10,NY,Northeast,Affiliate,Mobile,Bronze
C004589,2026-04-26,MI,Midwest,Referral,Mobile,Silver
C004590,2024-08-25,CT,Northeast,Paid Social,Mobile,Gold
C004591,2024-10-03,AZ,West,Referral,Mobile,Silver
C004592,2025-11-12,GA,South,Email,Mobile,Silver
C004593,2026-05-05,MO,Midwest,Paid Search,Mobile,Silver
C004594,2025-06-16,AZ,West,Organic Search,Desktop,Silver
C004595,2025-05-09,CA,West,Paid Social,Mobile,Bronze
C004596,2025-12-14,NJ,Northeast,Paid Search,Mobile,Silver
C004597,2026-04-21,VA,South,Paid Search,Mobile,Bronze
C004598,2025-06-23,CA,West,Organic Search,Desktop,Bronze
C004599,2023-12-26,TX,South,Referral,Mobile,Bronze
C004600,2025-03-01,GA,South,Email,Desktop,Bronze
C004601,2023-10-18,MO,Midwest,Paid Search,Desktop,Bronze
C004602,2024-09-07,CT,Northeast,Organic Search,Desktop,Silver
C004603,2024-07-01,NY,Northeast,Organic Search,Mobile,Silver
C004604,2026-04-30,MI,Midwest,Organic Search,Desktop,Bronze
C004605,2024-11-13,MO,Midwest,Email,Mobile,Bronze
C004606,2026-03-26,FL,South,Organic Search,Mobile,Silver
C004607,2025-09-21,MA,Northeast,Affiliate,Mobile,Bronze
C004608,2025-11-10,OR,West,Paid Search,Desktop,Silver
C004609,2023-07-28,AZ,West,Organic Search,Mobile,Bronze
C004610,2025-08-12,CT,Northeast,Referral,Mobile,Gold
C004611,2023-11-06,CT,Northeast,Paid Search,Desktop,Bronze
C004612,2024-12-11,TX,South,Paid Search,Mobile,Silver
C004613,2024-08-21,MI,Midwest,Organic Search,Mobile,Bronze
C004614,2023-11-16,TN,South,Email,Desktop,Bronze
C004615,2026-04-27,GA,South,Paid Search,Desktop,Gold
C004616,2025-12-13,TN,South,Referral,Desktop,Gold
C004617,2024-12-07,NV,West,Email,Mobile,Bronze
C004618,2023-01-14,GA,South,Referral,Mobile,Bronze
C004619,2023-08-14,TX,South,Email,Mobile,Gold
C004620,2023-10-07,VA,South,Referral,Mobile,Bronze
C004621,2026-04-11,AZ,West,Email,Mobile,Gold
C004622,2024-05-11,MD,Northeast,Paid Social,Mobile,Bronze
C004623,2023-02-27,OH,Midwest,Email,Mobile,Bronze
C004624,2024-12-22,NJ,Northeast,Email,Mobile,Bronze
C004625,2026-03-15,WA,West,Organic Search,Mobile,Silver
C004626,2024-11-21,IL,Midwest,Email,Mobile,Bronze
C004627,2024-06-30,NJ,Northeast,Paid Search,Mobile,Bronze
C004628,2023-08-05,FL,South,Paid Social,Mobile,Gold
C004629,2025-12-17,CO,West,Organic Search,Mobile,Bronze
C004630,2023-05-10,WA,West,Organic Search,Mobile,Silver
C004631,2026-02-23,NC,South,Organic Search,Mobile,Bronze
C004632,2023-10-01,NC,South,Organic Search,Desktop,Silver
C004633,2023-06-20,GA,South,Organic Search,Mobile,Bronze
C004634,2024-03-05,VA,South,Organic Search,Mobile,Silver
C004635,2023-01-07,IL,Midwest,Paid Social,Mobile,Silver
C004636,2023-01-18,CO,West,Paid Search,Mobile,Gold
C004637,2023-08-18,TN,South,Affiliate,Mobile,Gold
C004638,2025-05-02,OH,Midwest,Referral,Mobile,Bronze
C004639,2025-09-29,AZ,West,Organic Search,Mobile,Bronze
C004640,2023-11-01,OR,West,Paid Search,Desktop,Bronze
C004641,2025-03-04,CO,West,Paid Search,Desktop,Silver
C004642,2024-03-08,CA,West,Paid Search,Mobile,Bronze
C004643,2024-06-16,TX,South,Paid Social,Mobile,Silver
C004644,2024-02-17,NV,West,Email,Tablet,Platinum
C004645,2026-01-02,VA,South,Email,Mobile,Bronze
C004646,2024-09-22,NY,Northeast,Paid Search,Tablet,Bronze
C004647,2024-09-15,CT,Northeast,Email,Desktop,Silver
C004648,2025-11-24,CO,West,Paid Search,Mobile,Bronze
C004649,2025-03-20,GA,South,Referral,Mobile,Bronze
C004650,2023-07-03,VA,South,Affiliate,Mobile,Bronze
C004651,2023-08-21,CT,Northeast,Paid Search,Desktop,Gold
C004652,2024-02-24,NJ,Northeast,Referral,Mobile,Silver
C004653,2023-05-01,CO,West,Referral,Desktop,Bronze
C004654,2025-05-01,AZ,West,Paid Social,Mobile,Bronze
C004655,2024-09-01,TX,South,Organic Search,Desktop,Silver
C004656,2023-02-24,MA,Northeast,Referral,Desktop,Bronze
C004657,2024-05-07,MA,Northeast,Paid Search,Mobile,Gold
C004658,2025-10-18,AZ,West,Organic Search,Mobile,Silver
C004659,2026-01-21,TN,South,Email,Mobile,Gold
C004660,2026-03-30,OR,West,Paid Search,Desktop,Silver
C004661,2026-02-09,OH,Midwest,Organic Search,Desktop,Gold
C004662,2025-01-18,NJ,Northeast,Affiliate,Mobile,Silver
C004663,2026-02-15,TX,South,Organic Search,Desktop,Silver
C004664,2026-03-23,NV,West,Paid Social,Mobile,Bronze
C004665,2025-02-21,VA,South,Email,Mobile,Silver
C004666,2024-05-23,TX,South,Organic Search,Desktop,Silver
C004667,2026-04-04,CT,Northeast,Email,Mobile,Bronze
C004668,2024-05-25,NC,South,Email,Desktop,Silver
C004669,2023-07-24,NJ,Northeast,Paid Social,Mobile,Bronze
C004670,2023-05-11,FL,South,Paid Social,Mobile,Bronze
C004671,2024-11-29,WA,West,Affiliate,Mobile,Bronze
C004672,2023-02-13,TN,South,Affiliate,Mobile,Bronze
C004673,2023-05-27,WA,West,Organic Search,Mobile,Bronze
C004674,2023-10-28,TN,South,Paid Search,Desktop,Gold
C004675,2024-10-14,MI,Midwest,Paid Social,Mobile,Silver
C004676,2024-08-11,CA,West,Affiliate,Mobile,Gold
C004677,2024-09-21,CA,West,Referral,Mobile,Platinum
C004678,2024-09-16,OR,West,Paid Search,Mobile,Bronze
C004679,2026-05-08,OR,West,Referral,Mobile,Silver
C004680,2023-09-25,CT,Northeast,Paid Search,Desktop,Bronze
C004681,2024-08-06,PA,Northeast,Paid Search,Desktop,Gold
C004682,2025-01-24,CA,West,Paid Social,Mobile,Bronze
C004683,2023-12-04,OH,Midwest,Paid Search,Mobile,Bronze
C004684,2023-08-12,MN,Midwest,Email,Mobile,Bronze
C004685,2023-02-27,PA,Northeast,Paid Search,Mobile,Silver
C004686,2024-02-06,TN,South,Referral,Desktop,Bronze
C004687,2023-11-09,VA,South,Affiliate,Mobile,Bronze
C004688,2023-08-29,GA,South,Paid Search,Desktop,Gold
C004689,2023-11-30,MA,Northeast,Paid Social,Mobile,Bronze
C004690,2025-05-07,WI,Midwest,Email,Desktop,Silver
C004691,2025-10-15,FL,South,Organic Search,Desktop,Silver
C004692,2024-09-27,NV,West,Referral,Desktop,Bronze
C004693,2023-03-23,OH,Midwest,Paid Social,Desktop,Bronze
C004694,2025-06-25,MA,Northeast,Organic Search,Mobile,Bronze
C004695,2023-07-07,TN,South,Referral,Desktop,Platinum
C004696,2023-03-12,IL,Midwest,Paid Search,Mobile,Silver
C004697,2024-11-30,FL,South,Organic Search,Mobile,Bronze
C004698,2024-06-07,TX,South,Organic Search,Mobile,Gold
C004699,2024-01-19,TX,South,Referral,Mobile,Bronze
C004700,2026-04-05,IL,Midwest,Affiliate,Desktop,Bronze
C004701,2023-04-23,CT,Northeast,Paid Search,Mobile,Bronze
C004702,2023-03-08,VA,South,Organic Search,Mobile,Silver
C004703,2024-12-24,GA,South,Organic Search,Mobile,Bronze
C004704,2024-05-30,VA,South,Email,Desktop,Silver
C004705,2025-09-13,AZ,West,Paid Search,Desktop,Bronze
C004706,2023-02-19,TN,South,Paid Search,Desktop,Silver
C004707,2024-05-31,AZ,West,Paid Search,Mobile,Silver
C004708,2023-06-30,FL,South,Paid Social,Mobile,Bronze
C004709,2023-02-20,NV,West,Email,Mobile,Bronze
C004710,2024-07-23,NC,South,Paid Social,Mobile,Silver
C004711,2025-06-23,MN,Midwest,Organic Search,Desktop,Bronze
C004712,2023-07-13,AZ,West,Paid Social,Tablet,Bronze
C004713,2025-11-02,IL,Midwest,Paid Social,Mobile,Silver
C004714,2024-09-30,CT,Northeast,Paid Social,Mobile,Bronze
C004715,2024-08-14,TN,South,Organic Search,Desktop,Silver
C004716,2026-02-09,CA,West,Organic Search,Mobile,Bronze
C004717,2024-02-10,GA,South,Paid Social,Desktop,Bronze
C004718,2023-09-04,MO,Midwest,Paid Search,Mobile,Silver
C004719,2025-08-25,TX,South,Email,Mobile,Silver
C004720,2023-05-12,CA,West,Paid Search,Mobile,Bronze
C004721,2025-12-09,TN,South,Organic Search,Mobile,Bronze
C004722,2025-10-12,FL,South,Email,Desktop,Bronze
C004723,2026-04-17,AZ,West,Paid Search,Mobile,Bronze
C004724,2024-07-20,MO,Midwest,Organic Search,Mobile,Platinum
C004725,2025-02-04,OR,West,Referral,Tablet,Bronze
C004726,2025-12-22,GA,South,Paid Search,Mobile,Silver
C004727,2023-06-12,PA,Northeast,Affiliate,Mobile,Bronze
C004728,2024-01-12,OR,West,Organic Search,Desktop,Bronze
C004729,2024-08-03,MI,Midwest,Referral,Mobile,Silver
C004730,2025-02-11,NC,South,Referral,Desktop,Silver
C004731,2025-04-16,VA,South,Organic Search,Mobile,Bronze
C004732,2026-02-10,MD,Northeast,Paid Social,Desktop,Bronze
C004733,2024-08-25,VA,South,Email,Mobile,Bronze
C004734,2023-07-31,CA,West,Paid Social,Mobile,Bronze
C004735,2023-08-22,NJ,Northeast,Paid Search,Tablet,Silver
C004736,2025-09-12,WI,Midwest,Affiliate,Mobile,Bronze
C004737,2024-07-21,MN,Midwest,Email,Mobile,Bronze
C004738,2025-02-16,OR,West,Affiliate,Mobile,Bronze
C004739,2024-11-23,WA,West,Referral,Mobile,Gold
C004740,2025-09-27,IL,Midwest,Referral,Mobile,Bronze
C004741,2023-09-26,WA,West,Email,Mobile,Silver
C004742,2023-07-30,OR,West,Email,Mobile,Bronze
C004743,2025-06-21,MI,Midwest,Referral,Desktop,Bronze
C004744,2024-06-18,NC,South,Paid Social,Desktop,Bronze
C004745,2025-10-01,WA,West,Organic Search,Desktop,Silver
C004746,2023-06-08,WA,West,Paid Social,Mobile,Bronze
C004747,2023-12-01,VA,South,Organic Search,Mobile,Gold
C004748,2026-03-27,MI,Midwest,Affiliate,Mobile,Bronze
C004749,2025-11-04,NJ,Northeast,Email,Mobile,Gold
C004750,2023-03-19,NV,West,Paid Social,Mobile,Bronze
C004751,2025-10-02,NV,West,Organic Search,Desktop,Bronze
C004752,2023-03-22,NC,South,Paid Social,Desktop,Silver
C004753,2023-05-29,FL,South,Paid Search,Mobile,Bronze
C004754,2026-01-10,TN,South,Email,Mobile,Bronze
C004755,2023-06-05,NJ,Northeast,Paid Social,Mobile,Silver
C004756,2024-01-06,VA,South,Paid Social,Mobile,Silver
C004757,2023-06-16,GA,South,Paid Search,Mobile,Gold
C004758,2025-01-04,PA,Northeast,Paid Social,Desktop,Bronze
C004759,2023-03-12,OR,West,Paid Social,Mobile,Silver
C004760,2023-12-20,PA,Northeast,Referral,Mobile,Silver
C004761,2024-02-06,NC,South,Referral,Desktop,Silver
C004762,2025-03-09,GA,South,Referral,Desktop,Silver
C004763,2024-09-03,NY,Northeast,Paid Search,Desktop,Silver
C004764,2023-08-25,NC,South,Organic Search,Mobile,Gold
C004765,2024-07-25,FL,South,Affiliate,Mobile,Bronze
C004766,2024-07-18,TX,South,Affiliate,Desktop,Bronze
C004767,2024-03-11,MO,Midwest,Organic Search,Desktop,Bronze
C004768,2024-10-18,FL,South,Email,Tablet,Bronze
C004769,2024-02-06,NV,West,Paid Search,Mobile,Silver
C004770,2024-02-15,OH,Midwest,Organic Search,Desktop,Bronze
C004771,2025-08-22,MI,Midwest,Affiliate,Mobile,Bronze
C004772,2023-11-06,GA,South,Affiliate,Mobile,Gold
C004773,2024-02-10,CA,West,Affiliate,Mobile,Gold
C004774,2023-06-22,VA,South,Organic Search,Mobile,Silver
C004775,2025-05-09,WA,West,Paid Social,Mobile,Bronze
C004776,2025-05-19,NV,West,Referral,Mobile,Bronze
C004777,2025-04-14,NC,South,Email,Desktop,Bronze
C004778,2023-07-27,OR,West,Paid Search,Desktop,Bronze
C004779,2024-07-09,NC,South,Paid Social,Mobile,Bronze
C004780,2023-12-26,MN,Midwest,Organic Search,Desktop,Silver
C004781,2025-07-29,TX,South,Paid Social,Mobile,Bronze
C004782,2024-02-19,CT,Northeast,Referral,Mobile,Bronze
C004783,2024-05-27,NY,Northeast,Organic Search,Tablet,Silver
C004784,2024-07-13,MI,Midwest,Organic Search,Mobile,Bronze
C004785,2025-07-25,PA,Northeast,Paid Social,Mobile,Bronze
C004786,2025-05-14,PA,Northeast,Paid Social,Desktop,Bronze
C004787,2025-10-06,TX,South,Paid Search,Mobile,Bronze
C004788,2024-06-10,WI,Midwest,Organic Search,Mobile,Bronze
C004789,2025-10-05,OR,West,Referral,Desktop,Bronze
C004790,2025-12-08,IL,Midwest,Organic Search,Mobile,Bronze
C004791,2024-10-06,TX,South,Email,Mobile,Gold
C004792,2025-04-16,NV,West,Paid Social,Desktop,Silver
C004793,2026-01-24,NC,South,Paid Search,Mobile,Bronze
C004794,2025-10-29,MA,Northeast,Paid Social,Mobile,Gold
C004795,2023-12-07,TN,South,Email,Mobile,Bronze
C004796,2025-05-31,AZ,West,Paid Social,Mobile,Bronze
C004797,2024-07-02,CO,West,Paid Social,Tablet,Bronze
C004798,2023-07-02,VA,South,Paid Search,Desktop,Bronze
C004799,2024-04-02,MD,Northeast,Paid Search,Mobile,Bronze
C004800,2026-04-18,WI,Midwest,Paid Social,Mobile,Platinum
C004801,2026-03-25,GA,South,Paid Social,Mobile,Bronze
C004802,2025-08-26,NV,West,Paid Search,Desktop,Bronze
C004803,2026-05-04,NV,West,Organic Search,Mobile,Bronze
C004804,2024-12-06,FL,South,Email,Desktop,Gold
C004805,2025-07-21,CT,Northeast,Organic Search,Mobile,Bronze
C004806,2023-07-23,MN,Midwest,Affiliate,Mobile,Gold
C004807,2024-01-03,NC,South,Email,Desktop,Bronze
C004808,2023-08-01,MO,Midwest,Organic Search,Desktop,Silver
C004809,2026-02-28,TN,South,Email,Mobile,Bronze
C004810,2025-01-26,VA,South,Paid Search,Mobile,Bronze
C004811,2026-02-22,VA,South,Affiliate,Desktop,Bronze
C004812,2024-05-27,WI,Midwest,Affiliate,Desktop,Bronze
C004813,2024-05-11,FL,South,Referral,Desktop,Bronze
C004814,2025-04-11,NJ,Northeast,Paid Social,Desktop,Bronze
C004815,2024-11-30,FL,South,Affiliate,Desktop,Silver
C004816,2024-04-03,AZ,West,Email,Mobile,Silver
C004817,2024-01-26,CO,West,Referral,Mobile,Bronze
C004818,2024-09-23,VA,South,Organic Search,Mobile,Silver
C004819,2023-04-03,TN,South,Affiliate,Desktop,Silver
C004820,2023-08-20,TN,South,Email,Mobile,Platinum
C004821,2023-02-23,MO,Midwest,Paid Search,Mobile,Bronze
C004822,2023-07-11,TN,South,Affiliate,Desktop,Bronze
C004823,2023-09-02,IL,Midwest,Email,Mobile,Platinum
C004824,2023-04-04,MN,Midwest,Affiliate,Tablet,Gold
C004825,2023-03-10,GA,South,Organic Search,Mobile,Gold
C004826,2025-10-05,NC,South,Paid Social,Desktop,Silver
C004827,2023-08-13,NV,West,Email,Mobile,Silver
C004828,2024-11-14,FL,South,Organic Search,Mobile,Gold
C004829,2023-05-02,OH,Midwest,Referral,Mobile,Bronze
C004830,2026-03-11,NY,Northeast,Email,Mobile,Bronze
C004831,2023-10-22,OH,Midwest,Paid Search,Desktop,Platinum
C004832,2025-07-11,TN,South,Email,Desktop,Gold
C004833,2025-02-28,MN,Midwest,Organic Search,Mobile,Bronze
C004834,2025-08-04,MO,Midwest,Referral,Mobile,Bronze
C004835,2025-02-13,VA,South,Referral,Tablet,Gold
C004836,2024-09-18,MD,Northeast,Paid Social,Mobile,Bronze
C004837,2025-08-08,WA,West,Paid Social,Desktop,Silver
C004838,2025-09-30,OR,West,Paid Search,Mobile,Bronze
C004839,2024-04-12,CA,West,Paid Search,Mobile,Bronze
C004840,2026-03-05,CA,West,Referral,Mobile,Silver
C004841,2026-04-30,NJ,Northeast,Paid Search,Mobile,Platinum
C004842,2025-06-07,FL,South,Paid Search,Desktop,Bronze
C004843,2026-02-17,TX,South,Paid Search,Desktop,Bronze
C004844,2023-05-10,VA,South,Email,Desktop,Bronze
C004845,2024-10-27,NC,South,Referral,Desktop,Bronze
C004846,2025-03-12,NC,South,Organic Search,Desktop,Gold
C004847,2026-02-16,NV,West,Paid Search,Desktop,Bronze
C004848,2023-05-29,MO,Midwest,Organic Search,Desktop,Gold
C004849,2025-09-19,CA,West,Organic Search,Desktop,Gold
C004850,2023-04-06,MI,Midwest,Paid Search,Mobile,Bronze
C004851,2024-03-16,WA,West,Referral,Mobile,Bronze
C004852,2025-05-02,MN,Midwest,Paid Social,Mobile,Platinum
C004853,2023-12-25,MA,Northeast,Organic Search,Mobile,Bronze
C004854,2025-10-24,AZ,West,Email,Mobile,Gold
C004855,2026-02-19,NV,West,Referral,Mobile,Bronze
C004856,2023-07-15,NJ,Northeast,Paid Search,Mobile,Bronze
C004857,2023-11-14,NC,South,Organic Search,Mobile,Bronze
C004858,2023-04-02,MO,Midwest,Referral,Desktop,Bronze
C004859,2025-05-24,NV,West,Organic Search,Desktop,Silver
C004860,2025-12-27,NC,South,Referral,Mobile,Silver
C004861,2025-01-10,FL,South,Referral,Tablet,Bronze
C004862,2023-06-12,NY,Northeast,Referral,Tablet,Silver
C004863,2023-08-02,FL,South,Organic Search,Desktop,Bronze
C004864,2023-02-13,IL,Midwest,Organic Search,Mobile,Gold
C004865,2024-08-26,MI,Midwest,Referral,Mobile,Gold
C004866,2025-06-06,CO,West,Paid Social,Mobile,Silver
C004867,2023-07-04,GA,South,Paid Search,Desktop,Platinum
C004868,2025-11-09,NV,West,Paid Social,Desktop,Bronze
C004869,2023-11-08,VA,South,Organic Search,Desktop,Bronze
C004870,2024-09-25,WI,Midwest,Email,Desktop,Bronze
C004871,2025-04-01,NC,South,Affiliate,Tablet,Gold
C004872,2024-10-26,AZ,West,Email,Mobile,Bronze
C004873,2024-08-11,OH,Midwest,Paid Social,Desktop,Gold
C004874,2024-02-19,MI,Midwest,Affiliate,Desktop,Bronze
C004875,2024-06-13,GA,South,Email,Mobile,Bronze
C004876,2023-10-21,TN,South,Organic Search,Desktop,Silver
C004877,2023-12-29,OR,West,Email,Mobile,Silver
C004878,2025-07-18,MO,Midwest,Organic Search,Mobile,Bronze
C004879,2025-12-22,FL,South,Paid Search,Tablet,Gold
C004880,2025-11-11,FL,South,Paid Social,Mobile,Silver
C004881,2024-02-12,AZ,West,Organic Search,Mobile,Bronze
C004882,2024-01-31,WI,Midwest,Organic Search,Tablet,Silver
C004883,2023-03-13,WI,Midwest,Paid Social,Mobile,Bronze
C004884,2023-12-04,FL,South,Paid Search,Mobile,Gold
C004885,2024-12-21,NY,Northeast,Paid Social,Mobile,Bronze
C004886,2023-11-26,NJ,Northeast,Paid Search,Mobile,Silver
C004887,2025-06-21,OR,West,Email,Mobile,Bronze
C004888,2023-03-04,MI,Midwest,Referral,Mobile,Bronze
C004889,2024-05-21,VA,South,Organic Search,Desktop,Silver
C004890,2023-12-13,MD,Northeast,Referral,Mobile,Bronze
C004891,2024-08-31,AZ,West,Organic Search,Mobile,Silver
C004892,2023-02-01,TX,South,Paid Search,Mobile,Silver
C004893,2024-05-30,TX,South,Paid Search,Mobile,Bronze
C004894,2025-08-28,OR,West,Organic Search,Desktop,Bronze
C004895,2025-11-20,MN,Midwest,Organic Search,Mobile,Silver
C004896,2023-11-12,TN,South,Referral,Mobile,Bronze
C004897,2024-06-11,WA,West,Referral,Mobile,Bronze
C004898,2025-04-29,TX,South,Affiliate,Mobile,Bronze
C004899,2024-07-24,NJ,Northeast,Affiliate,Mobile,Bronze
C004900,2024-10-30,WI,Midwest,Paid Search,Mobile,Silver
C004901,2024-02-25,VA,South,Organic Search,Mobile,Gold
C004902,2025-10-27,VA,South,Organic Search,Mobile,Silver
C004903,2025-02-16,NV,West,Paid Social,Mobile,Silver
C004904,2026-03-28,NY,Northeast,Referral,Desktop,Bronze
C004905,2025-08-17,MO,Midwest,Paid Search,Mobile,Silver
C004906,2024-03-28,TX,South,Organic Search,Mobile,Silver
C004907,2024-02-08,NJ,Northeast,Paid Search,Mobile,Bronze
C004908,2023-04-19,CO,West,Referral,Mobile,Silver
C004909,2025-02-05,MN,Midwest,Paid Social,Mobile,Bronze
C004910,2025-07-11,WA,West,Email,Mobile,Bronze
C004911,2024-03-12,NV,West,Paid Social,Mobile,Bronze
C004912,2023-01-27,TX,South,Paid Search,Mobile,Bronze
C004913,2025-10-13,FL,South,Paid Search,Mobile,Bronze
C004914,2023-10-02,MD,Northeast,Referral,Desktop,Bronze
C004915,2024-12-17,FL,South,Referral,Desktop,Bronze
C004916,2023-03-07,MD,Northeast,Paid Search,Mobile,Bronze
C004917,2023-03-19,MN,Midwest,Paid Search,Desktop,Bronze
C004918,2026-01-10,MN,Midwest,Organic Search,Mobile,Bronze
C004919,2025-04-07,CT,Northeast,Organic Search,Mobile,Gold
C004920,2023-01-07,NC,South,Organic Search,Mobile,Silver
C004921,2023-05-04,TX,South,Organic Search,Desktop,Bronze
C004922,2024-08-29,CO,West,Email,Mobile,Bronze
C004923,2025-04-17,GA,South,Referral,Desktop,Bronze
C004924,2024-06-05,MA,Northeast,Email,Desktop,Bronze
C004925,2025-12-10,NC,South,Email,Mobile,Bronze
C004926,2025-03-14,NC,South,Affiliate,Mobile,Bronze
C004927,2025-01-26,OR,West,Affiliate,Mobile,Bronze
C004928,2023-12-23,VA,South,Paid Search,Desktop,Silver
C004929,2025-04-19,OH,Midwest,Organic Search,Mobile,Bronze
C004930,2025-12-11,NC,South,Organic Search,Mobile,Bronze
C004931,2023-03-02,MN,Midwest,Referral,Mobile,Bronze
C004932,2025-06-22,MN,Midwest,Organic Search,Desktop,Gold
C004933,2025-12-18,IL,Midwest,Paid Search,Desktop,Silver
C004934,2024-06-16,OR,West,Paid Social,Mobile,Silver
C004935,2025-07-31,IL,Midwest,Paid Social,Mobile,Gold
C004936,2024-03-16,NV,West,Paid Social,Mobile,Silver
C004937,2023-08-26,TN,South,Referral,Mobile,Bronze
C004938,2025-10-01,MN,Midwest,Paid Social,Mobile,Silver
C004939,2024-01-19,WI,Midwest,Referral,Desktop,Bronze
C004940,2025-07-20,OR,West,Organic Search,Mobile,Silver
C004941,2024-01-24,NJ,Northeast,Referral,Mobile,Bronze
C004942,2024-05-06,OR,West,Paid Social,Mobile,Bronze
C004943,2025-04-23,OH,Midwest,Organic Search,Mobile,Bronze
C004944,2024-02-25,CT,Northeast,Affiliate,Mobile,Bronze
C004945,2025-09-21,TN,South,Affiliate,Desktop,Silver
C004946,2023-02-17,PA,Northeast,Referral,Mobile,Bronze
C004947,2023-01-15,WI,Midwest,Affiliate,Mobile,Bronze
C004948,2023-04-11,IL,Midwest,Paid Search,Mobile,Bronze
C004949,2023-11-12,IL,Midwest,Organic Search,Mobile,Silver
C004950,2023-03-08,OH,Midwest,Organic Search,Desktop,Silver
C004951,2024-04-13,OR,West,Referral,Desktop,Silver
C004952,2023-01-31,OH,Midwest,Referral,Desktop,Bronze
C004953,2025-07-19,NV,West,Affiliate,Desktop,Bronze
C004954,2023-07-08,CT,Northeast,Referral,Desktop,Bronze
C004955,2026-04-11,OR,West,Email,Mobile,Bronze
C004956,2025-11-21,OR,West,Organic Search,Mobile,Bronze
C004957,2025-05-04,NY,Northeast,Organic Search,Desktop,Gold
C004958,2025-09-09,WA,West,Paid Social,Mobile,Bronze
C004959,2025-08-12,TN,South,Referral,Mobile,Bronze
C004960,2025-11-06,WI,Midwest,Organic Search,Desktop,Silver
C004961,2024-11-14,CA,West,Affiliate,Mobile,Bronze
C004962,2025-02-06,CA,West,Email,Mobile,Bronze
C004963,2024-07-31,TN,South,Paid Search,Mobile,Silver
C004964,2025-02-07,WA,West,Referral,Mobile,Silver
C004965,2024-04-14,NV,West,Paid Social,Mobile,Silver
C004966,2023-06-02,AZ,West,Email,Mobile,Gold
C004967,2026-02-20,TN,South,Paid Search,Mobile,Bronze
C004968,2025-05-10,NC,South,Paid Search,Mobile,Silver
C004969,2025-05-17,OR,West,Organic Search,Mobile,Gold
C004970,2023-12-11,WI,Midwest,Paid Social,Mobile,Bronze
C004971,2025-08-06,WI,Midwest,Referral,Mobile,Silver
C004972,2024-10-01,CO,West,Affiliate,Mobile,Gold
C004973,2023-04-05,NC,South,Referral,Desktop,Silver
C004974,2026-03-21,MD,Northeast,Organic Search,Mobile,Bronze
C004975,2026-05-05,WI,Midwest,Affiliate,Desktop,Bronze
C004976,2025-12-07,TX,South,Organic Search,Desktop,Silver
C004977,2024-08-07,FL,South,Organic Search,Mobile,Gold
C004978,2023-10-15,AZ,West,Referral,Mobile,Bronze
C004979,2023-01-14,NY,Northeast,Affiliate,Mobile,Bronze
C004980,2025-06-25,CT,Northeast,Affiliate,Mobile,Bronze
C004981,2026-01-01,PA,Northeast,Referral,Desktop,Bronze
C004982,2023-05-09,WA,West,Organic Search,Desktop,Silver
C004983,2025-04-22,NC,South,Organic Search,Desktop,Bronze
C004984,2023-02-02,CO,West,Organic Search,Desktop,Bronze
C004985,2025-08-14,VA,South,Paid Social,Desktop,Silver
C004986,2023-02-04,GA,South,Paid Social,Desktop,Bronze
C004987,2026-04-15,IL,Midwest,Organic Search,Mobile,Silver
C004988,2023-07-29,CO,West,Paid Social,Mobile,Bronze
C004989,2024-05-07,MD,Northeast,Paid Social,Mobile,Bronze
C004990,2025-05-05,NV,West,Email,Mobile,Gold
C004991,2025-11-07,NV,West,Paid Search,Mobile,Bronze
C004992,2024-03-23,MA,Northeast,Paid Search,Mobile,Bronze
C004993,2026-04-21,IL,Midwest,Email,Desktop,Bronze
C004994,2023-01-20,TX,South,Email,Mobile,Silver
C004995,2024-08-03,IL,Midwest,Paid Search,Desktop,Bronze
C004996,2026-05-01,CO,West,Organic Search,Mobile,Silver
C004997,2023-12-04,CA,West,Affiliate,Mobile,Bronze
C004998,2024-10-18,NC,South,Referral,Desktop,Gold
C004999,2024-07-01,GA,South,Organic Search,Mobile,Silver
C005000,2024-04-29,IL,Midwest,Paid Social,Desktop,Gold
C005001,2025-08-03,CO,West,Paid Social,Desktop,Silver
C005002,2024-09-30,IL,Midwest,Organic Search,Mobile,Gold
C005003,2025-05-28,MO,Midwest,Organic Search,Mobile,Bronze
C005004,2024-10-02,AZ,West,Affiliate,Mobile,Bronze
C005005,2026-05-12,AZ,West,Paid Social,Mobile,Gold
C005006,2024-08-01,TX,South,Organic Search,Tablet,Gold
C005007,2025-09-06,MO,Midwest,Referral,Desktop,Gold
C005008,2025-01-24,MN,Midwest,Paid Social,Mobile,Platinum
C005009,2025-09-13,MI,Midwest,Email,Desktop,Silver
C005010,2025-12-26,TN,South,Paid Search,Desktop,Bronze
C005011,2023-10-06,OR,West,Organic Search,Mobile,Silver
C005012,2024-01-07,FL,South,Organic Search,Mobile,Bronze
C005013,2024-01-07,WA,West,Affiliate,Desktop,Silver
C005014,2024-08-22,MN,Midwest,Email,Desktop,Gold
C005015,2024-08-28,NV,West,Referral,Mobile,Silver
C005016,2023-01-05,FL,South,Organic Search,Mobile,Bronze
C005017,2026-01-07,FL,South,Referral,Mobile,Silver
C005018,2025-11-24,VA,South,Paid Social,Mobile,Gold
C005019,2025-01-09,MN,Midwest,Email,Desktop,Bronze
C005020,2024-01-12,VA,South,Paid Search,Mobile,Bronze
C005021,2025-10-14,NJ,Northeast,Email,Desktop,Silver
C005022,2023-11-30,NJ,Northeast,Organic Search,Mobile,Gold
C005023,2024-01-12,NJ,Northeast,Organic Search,Desktop,Silver
C005024,2026-05-12,MN,Midwest,Referral,Desktop,Silver
C005025,2026-02-11,WI,Midwest,Organic Search,Mobile,Bronze
C005026,2024-12-20,MN,Midwest,Organic Search,Mobile,Bronze
C005027,2023-07-28,FL,South,Affiliate,Mobile,Gold
C005028,2023-06-01,VA,South,Paid Search,Desktop,Bronze
C005029,2026-04-02,MN,Midwest,Paid Social,Desktop,Bronze
C005030,2023-11-23,OR,West,Referral,Mobile,Bronze
C005031,2025-04-18,CA,West,Referral,Tablet,Bronze
C005032,2024-03-10,MA,Northeast,Organic Search,Desktop,Bronze
C005033,2024-09-03,NV,West,Paid Social,Mobile,Silver
C005034,2026-04-28,VA,South,Paid Social,Mobile,Bronze
C005035,2024-12-30,OH,Midwest,Paid Search,Mobile,Silver
C005036,2024-06-14,CA,West,Referral,Mobile,Bronze
C005037,2024-05-26,MD,Northeast,Affiliate,Tablet,Gold
C005038,2023-10-11,NV,West,Organic Search,Desktop,Bronze
C005039,2024-11-16,NY,Northeast,Organic Search,Mobile,Bronze
C005040,2024-12-02,IL,Midwest,Email,Mobile,Bronze
C005041,2023-04-27,OR,West,Paid Social,Mobile,Platinum
C005042,2024-05-13,NV,West,Referral,Mobile,Silver
C005043,2025-03-04,FL,South,Organic Search,Mobile,Silver
C005044,2023-03-09,GA,South,Organic Search,Desktop,Bronze
C005045,2026-04-16,AZ,West,Email,Desktop,Bronze
C005046,2025-11-25,MD,Northeast,Affiliate,Desktop,Gold
C005047,2025-02-23,OR,West,Organic Search,Mobile,Bronze
C005048,2023-01-20,PA,Northeast,Referral,Mobile,Silver
C005049,2024-09-29,OR,West,Paid Search,Desktop,Gold
C005050,2026-01-11,NY,Northeast,Organic Search,Mobile,Silver
C005051,2023-01-28,CA,West,Paid Social,Mobile,Bronze
C005052,2025-09-01,VA,South,Paid Search,Tablet,Bronze
C005053,2025-10-30,TX,South,Email,Desktop,Bronze
C005054,2023-04-04,AZ,West,Paid Search,Desktop,Platinum
C005055,2023-10-11,NJ,Northeast,Paid Social,Mobile,Gold
C005056,2025-06-09,TN,South,Organic Search,Mobile,Bronze
C005057,2026-01-27,VA,South,Referral,Mobile,Gold
C005058,2025-08-07,TN,South,Affiliate,Mobile,Bronze
C005059,2024-10-09,WI,Midwest,Paid Search,Mobile,Bronze
C005060,2025-01-11,WA,West,Paid Search,Desktop,Bronze
C005061,2024-10-07,NV,West,Affiliate,Mobile,Gold
C005062,2024-12-12,NV,West,Organic Search,Mobile,Bronze
C005063,2025-08-06,GA,South,Referral,Desktop,Bronze
C005064,2023-03-03,CA,West,Paid Social,Desktop,Bronze
C005065,2023-09-15,MD,Northeast,Referral,Mobile,Bronze
C005066,2023-03-15,FL,South,Paid Search,Desktop,Bronze
C005067,2025-09-07,MO,Midwest,Paid Search,Mobile,Bronze
C005068,2025-06-14,VA,South,Paid Search,Mobile,Silver
C005069,2023-03-07,TX,South,Organic Search,Mobile,Gold
C005070,2023-05-10,TN,South,Organic Search,Desktop,Bronze
C005071,2023-11-23,NC,South,Affiliate,Desktop,Gold
C005072,2023-10-25,FL,South,Organic Search,Tablet,Gold
C005073,2024-10-01,TN,South,Organic Search,Mobile,Gold
C005074,2024-09-06,TX,South,Paid Search,Mobile,Bronze
C005075,2024-03-16,NJ,Northeast,Paid Search,Mobile,Gold
C005076,2023-07-22,CO,West,Paid Social,Tablet,Silver
C005077,2025-03-10,TN,South,Organic Search,Desktop,Bronze
C005078,2025-08-30,CA,West,Referral,Tablet,Silver
C005079,2025-02-27,TX,South,Referral,Mobile,Bronze
C005080,2025-09-20,OH,Midwest,Organic Search,Mobile,Silver
C005081,2026-01-30,CA,West,Referral,Mobile,Silver
C005082,2025-11-02,OH,Midwest,Paid Search,Mobile,Bronze
C005083,2025-03-13,NC,South,Paid Search,Mobile,Bronze
C005084,2023-03-03,CA,West,Affiliate,Mobile,Gold
C005085,2024-02-16,NJ,Northeast,Referral,Mobile,Bronze
C005086,2024-06-10,FL,South,Paid Search,Mobile,Gold
C005087,2025-05-27,MO,Midwest,Paid Social,Desktop,Silver
C005088,2025-11-08,VA,South,Paid Search,Desktop,Bronze
C005089,2025-02-27,MD,Northeast,Paid Social,Desktop,Silver
C005090,2024-03-23,GA,South,Email,Mobile,Platinum
C005091,2025-08-27,NC,South,Organic Search,Desktop,Gold
C005092,2025-05-06,MN,Midwest,Affiliate,Mobile,Bronze
C005093,2025-09-09,VA,South,Email,Mobile,Bronze
C005094,2024-12-26,TN,South,Organic Search,Mobile,Bronze
C005095,2025-03-07,MD,Northeast,Referral,Mobile,Silver
C005096,2024-03-03,NC,South,Referral,Desktop,Bronze
C005097,2024-05-07,MO,Midwest,Paid Search,Desktop,Bronze
C005098,2023-12-07,WI,Midwest,Paid Social,Mobile,Bronze
C005099,2023-11-13,CT,Northeast,Referral,Desktop,Platinum
C005100,2025-03-14,MA,Northeast,Affiliate,Mobile,Bronze
C005101,2024-04-17,GA,South,Paid Search,Mobile,Silver
C005102,2023-06-14,NC,South,Email,Desktop,Bronze
C005103,2023-02-13,OR,West,Referral,Desktop,Silver
C005104,2025-11-24,MN,Midwest,Affiliate,Desktop,Silver
C005105,2024-06-19,NJ,Northeast,Organic Search,Mobile,Gold
C005106,2024-12-10,TN,South,Paid Social,Mobile,Silver
C005107,2026-01-18,NV,West,Referral,Mobile,Bronze
C005108,2023-05-18,TN,South,Organic Search,Mobile,Bronze
C005109,2026-02-27,FL,South,Paid Search,Mobile,Bronze
C005110,2025-05-16,CT,Northeast,Paid Social,Mobile,Bronze
C005111,2025-02-27,AZ,West,Paid Social,Mobile,Platinum
C005112,2024-06-14,IL,Midwest,Email,Mobile,Bronze
C005113,2025-05-19,MI,Midwest,Organic Search,Desktop,Gold
C005114,2023-09-09,CT,Northeast,Referral,Mobile,Bronze
C005115,2024-01-07,CO,West,Paid Search,Mobile,Gold
C005116,2026-03-29,CT,Northeast,Referral,Tablet,Gold
C005117,2023-12-06,MI,Midwest,Paid Search,Desktop,Silver
C005118,2025-06-04,OH,Midwest,Organic Search,Mobile,Bronze
C005119,2026-02-19,CO,West,Affiliate,Mobile,Gold
C005120,2024-12-30,VA,South,Referral,Mobile,Gold
C005121,2024-01-02,MO,Midwest,Paid Search,Tablet,Bronze
C005122,2025-11-10,FL,South,Paid Search,Mobile,Gold
C005123,2025-10-14,GA,South,Paid Social,Mobile,Gold
C005124,2024-10-31,FL,South,Affiliate,Desktop,Bronze
C005125,2023-05-22,VA,South,Paid Search,Desktop,Bronze
C005126,2024-06-27,CO,West,Affiliate,Mobile,Bronze
C005127,2024-06-15,FL,South,Paid Search,Mobile,Bronze
C005128,2023-08-22,WA,West,Email,Mobile,Gold
C005129,2024-05-10,MA,Northeast,Paid Search,Mobile,Gold
C005130,2023-07-08,PA,Northeast,Organic Search,Mobile,Bronze
C005131,2025-05-02,GA,South,Affiliate,Desktop,Silver
C005132,2024-06-15,OR,West,Organic Search,Desktop,Silver
C005133,2025-06-18,AZ,West,Affiliate,Desktop,Bronze
C005134,2024-07-15,VA,South,Organic Search,Desktop,Silver
C005135,2025-05-28,MD,Northeast,Paid Search,Mobile,Silver
C005136,2025-06-21,GA,South,Affiliate,Mobile,Bronze
C005137,2023-07-17,AZ,West,Email,Desktop,Bronze
C005138,2024-06-28,AZ,West,Organic Search,Mobile,Gold
C005139,2025-07-12,WA,West,Paid Social,Mobile,Bronze
C005140,2024-12-31,CT,Northeast,Organic Search,Mobile,Bronze
C005141,2023-09-30,MI,Midwest,Referral,Desktop,Platinum
C005142,2025-10-21,NC,South,Organic Search,Mobile,Gold
C005143,2023-09-04,TN,South,Paid Social,Mobile,Silver
C005144,2026-05-07,MD,Northeast,Organic Search,Mobile,Bronze
C005145,2025-05-20,VA,South,Email,Desktop,Silver
C005146,2024-02-02,CT,Northeast,Affiliate,Mobile,Silver
C005147,2023-08-28,MA,Northeast,Referral,Mobile,Bronze
C005148,2026-01-15,GA,South,Paid Search,Desktop,Bronze
C005149,2024-10-06,PA,Northeast,Organic Search,Desktop,Bronze
C005150,2025-09-19,VA,South,Organic Search,Mobile,Bronze
C005151,2025-10-20,OH,Midwest,Referral,Mobile,Gold
C005152,2023-03-25,NV,West,Organic Search,Tablet,Silver
C005153,2025-04-21,TN,South,Email,Mobile,Bronze
C005154,2024-02-16,CA,West,Paid Search,Desktop,Bronze
C005155,2026-01-22,NV,West,Affiliate,Desktop,Silver
C005156,2023-09-27,WA,West,Paid Social,Desktop,Bronze
C005157,2023-02-11,FL,South,Paid Social,Mobile,Bronze
C005158,2025-03-28,MN,Midwest,Affiliate,Mobile,Gold
C005159,2024-11-10,TX,South,Affiliate,Mobile,Gold
C005160,2024-11-14,TX,South,Paid Social,Mobile,Gold
C005161,2023-11-21,PA,Northeast,Referral,Mobile,Bronze
C005162,2024-09-01,MA,Northeast,Email,Mobile,Gold
C005163,2026-04-01,CA,West,Paid Search,Mobile,Silver
C005164,2025-07-28,GA,South,Organic Search,Desktop,Bronze
C005165,2026-04-27,OH,Midwest,Email,Mobile,Bronze
C005166,2024-02-15,MN,Midwest,Email,Mobile,Bronze
C005167,2025-12-07,FL,South,Organic Search,Mobile,Bronze
C005168,2024-04-16,IL,Midwest,Organic Search,Desktop,Gold
C005169,2026-02-25,NV,West,Email,Mobile,Silver
C005170,2025-12-01,VA,South,Organic Search,Desktop,Platinum
C005171,2023-07-22,MN,Midwest,Email,Mobile,Silver
C005172,2026-04-11,MI,Midwest,Email,Mobile,Bronze
C005173,2025-01-17,PA,Northeast,Paid Search,Desktop,Bronze
C005174,2025-08-13,CA,West,Paid Search,Mobile,Bronze
C005175,2024-12-13,WA,West,Paid Search,Desktop,Gold
C005176,2023-09-25,OR,West,Paid Search,Desktop,Bronze
C005177,2026-04-27,NV,West,Paid Social,Mobile,Bronze
C005178,2023-05-19,OR,West,Referral,Mobile,Bronze
C005179,2025-09-22,VA,South,Referral,Desktop,Silver
C005180,2023-09-15,NC,South,Organic Search,Desktop,Bronze
C005181,2025-08-25,IL,Midwest,Email,Desktop,Bronze
C005182,2024-06-04,NC,South,Paid Search,Mobile,Silver
C005183,2023-10-19,NV,West,Referral,Mobile,Bronze
C005184,2023-10-19,IL,Midwest,Organic Search,Desktop,Silver
C005185,2024-01-29,OR,West,Paid Social,Desktop,Silver
C005186,2026-01-14,MD,Northeast,Paid Social,Mobile,Bronze
C005187,2025-08-05,OR,West,Paid Search,Mobile,Bronze
C005188,2025-04-05,GA,South,Affiliate,Desktop,Bronze
C005189,2025-02-14,NJ,Northeast,Organic Search,Mobile,Bronze
C005190,2024-05-27,TX,South,Organic Search,Tablet,Silver
C005191,2026-01-14,OH,Midwest,Email,Mobile,Bronze
C005192,2023-12-04,WI,Midwest,Paid Social,Mobile,Bronze
C005193,2026-03-06,CO,West,Paid Search,Mobile,Silver
C005194,2024-04-13,MN,Midwest,Paid Search,Mobile,Silver
C005195,2024-02-25,CT,Northeast,Organic Search,Mobile,Gold
C005196,2024-08-09,MA,Northeast,Referral,Mobile,Gold
C005197,2025-07-10,NC,South,Paid Social,Mobile,Bronze
C005198,2025-05-28,GA,South,Organic Search,Mobile,Bronze
C005199,2025-08-01,IL,Midwest,Paid Search,Desktop,Silver
C005200,2023-04-20,GA,South,Affiliate,Mobile,Silver
C005201,2023-07-18,CO,West,Referral,Mobile,Bronze
C005202,2025-11-10,NV,West,Organic Search,Desktop,Platinum
C005203,2026-04-22,AZ,West,Email,Mobile,Silver
C005204,2023-06-07,TX,South,Organic Search,Mobile,Bronze
C005205,2026-01-17,WA,West,Organic Search,Desktop,Silver
C005206,2023-11-20,WA,West,Referral,Mobile,Bronze
C005207,2026-04-20,OR,West,Referral,Mobile,Gold
C005208,2026-05-08,MD,Northeast,Organic Search,Desktop,Bronze
C005209,2025-02-23,OR,West,Referral,Tablet,Silver
C005210,2023-08-23,NV,West,Email,Desktop,Silver
C005211,2025-08-28,NC,South,Referral,Mobile,Bronze
C005212,2023-05-05,OR,West,Referral,Desktop,Silver
C005213,2024-02-16,MD,Northeast,Paid Social,Mobile,Bronze
C005214,2025-02-24,NJ,Northeast,Affiliate,Mobile,Bronze
C005215,2023-03-25,TX,South,Organic Search,Mobile,Bronze
C005216,2024-04-28,TN,South,Paid Social,Desktop,Gold
C005217,2025-09-08,NC,South,Paid Search,Mobile,Gold
C005218,2023-04-24,WA,West,Referral,Desktop,Bronze
C005219,2024-03-27,VA,South,Organic Search,Tablet,Gold
C005220,2023-01-05,CA,West,Paid Search,Mobile,Gold
C005221,2025-03-21,WA,West,Referral,Mobile,Bronze
C005222,2023-04-08,TX,South,Paid Search,Tablet,Platinum
C005223,2023-12-12,WA,West,Organic Search,Mobile,Bronze
C005224,2024-10-05,AZ,West,Paid Search,Desktop,Gold
C005225,2023-09-22,TN,South,Email,Mobile,Silver
C005226,2023-10-12,NC,South,Paid Search,Mobile,Gold
C005227,2025-10-24,CO,West,Paid Search,Mobile,Bronze
C005228,2025-08-15,CA,West,Paid Social,Mobile,Bronze
C005229,2023-04-10,NV,West,Affiliate,Desktop,Gold
C005230,2025-11-21,CA,West,Referral,Mobile,Silver
C005231,2024-07-30,MD,Northeast,Organic Search,Mobile,Silver
C005232,2023-06-28,MA,Northeast,Referral,Desktop,Silver
C005233,2026-01-21,TN,South,Referral,Tablet,Silver
C005234,2024-02-19,NC,South,Referral,Mobile,Bronze
C005235,2024-02-05,MI,Midwest,Paid Social,Desktop,Bronze
C005236,2023-06-30,WI,Midwest,Organic Search,Mobile,Bronze
C005237,2025-12-27,CO,West,Email,Desktop,Bronze
C005238,2023-12-19,WA,West,Paid Social,Desktop,Gold
C005239,2024-12-30,VA,South,Paid Search,Desktop,Bronze
C005240,2023-10-22,TN,South,Organic Search,Desktop,Bronze
C005241,2026-01-07,CA,West,Organic Search,Tablet,Bronze
C005242,2025-08-26,VA,South,Paid Social,Mobile,Gold
C005243,2024-09-11,FL,South,Organic Search,Desktop,Bronze
C005244,2024-03-01,NV,West,Email,Desktop,Bronze
C005245,2025-03-17,TX,South,Referral,Mobile,Gold
C005246,2024-09-02,OH,Midwest,Paid Search,Desktop,Bronze
C005247,2026-03-04,NC,South,Organic Search,Desktop,Silver
C005248,2025-04-09,AZ,West,Organic Search,Desktop,Bronze
C005249,2023-02-03,AZ,West,Paid Search,Mobile,Silver
C005250,2025-10-09,PA,Northeast,Referral,Desktop,Bronze
C005251,2023-08-26,TN,South,Email,Mobile,Bronze
C005252,2024-01-06,CA,West,Referral,Tablet,Bronze
C005253,2024-06-20,CO,West,Affiliate,Mobile,Silver
C005254,2023-09-15,NJ,Northeast,Organic Search,Desktop,Gold
C005255,2026-03-05,MN,Midwest,Email,Mobile,Bronze
C005256,2026-04-19,MD,Northeast,Paid Social,Desktop,Silver
C005257,2023-07-11,OH,Midwest,Paid Social,Mobile,Bronze
C005258,2024-01-30,GA,South,Paid Search,Desktop,Silver
C005259,2024-04-01,TN,South,Paid Search,Desktop,Gold
C005260,2025-04-06,CO,West,Email,Mobile,Bronze
C005261,2025-01-05,OH,Midwest,Email,Desktop,Bronze
C005262,2025-04-14,MN,Midwest,Paid Search,Desktop,Silver
C005263,2023-02-08,WA,West,Organic Search,Mobile,Gold
C005264,2024-09-24,MA,Northeast,Paid Social,Mobile,Silver
C005265,2023-09-17,GA,South,Email,Mobile,Bronze
C005266,2023-10-09,CA,West,Paid Social,Mobile,Silver
C005267,2025-08-11,VA,South,Organic Search,Mobile,Bronze
C005268,2023-06-24,MA,Northeast,Paid Search,Mobile,Platinum
C005269,2023-02-08,PA,Northeast,Referral,Mobile,Gold
C005270,2024-08-22,TX,South,Referral,Tablet,Gold
C005271,2025-06-24,NY,Northeast,Organic Search,Mobile,Gold
C005272,2024-09-20,PA,Northeast,Paid Social,Desktop,Gold
C005273,2023-07-18,MA,Northeast,Paid Search,Desktop,Bronze
C005274,2025-08-10,NJ,Northeast,Email,Desktop,Gold
C005275,2024-04-14,TN,South,Organic Search,Mobile,Bronze
C005276,2025-05-23,MI,Midwest,Email,Mobile,Bronze
C005277,2023-09-06,TX,South,Affiliate,Desktop,Bronze
C005278,2026-01-27,MN,Midwest,Paid Search,Desktop,Bronze
C005279,2023-12-16,WA,West,Paid Search,Desktop,Bronze
C005280,2026-04-10,IL,Midwest,Organic Search,Mobile,Bronze
C005281,2024-04-09,NY,Northeast,Organic Search,Mobile,Bronze
C005282,2025-06-14,FL,South,Affiliate,Mobile,Bronze
C005283,2024-09-10,MA,Northeast,Affiliate,Desktop,Bronze
C005284,2023-04-05,VA,South,Organic Search,Desktop,Silver
C005285,2023-05-01,WA,West,Affiliate,Mobile,Silver
C005286,2024-05-13,CA,West,Organic Search,Mobile,Silver
C005287,2023-08-26,OH,Midwest,Paid Social,Mobile,Silver
C005288,2025-01-19,FL,South,Email,Mobile,Silver
C005289,2023-06-19,FL,South,Paid Search,Mobile,Bronze
C005290,2024-12-27,OH,Midwest,Paid Social,Mobile,Bronze
C005291,2023-09-10,VA,South,Email,Mobile,Bronze
C005292,2023-08-12,GA,South,Organic Search,Desktop,Bronze
C005293,2024-03-27,MA,Northeast,Affiliate,Desktop,Gold
C005294,2024-12-18,WI,Midwest,Organic Search,Mobile,Bronze
C005295,2024-05-06,IL,Midwest,Organic Search,Mobile,Platinum
C005296,2024-03-06,OH,Midwest,Affiliate,Desktop,Bronze
C005297,2024-02-23,PA,Northeast,Paid Search,Mobile,Silver
C005298,2024-02-22,OR,West,Paid Search,Mobile,Bronze
C005299,2024-05-11,CA,West,Paid Search,Mobile,Gold
C005300,2025-10-23,NV,West,Organic Search,Tablet,Gold
C005301,2024-12-12,FL,South,Paid Search,Mobile,Bronze
C005302,2024-06-03,OH,Midwest,Paid Search,Tablet,Bronze
C005303,2025-07-11,MN,Midwest,Paid Social,Mobile,Silver
C005304,2024-10-11,VA,South,Paid Social,Mobile,Bronze
C005305,2026-03-14,CO,West,Referral,Mobile,Bronze
C005306,2024-11-23,MO,Midwest,Affiliate,Desktop,Platinum
C005307,2023-09-23,PA,Northeast,Paid Search,Mobile,Silver
C005308,2024-11-24,TX,South,Affiliate,Mobile,Bronze
C005309,2025-08-10,WA,West,Referral,Tablet,Bronze
C005310,2023-09-20,GA,South,Affiliate,Mobile,Bronze
C005311,2023-09-06,FL,South,Email,Mobile,Silver
C005312,2025-01-07,WA,West,Organic Search,Desktop,Bronze
C005313,2025-12-24,TX,South,Organic Search,Mobile,Bronze
C005314,2024-02-16,OH,Midwest,Affiliate,Mobile,Bronze
C005315,2024-09-15,NC,South,Paid Social,Desktop,Platinum
C005316,2025-03-17,GA,South,Referral,Mobile,Bronze
C005317,2025-03-27,CA,West,Email,Mobile,Silver
C005318,2023-06-29,MA,Northeast,Organic Search,Mobile,Bronze
C005319,2024-05-01,VA,South,Paid Search,Mobile,Gold
C005320,2026-05-08,GA,South,Affiliate,Mobile,Bronze
C005321,2025-12-29,WA,West,Organic Search,Mobile,Gold
C005322,2025-08-08,OH,Midwest,Email,Mobile,Gold
C005323,2023-01-30,PA,Northeast,Affiliate,Mobile,Bronze
C005324,2024-05-28,WA,West,Organic Search,Mobile,Bronze
C005325,2023-03-04,CO,West,Paid Search,Mobile,Platinum
C005326,2024-01-06,CO,West,Paid Social,Mobile,Bronze
C005327,2025-11-30,MI,Midwest,Referral,Tablet,Gold
C005328,2024-04-22,MD,Northeast,Paid Social,Mobile,Gold
C005329,2023-07-27,VA,South,Organic Search,Mobile,Bronze
C005330,2025-06-06,TX,South,Organic Search,Desktop,Bronze
C005331,2025-07-23,MI,Midwest,Paid Search,Mobile,Bronze
C005332,2025-03-17,MN,Midwest,Paid Search,Desktop,Silver
C005333,2025-09-22,OR,West,Organic Search,Desktop,Bronze
C005334,2025-05-14,OR,West,Referral,Mobile,Silver
C005335,2025-02-20,GA,South,Organic Search,Mobile,Silver
C005336,2025-12-30,WI,Midwest,Referral,Mobile,Silver
C005337,2024-02-04,OH,Midwest,Affiliate,Desktop,Bronze
C005338,2024-07-15,MN,Midwest,Email,Mobile,Bronze
C005339,2024-11-24,NJ,Northeast,Email,Desktop,Bronze
C005340,2025-04-04,VA,South,Organic Search,Desktop,Bronze
C005341,2024-08-09,TX,South,Paid Social,Desktop,Bronze
C005342,2024-06-27,CA,West,Paid Search,Mobile,Gold
C005343,2023-07-23,NY,Northeast,Organic Search,Desktop,Bronze
C005344,2025-02-24,MI,Midwest,Paid Social,Desktop,Bronze
C005345,2023-06-02,NC,South,Organic Search,Mobile,Silver
C005346,2024-08-07,CO,West,Paid Search,Desktop,Silver
C005347,2024-05-18,MI,Midwest,Email,Mobile,Bronze
C005348,2025-08-14,OH,Midwest,Paid Social,Tablet,Bronze
C005349,2024-08-09,MI,Midwest,Organic Search,Mobile,Bronze
C005350,2023-01-07,CA,West,Organic Search,Mobile,Bronze
C005351,2024-09-14,PA,Northeast,Paid Search,Desktop,Bronze
C005352,2023-09-23,WI,Midwest,Paid Social,Mobile,Bronze
C005353,2024-04-12,IL,Midwest,Paid Social,Mobile,Silver
C005354,2023-12-31,WI,Midwest,Organic Search,Mobile,Gold
C005355,2023-07-25,NJ,Northeast,Paid Social,Desktop,Bronze
C005356,2026-03-09,CT,Northeast,Affiliate,Mobile,Bronze
C005357,2023-11-09,WI,Midwest,Paid Social,Desktop,Gold
C005358,2024-09-16,TN,South,Paid Social,Mobile,Silver
C005359,2025-10-16,TN,South,Email,Mobile,Silver
C005360,2024-03-24,CT,Northeast,Referral,Mobile,Gold
C005361,2026-02-27,OH,Midwest,Affiliate,Mobile,Silver
C005362,2024-05-12,CA,West,Organic Search,Tablet,Silver
C005363,2026-03-11,OR,West,Organic Search,Desktop,Bronze
C005364,2024-07-10,MA,Northeast,Organic Search,Desktop,Gold
C005365,2023-01-18,MA,Northeast,Referral,Desktop,Silver
C005366,2025-12-04,CT,Northeast,Organic Search,Desktop,Bronze
C005367,2025-11-29,FL,South,Affiliate,Tablet,Silver
C005368,2026-03-30,MO,Midwest,Organic Search,Mobile,Bronze
C005369,2023-06-02,PA,Northeast,Paid Social,Desktop,Silver
C005370,2025-11-05,FL,South,Paid Search,Mobile,Bronze
C005371,2024-02-25,AZ,West,Paid Social,Mobile,Silver
C005372,2025-11-02,NY,Northeast,Paid Search,Mobile,Bronze
C005373,2026-04-01,OR,West,Referral,Mobile,Silver
C005374,2023-09-02,WI,Midwest,Paid Social,Mobile,Silver
C005375,2024-04-01,WI,Midwest,Paid Search,Mobile,Bronze
C005376,2023-11-27,OH,Midwest,Email,Mobile,Bronze
C005377,2024-01-11,CA,West,Affiliate,Desktop,Bronze
C005378,2025-01-03,IL,Midwest,Referral,Mobile,Silver
C005379,2024-05-22,CA,West,Email,Mobile,Gold
C005380,2025-03-18,CT,Northeast,Paid Social,Desktop,Bronze
C005381,2025-04-10,AZ,West,Affiliate,Desktop,Silver
C005382,2023-09-07,MN,Midwest,Paid Social,Desktop,Gold
C005383,2023-02-24,MN,Midwest,Affiliate,Mobile,Silver
C005384,2025-07-07,WA,West,Referral,Mobile,Bronze
C005385,2023-08-12,WA,West,Organic Search,Tablet,Bronze
C005386,2023-09-04,IL,Midwest,Organic Search,Mobile,Gold
C005387,2025-01-10,AZ,West,Referral,Desktop,Bronze
C005388,2023-11-20,CA,West,Email,Mobile,Bronze
C005389,2023-08-22,TX,South,Paid Social,Mobile,Silver
C005390,2024-01-13,CT,Northeast,Affiliate,Desktop,Bronze
C005391,2024-10-05,NC,South,Paid Social,Mobile,Silver
C005392,2025-11-07,GA,South,Paid Search,Mobile,Platinum
C005393,2026-05-02,NJ,Northeast,Paid Social,Desktop,Platinum
C005394,2025-06-20,TX,South,Organic Search,Mobile,Silver
C005395,2026-01-11,GA,South,Paid Social,Mobile,Gold
C005396,2024-10-15,GA,South,Affiliate,Mobile,Gold
C005397,2024-05-17,NC,South,Organic Search,Mobile,Gold
C005398,2025-10-06,TX,South,Referral,Desktop,Gold
C005399,2024-01-08,OH,Midwest,Referral,Mobile,Gold
C005400,2025-09-27,CA,West,Organic Search,Mobile,Bronze
C005401,2026-05-13,MI,Midwest,Referral,Mobile,Bronze
C005402,2024-04-24,WA,West,Referral,Desktop,Bronze
C005403,2025-02-18,FL,South,Paid Social,Mobile,Silver
C005404,2025-08-19,NV,West,Organic Search,Desktop,Gold
C005405,2025-08-22,GA,South,Paid Search,Mobile,Platinum
C005406,2023-09-11,OH,Midwest,Paid Social,Mobile,Gold
C005407,2026-03-30,TN,South,Organic Search,Desktop,Gold
C005408,2024-09-11,OR,West,Paid Search,Mobile,Bronze
C005409,2023-02-21,OR,West,Affiliate,Desktop,Bronze
C005410,2023-05-26,PA,Northeast,Email,Desktop,Silver
C005411,2025-06-14,CA,West,Email,Desktop,Bronze
C005412,2024-06-09,MI,Midwest,Affiliate,Mobile,Silver
C005413,2023-05-13,NC,South,Organic Search,Desktop,Silver
C005414,2024-10-02,CA,West,Organic Search,Mobile,Bronze
C005415,2025-01-08,MN,Midwest,Email,Desktop,Silver
C005416,2023-04-09,TX,South,Paid Search,Mobile,Silver
C005417,2024-03-06,NV,West,Organic Search,Mobile,Silver
C005418,2024-07-23,NY,Northeast,Referral,Mobile,Gold
C005419,2025-08-18,WA,West,Organic Search,Mobile,Bronze
C005420,2025-03-13,GA,South,Paid Social,Desktop,Gold
C005421,2023-04-18,NC,South,Paid Social,Mobile,Bronze
C005422,2025-01-25,TN,South,Email,Mobile,Bronze
C005423,2026-01-16,MI,Midwest,Paid Search,Desktop,Bronze
C005424,2023-03-08,CA,West,Organic Search,Mobile,Silver
C005425,2026-04-29,PA,Northeast,Referral,Tablet,Gold
C005426,2023-04-28,WI,Midwest,Affiliate,Mobile,Bronze
C005427,2025-02-05,NY,Northeast,Paid Social,Mobile,Silver
C005428,2024-03-08,CT,Northeast,Organic Search,Mobile,Gold
C005429,2025-06-18,PA,Northeast,Paid Social,Mobile,Gold
C005430,2025-11-03,IL,Midwest,Paid Search,Mobile,Bronze
C005431,2025-11-14,TN,South,Organic Search,Desktop,Bronze
C005432,2025-12-06,TX,South,Organic Search,Mobile,Bronze
C005433,2025-10-01,MI,Midwest,Organic Search,Desktop,Gold
C005434,2024-01-17,FL,South,Paid Search,Mobile,Bronze
C005435,2024-07-26,MN,Midwest,Paid Search,Desktop,Bronze
C005436,2025-06-03,CA,West,Referral,Mobile,Platinum
C005437,2023-07-27,NY,Northeast,Paid Social,Mobile,Bronze
C005438,2024-12-11,NV,West,Paid Search,Mobile,Silver
C005439,2024-10-14,MD,Northeast,Organic Search,Mobile,Platinum
C005440,2026-04-25,CA,West,Referral,Mobile,Bronze
C005441,2023-03-03,OR,West,Organic Search,Mobile,Bronze
C005442,2023-04-27,CT,Northeast,Organic Search,Mobile,Bronze
C005443,2023-02-07,NJ,Northeast,Email,Tablet,Silver
C005444,2024-11-05,MI,Midwest,Email,Mobile,Bronze
C005445,2024-11-08,MD,Northeast,Referral,Mobile,Bronze
C005446,2024-12-30,TN,South,Paid Search,Mobile,Bronze
C005447,2023-10-26,NJ,Northeast,Paid Search,Mobile,Silver
C005448,2024-01-14,TN,South,Paid Search,Mobile,Gold
C005449,2024-05-28,TN,South,Paid Social,Desktop,Silver
C005450,2023-02-27,NC,South,Paid Search,Mobile,Silver
C005451,2025-07-15,OR,West,Paid Search,Desktop,Gold
C005452,2023-03-06,VA,South,Organic Search,Mobile,Silver
C005453,2025-03-31,MO,Midwest,Affiliate,Mobile,Silver
C005454,2024-07-12,CO,West,Organic Search,Desktop,Bronze
C005455,2026-05-14,CT,Northeast,Paid Search,Mobile,Bronze
C005456,2025-05-02,GA,South,Affiliate,Mobile,Bronze
C005457,2024-08-08,CA,West,Email,Mobile,Bronze
C005458,2025-05-11,IL,Midwest,Paid Social,Desktop,Gold
C005459,2023-05-25,CO,West,Email,Mobile,Bronze
C005460,2023-08-11,OR,West,Organic Search,Desktop,Bronze
C005461,2024-09-06,IL,Midwest,Referral,Mobile,Gold
C005462,2025-11-22,WA,West,Paid Search,Tablet,Platinum
C005463,2025-10-06,CA,West,Affiliate,Mobile,Silver
C005464,2024-04-09,MN,Midwest,Organic Search,Desktop,Bronze
C005465,2023-12-16,NV,West,Email,Mobile,Silver
C005466,2026-04-02,PA,Northeast,Paid Social,Desktop,Bronze
C005467,2024-11-27,WI,Midwest,Organic Search,Mobile,Silver
C005468,2023-05-26,OR,West,Paid Search,Desktop,Silver
C005469,2023-10-04,VA,South,Referral,Desktop,Silver
C005470,2025-10-26,AZ,West,Organic Search,Mobile,Bronze
C005471,2026-01-10,IL,Midwest,Affiliate,Mobile,Platinum
C005472,2026-01-23,WA,West,Paid Search,Mobile,Bronze
C005473,2023-01-09,CT,Northeast,Email,Tablet,Bronze
C005474,2025-10-09,NV,West,Paid Social,Desktop,Gold
C005475,2023-05-18,WI,Midwest,Paid Social,Mobile,Bronze
C005476,2025-09-22,OR,West,Email,Mobile,Bronze
C005477,2025-12-21,CA,West,Referral,Mobile,Bronze
C005478,2024-03-20,TN,South,Paid Social,Mobile,Bronze
C005479,2023-08-27,TN,South,Paid Social,Mobile,Bronze
C005480,2025-05-28,MA,Northeast,Paid Social,Desktop,Silver
C005481,2023-03-26,OR,West,Paid Search,Mobile,Bronze
C005482,2024-12-14,CA,West,Organic Search,Desktop,Platinum
C005483,2024-02-13,TN,South,Organic Search,Tablet,Silver
C005484,2024-06-06,NC,South,Paid Social,Mobile,Gold
C005485,2025-10-13,CT,Northeast,Affiliate,Mobile,Gold
C005486,2026-05-07,NJ,Northeast,Organic Search,Mobile,Silver
C005487,2024-05-10,CT,Northeast,Paid Social,Mobile,Bronze
C005488,2023-12-24,AZ,West,Paid Search,Desktop,Gold
C005489,2025-10-24,VA,South,Paid Social,Mobile,Bronze
C005490,2024-05-23,MN,Midwest,Referral,Mobile,Bronze
C005491,2023-09-04,TN,South,Email,Desktop,Silver
C005492,2026-01-16,MI,Midwest,Email,Mobile,Bronze
C005493,2026-05-05,AZ,West,Referral,Mobile,Silver
C005494,2023-12-22,TN,South,Organic Search,Tablet,Platinum
C005495,2023-07-14,CT,Northeast,Paid Social,Mobile,Silver
C005496,2023-07-07,CO,West,Paid Search,Mobile,Bronze
C005497,2025-01-06,NY,Northeast,Affiliate,Mobile,Bronze
C005498,2024-01-17,TN,South,Referral,Mobile,Bronze
C005499,2025-02-06,AZ,West,Organic Search,Mobile,Bronze
C005500,2025-07-23,NV,West,Organic Search,Desktop,Silver
C005501,2023-01-08,NV,West,Paid Social,Mobile,Silver
C005502,2025-11-24,TN,South,Affiliate,Mobile,Silver
C005503,2023-02-05,OR,West,Organic Search,Mobile,Silver
C005504,2023-05-21,MI,Midwest,Paid Social,Mobile,Bronze
C005505,2025-06-11,CT,Northeast,Paid Search,Tablet,Bronze
C005506,2025-02-04,TN,South,Email,Desktop,Silver
C005507,2026-04-19,WA,West,Email,Desktop,Bronze
C005508,2024-11-29,TN,South,Organic Search,Mobile,Bronze
C005509,2024-05-28,OH,Midwest,Referral,Mobile,Silver
C005510,2025-04-03,IL,Midwest,Organic Search,Desktop,Bronze
C005511,2025-07-27,CO,West,Referral,Desktop,Bronze
C005512,2025-04-06,FL,South,Organic Search,Desktop,Bronze
C005513,2024-04-01,FL,South,Paid Social,Mobile,Bronze
C005514,2026-03-27,FL,South,Paid Search,Mobile,Silver
C005515,2024-01-07,OR,West,Paid Social,Mobile,Bronze
C005516,2024-03-02,NY,Northeast,Paid Search,Mobile,Gold
C005517,2023-12-08,CA,West,Paid Social,Mobile,Bronze
C005518,2024-01-05,OR,West,Organic Search,Mobile,Bronze
C005519,2023-09-20,WA,West,Paid Search,Mobile,Bronze
C005520,2024-12-16,FL,South,Referral,Mobile,Gold
C005521,2025-06-16,VA,South,Paid Social,Mobile,Silver
C005522,2024-06-12,NV,West,Paid Social,Mobile,Silver
C005523,2026-02-09,TX,South,Email,Mobile,Gold
C005524,2024-08-06,IL,Midwest,Paid Search,Mobile,Bronze
C005525,2024-07-28,TN,South,Referral,Tablet,Silver
C005526,2023-03-27,NJ,Northeast,Paid Search,Mobile,Silver
C005527,2026-01-17,TX,South,Affiliate,Desktop,Gold
C005528,2023-07-02,NV,West,Referral,Mobile,Bronze
C005529,2023-07-22,MD,Northeast,Paid Search,Desktop,Gold
C005530,2026-02-25,PA,Northeast,Paid Search,Mobile,Silver
C005531,2024-10-01,TN,South,Email,Desktop,Gold
C005532,2023-03-26,PA,Northeast,Referral,Desktop,Bronze
C005533,2024-06-27,TX,South,Organic Search,Mobile,Bronze
C005534,2024-12-27,TN,South,Organic Search,Desktop,Bronze
C005535,2023-01-13,MD,Northeast,Organic Search,Desktop,Gold
C005536,2025-07-17,MO,Midwest,Referral,Desktop,Bronze
C005537,2025-04-02,TX,South,Email,Mobile,Silver
C005538,2023-01-15,MN,Midwest,Organic Search,Mobile,Bronze
C005539,2025-01-31,NC,South,Paid Social,Desktop,Bronze
C005540,2023-10-02,CA,West,Referral,Desktop,Bronze
C005541,2025-06-23,MD,Northeast,Affiliate,Tablet,Silver
C005542,2024-04-09,TX,South,Organic Search,Mobile,Bronze
C005543,2023-09-06,OH,Midwest,Paid Search,Desktop,Gold
C005544,2024-09-15,MO,Midwest,Paid Search,Desktop,Silver
C005545,2024-06-29,NC,South,Email,Desktop,Platinum
C005546,2024-02-25,TN,South,Organic Search,Desktop,Silver
C005547,2025-12-17,PA,Northeast,Organic Search,Mobile,Silver
C005548,2025-03-09,WI,Midwest,Referral,Desktop,Silver
C005549,2024-08-22,IL,Midwest,Paid Social,Mobile,Bronze
C005550,2023-10-06,TN,South,Organic Search,Mobile,Bronze
C005551,2024-12-01,TX,South,Paid Search,Mobile,Gold
C005552,2023-02-01,WA,West,Organic Search,Desktop,Bronze
C005553,2025-12-25,NC,South,Paid Search,Mobile,Bronze
C005554,2023-01-02,OR,West,Paid Search,Mobile,Silver
C005555,2025-05-10,IL,Midwest,Organic Search,Desktop,Gold
C005556,2024-03-01,CT,Northeast,Organic Search,Tablet,Bronze
C005557,2025-06-04,FL,South,Referral,Desktop,Gold
C005558,2024-03-21,VA,South,Referral,Mobile,Bronze
C005559,2023-02-02,IL,Midwest,Organic Search,Mobile,Bronze
C005560,2026-03-13,WA,West,Email,Mobile,Gold
C005561,2025-07-31,NJ,Northeast,Organic Search,Mobile,Bronze
C005562,2023-02-25,NC,South,Referral,Desktop,Silver
C005563,2023-02-10,OR,West,Referral,Mobile,Gold
C005564,2024-10-14,CA,West,Paid Social,Mobile,Bronze
C005565,2026-03-23,MA,Northeast,Paid Social,Desktop,Bronze
C005566,2024-12-12,CO,West,Paid Search,Mobile,Gold
C005567,2023-01-14,IL,Midwest,Organic Search,Mobile,Silver
C005568,2025-05-10,WA,West,Paid Social,Mobile,Platinum
C005569,2024-06-10,OR,West,Organic Search,Mobile,Gold
C005570,2025-02-25,CT,Northeast,Email,Mobile,Silver
C005571,2024-03-07,CA,West,Paid Social,Tablet,Bronze
C005572,2023-01-11,WA,West,Organic Search,Desktop,Bronze
C005573,2023-01-23,FL,South,Paid Social,Desktop,Bronze
C005574,2025-02-16,MA,Northeast,Referral,Desktop,Bronze
C005575,2025-02-20,TX,South,Paid Social,Mobile,Gold
C005576,2024-02-01,NV,West,Paid Social,Desktop,Platinum
C005577,2023-04-12,PA,Northeast,Referral,Mobile,Platinum
C005578,2025-08-09,OH,Midwest,Organic Search,Mobile,Platinum
C005579,2023-07-06,MD,Northeast,Paid Social,Mobile,Bronze
C005580,2023-08-20,WI,Midwest,Paid Search,Mobile,Bronze
C005581,2024-07-10,WI,Midwest,Organic Search,Mobile,Bronze
C005582,2025-05-31,VA,South,Affiliate,Mobile,Silver
C005583,2026-05-09,FL,South,Paid Search,Mobile,Gold
C005584,2025-02-08,MO,Midwest,Paid Search,Mobile,Gold
C005585,2026-03-28,OH,Midwest,Organic Search,Mobile,Gold
C005586,2025-03-13,NJ,Northeast,Affiliate,Mobile,Bronze
C005587,2025-11-09,NC,South,Referral,Mobile,Bronze
C005588,2023-08-05,TN,South,Organic Search,Mobile,Bronze
C005589,2023-03-11,NC,South,Paid Social,Mobile,Silver
C005590,2025-04-03,MN,Midwest,Organic Search,Mobile,Bronze
C005591,2026-04-15,GA,South,Email,Desktop,Silver
C005592,2025-06-26,MN,Midwest,Paid Social,Desktop,Bronze
C005593,2024-02-27,MI,Midwest,Organic Search,Mobile,Silver
C005594,2024-08-25,OR,West,Paid Social,Mobile,Gold
C005595,2023-05-19,NC,South,Affiliate,Desktop,Bronze
C005596,2024-02-23,MN,Midwest,Paid Search,Mobile,Silver
C005597,2025-04-20,NJ,Northeast,Organic Search,Mobile,Gold
C005598,2023-07-25,TX,South,Affiliate,Mobile,Gold
C005599,2024-08-15,FL,South,Organic Search,Desktop,Bronze
C005600,2023-12-23,GA,South,Paid Social,Mobile,Silver
C005601,2024-08-27,TX,South,Paid Social,Tablet,Bronze
C005602,2025-07-29,WA,West,Organic Search,Desktop,Bronze
C005603,2025-12-25,MD,Northeast,Organic Search,Mobile,Bronze
C005604,2024-05-18,NJ,Northeast,Organic Search,Mobile,Silver
C005605,2025-10-15,TN,South,Organic Search,Mobile,Bronze
C005606,2025-05-15,TX,South,Paid Social,Mobile,Silver
C005607,2026-02-08,CO,West,Referral,Mobile,Bronze
C005608,2025-06-30,OH,Midwest,Organic Search,Mobile,Bronze
C005609,2024-11-09,GA,South,Email,Desktop,Silver
C005610,2025-04-09,WI,Midwest,Paid Search,Desktop,Bronze
C005611,2024-01-27,WA,West,Organic Search,Desktop,Bronze
C005612,2025-04-09,MN,Midwest,Paid Social,Mobile,Bronze
C005613,2025-05-22,TN,South,Paid Search,Desktop,Bronze
C005614,2025-01-21,IL,Midwest,Paid Social,Desktop,Bronze
C005615,2023-05-07,IL,Midwest,Paid Search,Desktop,Gold
C005616,2024-09-30,AZ,West,Email,Desktop,Silver
C005617,2025-05-25,FL,South,Affiliate,Mobile,Bronze
C005618,2023-09-01,MD,Northeast,Organic Search,Desktop,Bronze
C005619,2025-08-27,MO,Midwest,Affiliate,Mobile,Gold
C005620,2025-11-03,CO,West,Organic Search,Desktop,Bronze
C005621,2024-10-25,VA,South,Organic Search,Mobile,Bronze
C005622,2026-04-02,TN,South,Organic Search,Mobile,Bronze
C005623,2025-11-21,MI,Midwest,Referral,Mobile,Silver
C005624,2024-07-28,MO,Midwest,Email,Mobile,Silver
C005625,2025-12-24,OR,West,Affiliate,Mobile,Bronze
C005626,2026-02-22,MN,Midwest,Email,Desktop,Bronze
C005627,2023-05-14,IL,Midwest,Paid Search,Mobile,Silver
C005628,2026-05-13,MO,Midwest,Referral,Mobile,Bronze
C005629,2023-01-07,NV,West,Affiliate,Mobile,Bronze
C005630,2024-08-21,VA,South,Referral,Mobile,Gold
C005631,2026-02-28,GA,South,Paid Social,Mobile,Bronze
C005632,2025-06-10,WA,West,Referral,Desktop,Bronze
C005633,2023-11-25,NC,South,Organic Search,Tablet,Silver
C005634,2025-03-03,CO,West,Affiliate,Mobile,Silver
C005635,2023-09-22,NV,West,Affiliate,Mobile,Bronze
C005636,2023-10-20,WI,Midwest,Email,Desktop,Bronze
C005637,2026-01-27,WA,West,Organic Search,Mobile,Bronze
C005638,2023-02-27,WI,Midwest,Organic Search,Desktop,Bronze
C005639,2026-03-30,AZ,West,Affiliate,Mobile,Bronze
C005640,2024-07-12,VA,South,Referral,Desktop,Bronze
C005641,2023-03-21,TX,South,Referral,Mobile,Bronze
C005642,2025-08-27,MI,Midwest,Affiliate,Tablet,Bronze
C005643,2023-03-01,IL,Midwest,Paid Social,Tablet,Bronze
C005644,2024-02-05,GA,South,Referral,Mobile,Silver
C005645,2023-10-24,WI,Midwest,Organic Search,Mobile,Silver
C005646,2025-08-23,NV,West,Organic Search,Mobile,Platinum
C005647,2024-05-03,WI,Midwest,Paid Social,Mobile,Silver
C005648,2025-03-17,AZ,West,Paid Search,Tablet,Silver
C005649,2023-03-30,VA,South,Paid Search,Mobile,Bronze
C005650,2025-05-06,CO,West,Referral,Mobile,Silver
C005651,2025-05-25,MA,Northeast,Organic Search,Mobile,Bronze
C005652,2023-12-18,VA,South,Email,Mobile,Gold
C005653,2025-12-20,IL,Midwest,Organic Search,Desktop,Platinum
C005654,2024-08-01,TN,South,Referral,Desktop,Bronze
C005655,2025-04-01,NC,South,Organic Search,Desktop,Gold
C005656,2023-08-12,CO,West,Email,Mobile,Silver
C005657,2026-02-22,MA,Northeast,Paid Social,Desktop,Silver
C005658,2023-10-31,OH,Midwest,Paid Search,Mobile,Bronze
C005659,2025-02-09,AZ,West,Paid Search,Mobile,Bronze
C005660,2023-04-21,MO,Midwest,Organic Search,Mobile,Silver
C005661,2023-02-25,TX,South,Paid Search,Tablet,Bronze
C005662,2023-06-06,CA,West,Organic Search,Desktop,Silver
C005663,2026-03-06,NC,South,Organic Search,Desktop,Bronze
C005664,2023-09-17,NV,West,Email,Mobile,Bronze
C005665,2025-12-18,NV,West,Organic Search,Mobile,Silver
C005666,2024-12-15,IL,Midwest,Organic Search,Mobile,Silver
C005667,2023-04-20,NV,West,Paid Search,Desktop,Gold
C005668,2024-06-27,MA,Northeast,Paid Social,Desktop,Silver
C005669,2024-08-12,MO,Midwest,Paid Social,Mobile,Silver
C005670,2023-11-25,PA,Northeast,Email,Mobile,Gold
C005671,2025-01-13,MI,Midwest,Paid Social,Mobile,Silver
C005672,2025-11-26,NY,Northeast,Paid Social,Mobile,Silver
C005673,2025-12-23,NC,South,Paid Search,Desktop,Gold
C005674,2024-10-08,NC,South,Paid Search,Tablet,Silver
C005675,2026-01-04,FL,South,Email,Mobile,Silver
C005676,2026-02-10,CT,Northeast,Paid Search,Desktop,Silver
C005677,2023-04-19,CO,West,Referral,Desktop,Silver
C005678,2025-02-20,FL,South,Paid Social,Mobile,Silver
C005679,2025-08-09,MN,Midwest,Email,Mobile,Silver
C005680,2023-01-20,TN,South,Paid Social,Mobile,Silver
C005681,2025-01-12,NY,Northeast,Affiliate,Desktop,Bronze
C005682,2026-01-29,FL,South,Paid Search,Mobile,Bronze
C005683,2023-11-27,OR,West,Paid Search,Mobile,Bronze
C005684,2025-11-21,IL,Midwest,Referral,Mobile,Bronze
C005685,2026-02-23,GA,South,Paid Social,Desktop,Bronze
C005686,2025-02-21,CA,West,Paid Search,Mobile,Bronze
C005687,2025-02-13,CO,West,Paid Search,Tablet,Bronze
C005688,2024-10-20,NV,West,Organic Search,Mobile,Gold
C005689,2024-05-18,OH,Midwest,Referral,Desktop,Silver
C005690,2024-07-11,CT,Northeast,Paid Search,Mobile,Silver
C005691,2024-10-05,TX,South,Organic Search,Mobile,Bronze
C005692,2024-08-16,NV,West,Organic Search,Desktop,Bronze
C005693,2025-10-13,TN,South,Affiliate,Mobile,Bronze
C005694,2025-08-04,CT,Northeast,Paid Social,Mobile,Bronze
C005695,2024-03-03,OH,Midwest,Paid Social,Desktop,Bronze
C005696,2024-09-23,NC,South,Affiliate,Mobile,Silver
C005697,2023-09-22,AZ,West,Paid Search,Mobile,Bronze
C005698,2023-08-05,CT,Northeast,Referral,Desktop,Silver
C005699,2024-03-30,NJ,Northeast,Email,Desktop,Bronze
C005700,2023-03-13,CO,West,Paid Social,Mobile,Bronze
C005701,2025-11-18,NJ,Northeast,Referral,Mobile,Gold
C005702,2023-06-05,OR,West,Affiliate,Mobile,Bronze
C005703,2024-02-06,WA,West,Organic Search,Mobile,Bronze
C005704,2023-11-06,IL,Midwest,Organic Search,Mobile,Silver
C005705,2023-09-12,FL,South,Referral,Mobile,Silver
C005706,2024-03-28,TX,South,Paid Search,Desktop,Silver
C005707,2025-06-04,CT,Northeast,Paid Social,Mobile,Gold
C005708,2026-01-03,MA,Northeast,Organic Search,Mobile,Bronze
C005709,2023-08-21,OR,West,Referral,Desktop,Bronze
C005710,2023-10-22,MN,Midwest,Email,Desktop,Gold
C005711,2024-08-01,MN,Midwest,Affiliate,Desktop,Silver
C005712,2024-01-29,FL,South,Paid Social,Mobile,Platinum
C005713,2025-09-11,NJ,Northeast,Affiliate,Desktop,Silver
C005714,2023-10-02,MO,Midwest,Paid Social,Desktop,Bronze
C005715,2024-05-10,CA,West,Email,Mobile,Silver
C005716,2024-11-02,CO,West,Email,Mobile,Bronze
C005717,2024-04-14,MD,Northeast,Paid Social,Mobile,Bronze
C005718,2025-01-29,NJ,Northeast,Paid Social,Desktop,Bronze
C005719,2025-09-11,WA,West,Organic Search,Mobile,Bronze
C005720,2024-10-17,WA,West,Paid Search,Mobile,Silver
C005721,2024-07-16,MN,Midwest,Email,Mobile,Silver
C005722,2026-03-17,WA,West,Organic Search,Tablet,Gold
C005723,2026-04-23,AZ,West,Email,Mobile,Bronze
C005724,2026-05-10,PA,Northeast,Paid Search,Mobile,Bronze
C005725,2023-01-21,MD,Northeast,Paid Search,Tablet,Bronze
C005726,2025-10-27,MD,Northeast,Email,Mobile,Silver
C005727,2026-01-11,MI,Midwest,Organic Search,Mobile,Bronze
C005728,2025-09-18,NC,South,Affiliate,Mobile,Bronze
C005729,2025-07-11,NY,Northeast,Affiliate,Mobile,Silver
C005730,2024-03-26,TX,South,Paid Social,Mobile,Bronze
C005731,2025-06-12,NC,South,Paid Search,Mobile,Silver
C005732,2024-12-14,PA,Northeast,Organic Search,Mobile,Bronze
C005733,2025-10-20,MI,Midwest,Referral,Desktop,Bronze
C005734,2024-03-08,NY,Northeast,Organic Search,Mobile,Gold
C005735,2025-07-03,CO,West,Affiliate,Mobile,Bronze
C005736,2025-08-23,PA,Northeast,Affiliate,Desktop,Bronze
C005737,2025-10-23,MI,Midwest,Organic Search,Tablet,Gold
C005738,2023-07-31,MI,Midwest,Email,Mobile,Bronze
C005739,2025-11-29,PA,Northeast,Paid Social,Mobile,Bronze
C005740,2023-09-24,NC,South,Paid Social,Mobile,Bronze
C005741,2026-02-27,WI,Midwest,Organic Search,Desktop,Silver
C005742,2023-02-17,MN,Midwest,Email,Desktop,Silver
C005743,2023-10-03,IL,Midwest,Organic Search,Mobile,Silver
C005744,2025-01-19,MD,Northeast,Referral,Mobile,Gold
C005745,2024-10-30,OH,Midwest,Paid Social,Mobile,Bronze
C005746,2025-04-27,CA,West,Email,Desktop,Bronze
C005747,2024-05-11,CA,West,Affiliate,Mobile,Platinum
C005748,2023-01-05,CT,Northeast,Email,Mobile,Bronze
C005749,2025-01-30,PA,Northeast,Paid Social,Mobile,Gold
C005750,2024-09-20,NY,Northeast,Paid Search,Desktop,Gold
C005751,2024-09-18,AZ,West,Paid Social,Tablet,Gold
C005752,2024-04-08,FL,South,Paid Search,Mobile,Bronze
C005753,2026-01-01,MO,Midwest,Affiliate,Desktop,Silver
C005754,2025-09-02,MO,Midwest,Paid Search,Mobile,Gold
C005755,2023-08-12,CA,West,Paid Search,Desktop,Bronze
C005756,2023-02-17,WI,Midwest,Referral,Desktop,Silver
C005757,2023-08-12,NV,West,Paid Search,Mobile,Bronze
C005758,2023-03-01,FL,South,Referral,Mobile,Bronze
C005759,2025-05-23,OR,West,Organic Search,Mobile,Gold
C005760,2025-02-02,OR,West,Organic Search,Desktop,Platinum
C005761,2024-07-23,CA,West,Email,Mobile,Bronze
C005762,2024-12-29,CT,Northeast,Paid Social,Mobile,Bronze
C005763,2025-09-22,OH,Midwest,Affiliate,Mobile,Silver
C005764,2025-10-20,MD,Northeast,Paid Search,Mobile,Bronze
C005765,2024-06-18,TN,South,Organic Search,Mobile,Silver
C005766,2024-12-30,NC,South,Paid Search,Desktop,Silver
C005767,2024-12-11,TX,South,Paid Search,Mobile,Bronze
C005768,2026-03-14,IL,Midwest,Paid Social,Mobile,Silver
C005769,2025-07-26,TX,South,Paid Search,Mobile,Bronze
C005770,2024-01-23,MI,Midwest,Paid Social,Desktop,Bronze
C005771,2025-12-27,CT,Northeast,Affiliate,Mobile,Silver
C005772,2024-05-04,NY,Northeast,Paid Search,Mobile,Bronze
C005773,2025-07-21,AZ,West,Email,Mobile,Bronze
C005774,2026-04-18,TX,South,Organic Search,Mobile,Silver
C005775,2025-09-22,WA,West,Referral,Mobile,Bronze
C005776,2023-05-13,NV,West,Paid Search,Mobile,Bronze
C005777,2023-09-11,WI,Midwest,Paid Social,Mobile,Gold
C005778,2025-09-06,TN,South,Paid Search,Desktop,Bronze
C005779,2023-06-01,MN,Midwest,Organic Search,Mobile,Bronze
C005780,2023-01-15,CA,West,Paid Search,Mobile,Bronze
C005781,2023-11-14,NJ,Northeast,Organic Search,Desktop,Silver
C005782,2024-08-21,CT,Northeast,Referral,Mobile,Bronze
C005783,2023-06-08,TX,South,Paid Search,Mobile,Gold
C005784,2023-07-08,CT,Northeast,Affiliate,Tablet,Bronze
C005785,2024-02-22,AZ,West,Paid Social,Mobile,Silver
C005786,2025-01-07,WI,Midwest,Organic Search,Desktop,Gold
C005787,2024-11-01,NJ,Northeast,Paid Search,Mobile,Silver
C005788,2025-09-09,NJ,Northeast,Organic Search,Tablet,Silver
C005789,2026-04-22,NJ,Northeast,Referral,Mobile,Bronze
C005790,2023-02-10,GA,South,Organic Search,Mobile,Bronze
C005791,2025-04-27,MA,Northeast,Referral,Desktop,Bronze
C005792,2023-07-21,IL,Midwest,Organic Search,Mobile,Bronze
C005793,2024-03-19,NV,West,Paid Search,Mobile,Bronze
C005794,2024-02-26,WA,West,Organic Search,Mobile,Silver
C005795,2025-05-12,MN,Midwest,Email,Mobile,Bronze
C005796,2023-11-11,OH,Midwest,Paid Social,Desktop,Platinum
C005797,2026-01-06,VA,South,Affiliate,Mobile,Silver
C005798,2024-04-16,NJ,Northeast,Paid Search,Mobile,Bronze
C005799,2025-09-30,MO,Midwest,Organic Search,Mobile,Bronze
C005800,2026-03-17,FL,South,Referral,Mobile,Silver
C005801,2024-09-20,TX,South,Paid Social,Desktop,Bronze
C005802,2023-05-05,OH,Midwest,Referral,Mobile,Bronze
C005803,2025-05-13,MI,Midwest,Paid Search,Mobile,Silver
C005804,2024-06-05,VA,South,Email,Mobile,Silver
C005805,2024-02-21,FL,South,Organic Search,Mobile,Bronze
C005806,2024-07-16,WI,Midwest,Affiliate,Mobile,Bronze
C005807,2024-01-05,WI,Midwest,Organic Search,Desktop,Bronze
C005808,2023-12-12,PA,Northeast,Referral,Mobile,Bronze
C005809,2026-05-03,OR,West,Organic Search,Mobile,Bronze
C005810,2023-12-09,MO,Midwest,Referral,Tablet,Silver
C005811,2024-07-18,TN,South,Referral,Mobile,Silver
C005812,2025-05-29,WA,West,Referral,Desktop,Bronze
C005813,2023-09-29,MO,Midwest,Paid Social,Mobile,Platinum
C005814,2025-01-30,MI,Midwest,Paid Search,Mobile,Silver
C005815,2026-01-07,TX,South,Referral,Mobile,Bronze
C005816,2025-09-27,WI,Midwest,Paid Social,Mobile,Gold
C005817,2023-02-05,VA,South,Email,Desktop,Silver
C005818,2024-05-13,OR,West,Organic Search,Mobile,Bronze
C005819,2023-01-01,TN,South,Paid Search,Mobile,Bronze
C005820,2025-01-16,FL,South,Paid Search,Desktop,Gold
C005821,2024-02-05,MO,Midwest,Email,Mobile,Bronze
C005822,2026-01-05,PA,Northeast,Organic Search,Mobile,Bronze
C005823,2023-08-05,OH,Midwest,Paid Search,Mobile,Gold
C005824,2025-11-13,NV,West,Referral,Mobile,Silver
C005825,2024-02-26,FL,South,Paid Social,Desktop,Silver
C005826,2026-02-06,NV,West,Referral,Mobile,Bronze
C005827,2023-09-03,WI,Midwest,Organic Search,Desktop,Bronze
C005828,2023-11-28,OR,West,Paid Search,Mobile,Gold
C005829,2024-03-08,TN,South,Paid Social,Mobile,Silver
C005830,2026-04-28,MI,Midwest,Paid Search,Mobile,Gold
C005831,2025-06-22,MO,Midwest,Email,Mobile,Bronze
C005832,2025-10-01,FL,South,Organic Search,Mobile,Gold
C005833,2024-11-11,TN,South,Paid Social,Mobile,Bronze
C005834,2025-09-05,MN,Midwest,Organic Search,Mobile,Bronze
C005835,2025-02-10,VA,South,Email,Mobile,Gold
C005836,2025-04-01,WA,West,Referral,Mobile,Bronze
C005837,2025-10-27,NJ,Northeast,Organic Search,Mobile,Silver
C005838,2026-04-25,VA,South,Paid Social,Desktop,Silver
C005839,2024-12-09,VA,South,Paid Social,Mobile,Gold
C005840,2024-06-27,AZ,West,Email,Mobile,Bronze
C005841,2025-03-15,GA,South,Organic Search,Desktop,Bronze
C005842,2025-07-01,GA,South,Paid Search,Mobile,Silver
C005843,2026-04-29,NC,South,Referral,Mobile,Gold
C005844,2025-05-10,TN,South,Paid Social,Desktop,Gold
C005845,2026-03-21,FL,South,Referral,Mobile,Bronze
C005846,2025-06-20,NY,Northeast,Paid Search,Mobile,Silver
C005847,2026-03-17,NY,Northeast,Affiliate,Mobile,Bronze
C005848,2025-07-14,OR,West,Organic Search,Mobile,Bronze
C005849,2025-12-25,AZ,West,Organic Search,Mobile,Bronze
C005850,2023-08-23,MI,Midwest,Paid Social,Mobile,Bronze
C005851,2026-05-06,MA,Northeast,Paid Social,Mobile,Bronze
C005852,2024-03-05,PA,Northeast,Email,Mobile,Bronze
C005853,2025-09-08,WA,West,Organic Search,Mobile,Bronze
C005854,2024-04-27,AZ,West,Organic Search,Mobile,Gold
C005855,2024-07-17,AZ,West,Referral,Mobile,Bronze
C005856,2025-07-09,MD,Northeast,Paid Search,Mobile,Gold
C005857,2024-10-27,WI,Midwest,Email,Mobile,Gold
C005858,2025-05-31,GA,South,Email,Mobile,Bronze
C005859,2023-04-08,TN,South,Organic Search,Desktop,Silver
C005860,2025-10-22,OR,West,Email,Tablet,Bronze
C005861,2024-05-17,MO,Midwest,Referral,Mobile,Bronze
C005862,2025-08-28,NV,West,Referral,Mobile,Silver
C005863,2023-12-18,MO,Midwest,Organic Search,Desktop,Silver
C005864,2025-01-03,OH,Midwest,Paid Social,Desktop,Bronze
C005865,2024-12-25,IL,Midwest,Affiliate,Tablet,Gold
C005866,2023-06-22,TX,South,Paid Social,Desktop,Silver
C005867,2024-08-06,MA,Northeast,Paid Search,Desktop,Bronze
C005868,2025-02-21,MO,Midwest,Organic Search,Mobile,Bronze
C005869,2025-10-26,NV,West,Email,Mobile,Gold
C005870,2025-12-27,AZ,West,Referral,Mobile,Platinum
C005871,2024-04-18,MI,Midwest,Affiliate,Mobile,Silver
C005872,2025-03-02,VA,South,Affiliate,Desktop,Silver
C005873,2023-08-04,CO,West,Paid Search,Tablet,Bronze
C005874,2026-01-07,WA,West,Paid Social,Mobile,Bronze
C005875,2025-12-04,CO,West,Organic Search,Mobile,Gold
C005876,2026-05-14,TX,South,Organic Search,Desktop,Silver
C005877,2024-08-21,MN,Midwest,Organic Search,Desktop,Silver
C005878,2024-03-18,OR,West,Affiliate,Desktop,Silver
C005879,2025-07-21,OH,Midwest,Organic Search,Desktop,Bronze
C005880,2025-06-09,VA,South,Paid Social,Tablet,Bronze
C005881,2023-09-19,NC,South,Paid Search,Mobile,Silver
C005882,2024-10-26,CA,West,Paid Search,Mobile,Bronze
C005883,2025-03-03,IL,Midwest,Paid Social,Mobile,Bronze
C005884,2024-07-14,NY,Northeast,Organic Search,Mobile,Bronze
C005885,2024-04-01,FL,South,Paid Search,Desktop,Bronze
C005886,2023-10-23,CA,West,Paid Social,Mobile,Gold
C005887,2024-05-21,WA,West,Referral,Desktop,Bronze
C005888,2023-10-30,AZ,West,Email,Mobile,Bronze
C005889,2024-01-05,MD,Northeast,Referral,Desktop,Silver
C005890,2023-08-16,AZ,West,Paid Search,Mobile,Gold
C005891,2024-04-08,PA,Northeast,Organic Search,Mobile,Silver
C005892,2025-02-16,WI,Midwest,Paid Search,Mobile,Platinum
C005893,2024-04-09,VA,South,Affiliate,Mobile,Silver
C005894,2023-06-24,NY,Northeast,Organic Search,Mobile,Silver
C005895,2025-09-13,CO,West,Organic Search,Mobile,Bronze
C005896,2024-06-15,WI,Midwest,Affiliate,Mobile,Bronze
C005897,2024-12-19,OR,West,Affiliate,Tablet,Bronze
C005898,2024-10-06,PA,Northeast,Organic Search,Desktop,Silver
C005899,2024-09-15,GA,South,Referral,Mobile,Silver
C005900,2024-06-23,CA,West,Paid Search,Mobile,Silver
C005901,2025-07-19,NJ,Northeast,Paid Social,Mobile,Silver
C005902,2025-11-18,WA,West,Paid Social,Mobile,Silver
C005903,2026-01-17,CA,West,Affiliate,Mobile,Bronze
C005904,2024-06-29,MN,Midwest,Organic Search,Desktop,Bronze
C005905,2024-02-24,GA,South,Referral,Desktop,Silver
C005906,2023-04-12,NJ,Northeast,Organic Search,Mobile,Bronze
C005907,2024-06-28,OH,Midwest,Email,Desktop,Gold
C005908,2026-05-06,MO,Midwest,Email,Desktop,Bronze
C005909,2023-11-17,TN,South,Referral,Mobile,Bronze
C005910,2025-11-06,OR,West,Affiliate,Desktop,Silver
C005911,2025-07-20,CT,Northeast,Referral,Tablet,Bronze
C005912,2025-03-23,OR,West,Email,Tablet,Silver
C005913,2024-11-26,FL,South,Paid Search,Desktop,Bronze
C005914,2025-07-20,TN,South,Affiliate,Mobile,Bronze
C005915,2023-05-02,AZ,West,Paid Social,Mobile,Silver
C005916,2023-06-07,MN,Midwest,Paid Search,Tablet,Bronze
C005917,2023-08-29,MN,Midwest,Paid Social,Mobile,Silver
C005918,2025-07-31,IL,Midwest,Paid Search,Mobile,Bronze
C005919,2024-06-15,MA,Northeast,Paid Social,Mobile,Silver
C005920,2023-09-13,NC,South,Paid Search,Mobile,Bronze
C005921,2023-02-25,GA,South,Organic Search,Mobile,Bronze
C005922,2024-08-24,WA,West,Affiliate,Desktop,Silver
C005923,2024-05-05,MO,Midwest,Affiliate,Mobile,Silver
C005924,2023-08-08,GA,South,Paid Social,Mobile,Gold
C005925,2023-01-29,FL,South,Affiliate,Mobile,Silver
C005926,2025-07-16,AZ,West,Paid Search,Mobile,Silver
C005927,2025-08-17,PA,Northeast,Paid Search,Desktop,Bronze
C005928,2023-10-30,MA,Northeast,Affiliate,Desktop,Silver
C005929,2024-08-30,MA,Northeast,Email,Desktop,Silver
C005930,2023-11-08,OR,West,Referral,Mobile,Gold
C005931,2024-05-18,NY,Northeast,Paid Search,Desktop,Silver
C005932,2023-05-15,WA,West,Paid Search,Mobile,Bronze
C005933,2026-03-10,VA,South,Organic Search,Desktop,Gold
C005934,2025-06-06,NV,West,Affiliate,Desktop,Silver
C005935,2026-01-14,OR,West,Organic Search,Mobile,Bronze
C005936,2023-12-31,FL,South,Paid Social,Mobile,Silver
C005937,2025-12-10,AZ,West,Organic Search,Desktop,Silver
C005938,2024-09-30,VA,South,Email,Mobile,Silver
C005939,2023-09-01,WI,Midwest,Paid Search,Desktop,Gold
C005940,2024-02-13,MA,Northeast,Referral,Mobile,Bronze
C005941,2025-09-25,MI,Midwest,Paid Social,Mobile,Bronze
C005942,2025-08-11,MO,Midwest,Organic Search,Desktop,Bronze
C005943,2025-06-05,CO,West,Organic Search,Mobile,Gold
C005944,2023-10-06,PA,Northeast,Organic Search,Mobile,Bronze
C005945,2025-03-08,CO,West,Email,Mobile,Silver
C005946,2026-03-04,AZ,West,Referral,Mobile,Silver
C005947,2023-03-02,CO,West,Paid Search,Mobile,Gold
C005948,2024-01-31,IL,Midwest,Paid Social,Desktop,Bronze
C005949,2023-04-09,TX,South,Organic Search,Mobile,Bronze
C005950,2023-05-08,OH,Midwest,Referral,Desktop,Platinum
C005951,2026-05-13,TN,South,Affiliate,Mobile,Silver
C005952,2023-10-23,TX,South,Referral,Mobile,Bronze
C005953,2023-08-09,TX,South,Organic Search,Mobile,Bronze
C005954,2023-04-02,CA,West,Paid Search,Tablet,Gold
C005955,2026-04-22,FL,South,Affiliate,Mobile,Gold
C005956,2024-07-31,MO,Midwest,Organic Search,Mobile,Silver
C005957,2025-09-01,TN,South,Email,Mobile,Bronze
C005958,2023-11-05,AZ,West,Affiliate,Mobile,Silver
C005959,2025-02-27,OH,Midwest,Referral,Desktop,Bronze
C005960,2025-12-26,NC,South,Paid Social,Mobile,Gold
C005961,2025-04-06,AZ,West,Paid Social,Mobile,Bronze
C005962,2024-09-28,NV,West,Affiliate,Mobile,Bronze
C005963,2023-09-17,VA,South,Paid Search,Desktop,Bronze
C005964,2023-10-15,NC,South,Affiliate,Desktop,Bronze
C005965,2025-01-04,OH,Midwest,Paid Search,Mobile,Bronze
C005966,2024-07-09,NV,West,Referral,Desktop,Silver
C005967,2023-02-27,MO,Midwest,Affiliate,Mobile,Bronze
C005968,2023-08-30,TN,South,Paid Social,Mobile,Silver
C005969,2024-06-15,MI,Midwest,Paid Search,Desktop,Bronze
C005970,2023-08-09,MN,Midwest,Organic Search,Mobile,Bronze
C005971,2024-11-12,VA,South,Referral,Desktop,Bronze
C005972,2024-01-06,AZ,West,Email,Mobile,Silver
C005973,2023-12-25,NC,South,Paid Search,Mobile,Bronze
C005974,2023-05-14,NJ,Northeast,Referral,Mobile,Silver
C005975,2024-09-11,MD,Northeast,Affiliate,Desktop,Bronze
C005976,2023-08-21,CO,West,Referral,Mobile,Bronze
C005977,2025-02-15,IL,Midwest,Paid Social,Desktop,Bronze
C005978,2026-02-28,TX,South,Affiliate,Mobile,Silver
C005979,2026-01-27,CA,West,Referral,Mobile,Bronze
C005980,2025-03-31,MI,Midwest,Organic Search,Desktop,Bronze
C005981,2025-09-20,TX,South,Affiliate,Mobile,Bronze
C005982,2026-02-07,VA,South,Paid Social,Desktop,Bronze
C005983,2025-04-19,MD,Northeast,Affiliate,Mobile,Bronze
C005984,2023-11-13,FL,South,Referral,Desktop,Silver
C005985,2024-09-08,WI,Midwest,Email,Desktop,Silver
C005986,2025-11-20,TX,South,Paid Search,Mobile,Bronze
C005987,2025-04-02,AZ,West,Organic Search,Desktop,Bronze
C005988,2024-03-21,GA,South,Paid Search,Mobile,Bronze
C005989,2023-07-27,NY,Northeast,Email,Desktop,Platinum
C005990,2023-06-27,GA,South,Referral,Desktop,Silver
C005991,2024-04-09,AZ,West,Organic Search,Desktop,Bronze
C005992,2025-09-17,MO,Midwest,Organic Search,Desktop,Platinum
C005993,2024-11-11,NY,Northeast,Email,Desktop,Bronze
C005994,2023-03-15,MD,Northeast,Paid Search,Mobile,Bronze
C005995,2026-02-04,FL,South,Organic Search,Desktop,Gold
C005996,2024-05-13,GA,South,Organic Search,Mobile,Silver
C005997,2024-04-25,IL,Midwest,Email,Mobile,Silver
C005998,2025-10-05,MD,Northeast,Paid Social,Desktop,Silver
C005999,2024-04-09,CT,Northeast,Referral,Mobile,Platinum
C006000,2025-01-29,MA,Northeast,Paid Search,Mobile,Bronze
