ticket_id,customer_id,opened_date,issue_type,priority,resolution_hours,csat_score,refunded
T0000001,C000003,2025-03-10,Damaged Item,Medium,19.67,4,0
T0000002,C000005,2025-07-30,Wrong Item,High,5.83,5,1
T0000003,C000006,2025-03-24,Damaged Item,Low,11.11,5,1
T0000004,C000008,2025-03-25,Refund Request,Low,56.66,3,1
T0000005,C000009,2025-07-19,Refund Request,Low,13.89,4,1
T0000006,C000010,2025-10-08,Product Question,Medium,28.12,4,0
T0000007,C000010,2024-09-06,Refund Request,Low,33.22,4,1
T0000008,C000011,2026-04-16,Refund Request,Low,16.2,5,1
T0000009,C000011,2025-09-23,Payment Issue,High,9.85,5,0
T0000010,C000014,2025-04-21,Delivery Delay,Low,12.88,4,0
T0000011,C000015,2026-04-03,Product Question,High,10.03,5,0
T0000012,C000015,2026-04-26,Damaged Item,Low,40.05,4,1
T0000013,C000016,2025-09-09,Delivery Delay,Medium,11.32,5,0
T0000014,C000017,2026-02-02,Damaged Item,High,7.97,4,1
T0000015,C000019,2025-06-21,Refund Request,Medium,9.69,5,1
T0000016,C000020,2025-11-15,Account Issue,Low,50.8,5,0
T0000017,C000024,2025-08-16,Delivery Delay,High,10.22,5,0
T0000018,C000024,2026-01-17,Delivery Delay,Medium,10.63,3,0
T0000019,C000024,2025-08-22,Product Question,Medium,19.33,5,0
T0000020,C000024,2026-01-05,Product Question,Medium,6.01,5,0
T0000021,C000028,2024-01-08,Product Question,Medium,26.39,5,0
T0000022,C000030,2026-05-23,Product Question,Low,29.57,4,0
T0000023,C000030,2026-05-03,Refund Request,Medium,28.73,5,1
T0000024,C000033,2025-05-17,Product Question,Low,51.34,4,0
T0000025,C000037,2026-04-23,Damaged Item,Medium,23.83,5,0
T0000026,C000037,2026-02-18,Product Question,Medium,3.17,5,0
T0000027,C000038,2025-07-05,Damaged Item,High,7.09,4,0
T0000028,C000038,2025-11-03,Account Issue,Medium,27.43,5,0
T0000029,C000039,2026-03-22,Delivery Delay,Medium,11.09,5,0
T0000030,C000039,2026-03-26,Product Question,Medium,16.03,5,0
T0000031,C000041,2025-11-09,Product Question,Medium,36.55,5,0
T0000032,C000042,2024-10-18,Delivery Delay,Low,20.37,5,0
T0000033,C000042,2026-02-04,Payment Issue,Low,34.36,5,0
T0000034,C000043,2026-02-14,Product Question,Low,25.34,5,0
T0000035,C000045,2025-08-12,Product Question,Low,18.0,4,0
T0000036,C000046,2026-05-09,Delivery Delay,Low,6.33,5,0
T0000037,C000046,2026-03-21,Product Question,Medium,25.07,4,0
T0000038,C000046,2026-03-02,Refund Request,Medium,4.64,5,1
T0000039,C000047,2025-08-16,Wrong Item,Medium,9.84,5,1
T0000040,C000048,2024-10-20,Product Question,Medium,4.93,4,0
T0000041,C000048,2024-09-07,Refund Request,Low,8.37,5,1
T0000042,C000049,2025-11-13,Delivery Delay,Low,47.23,4,0
T0000043,C000054,2026-03-11,Damaged Item,Medium,20.88,5,0
T0000044,C000055,2024-12-14,Product Question,High,20.19,4,0
T0000045,C000057,2026-04-16,Refund Request,High,3.63,5,1
T0000046,C000058,2025-09-19,Delivery Delay,Medium,20.24,4,0
T0000047,C000058,2025-10-18,Product Question,Medium,16.16,5,0
T0000048,C000059,2025-10-27,Delivery Delay,Medium,23.5,4,0
T0000049,C000059,2025-05-31,Payment Issue,High,25.11,5,0
T0000050,C000059,2025-07-02,Account Issue,Medium,57.98,3,0
T0000051,C000060,2025-03-28,Product Question,High,19.6,5,0
T0000052,C000060,2024-10-05,Refund Request,High,9.42,5,1
T0000053,C000062,2025-01-17,Delivery Delay,Low,63.71,5,0
T0000054,C000065,2026-05-20,Product Question,Medium,6.02,5,0
T0000055,C000066,2024-11-04,Product Question,Medium,26.65,5,0
T0000056,C000067,2025-12-16,Payment Issue,Low,12.72,5,0
T0000057,C000067,2026-01-03,Delivery Delay,Medium,13.66,5,0
T0000058,C000067,2025-01-09,Delivery Delay,Medium,27.04,5,0
T0000059,C000067,2026-05-28,Product Question,Low,24.36,5,0
T0000060,C000068,2026-01-29,Refund Request,Low,17.39,4,1
T0000061,C000069,2024-06-02,Delivery Delay,Low,48.73,5,0
T0000062,C000070,2025-04-16,Product Question,High,2.77,5,0
T0000063,C000072,2024-10-12,Refund Request,Low,29.4,4,1
T0000064,C000074,2026-05-13,Refund Request,Low,26.75,3,1
T0000065,C000074,2026-01-22,Product Question,Medium,28.58,4,0
T0000066,C000075,2025-10-07,Product Question,Medium,15.2,5,0
T0000067,C000076,2025-01-22,Account Issue,Low,22.15,3,0
T0000068,C000076,2025-05-01,Damaged Item,Medium,49.03,3,0
T0000069,C000077,2026-01-05,Wrong Item,Low,61.89,4,0
T0000070,C000079,2025-06-27,Refund Request,Low,61.68,4,1
T0000071,C000080,2026-04-25,Delivery Delay,Low,1.95,5,0
T0000072,C000080,2025-10-18,Product Question,Medium,10.18,4,0
T0000073,C000081,2026-05-29,Wrong Item,High,2.99,5,0
T0000074,C000082,2024-12-22,Product Question,Medium,3.59,5,0
T0000075,C000082,2025-07-10,Account Issue,Low,33.32,5,0
T0000076,C000082,2024-09-05,Payment Issue,Low,24.81,5,0
T0000077,C000082,2024-08-20,Delivery Delay,High,7.93,4,0
T0000078,C000083,2025-02-04,Refund Request,Low,37.91,4,1
T0000079,C000085,2026-01-13,Refund Request,Low,10.78,5,1
T0000080,C000086,2025-05-01,Payment Issue,Medium,9.59,5,0
T0000081,C000089,2024-08-12,Delivery Delay,Low,27.19,4,0
T0000082,C000089,2024-11-01,Product Question,Low,16.85,5,0
T0000083,C000089,2025-03-04,Product Question,Low,35.44,4,0
T0000084,C000090,2024-06-30,Damaged Item,Medium,13.36,5,1
T0000085,C000090,2025-06-04,Payment Issue,Medium,13.69,5,0
T0000086,C000091,2025-03-16,Payment Issue,Low,14.1,5,0
T0000087,C000091,2024-08-13,Refund Request,Medium,8.07,5,1
T0000088,C000092,2024-01-18,Refund Request,Low,47.71,3,1
T0000089,C000092,2025-09-25,Account Issue,High,21.12,5,0
T0000090,C000093,2024-10-07,Product Question,Medium,23.12,5,0
T0000091,C000093,2026-04-01,Product Question,Low,37.49,5,0
T0000092,C000094,2024-01-06,Delivery Delay,Medium,24.06,5,0
T0000093,C000094,2025-10-21,Delivery Delay,Medium,9.02,4,0
T0000094,C000094,2024-01-18,Account Issue,Low,8.47,4,0
T0000095,C000095,2025-01-07,Product Question,High,5.86,5,0
T0000096,C000095,2024-01-27,Refund Request,Medium,12.69,5,1
T0000097,C000096,2024-10-24,Product Question,Medium,23.2,3,0
T0000098,C000097,2025-03-30,Damaged Item,Low,5.01,5,0
T0000099,C000099,2025-07-20,Account Issue,Medium,17.19,5,0
T0000100,C000099,2026-02-04,Refund Request,High,7.24,5,1
T0000101,C000099,2026-02-24,Account Issue,Low,78.88,3,0
T0000102,C000100,2024-10-28,Wrong Item,Low,28.73,5,1
T0000103,C000106,2026-05-09,Refund Request,Low,41.24,5,1
T0000104,C000106,2026-02-06,Product Question,Medium,6.3,5,0
T0000105,C000107,2025-02-06,Product Question,High,11.4,5,0
T0000106,C000107,2025-01-24,Damaged Item,Medium,5.24,5,0
T0000107,C000109,2024-04-21,Damaged Item,Low,55.07,4,0
T0000108,C000109,2026-03-14,Delivery Delay,Low,35.06,5,0
T0000109,C000109,2025-01-11,Account Issue,Medium,12.19,5,0
T0000110,C000109,2024-04-02,Delivery Delay,Low,22.35,5,0
T0000111,C000110,2025-11-17,Payment Issue,Medium,8.22,5,0
T0000112,C000112,2026-03-18,Damaged Item,Medium,7.8,5,0
T0000113,C000114,2025-05-17,Refund Request,Medium,10.9,5,1
T0000114,C000116,2026-05-15,Refund Request,Low,29.38,4,1
T0000115,C000116,2026-05-17,Payment Issue,Medium,17.23,5,0
T0000116,C000117,2025-06-21,Delivery Delay,Low,47.28,4,0
T0000117,C000117,2024-07-31,Payment Issue,Medium,6.3,5,0
T0000118,C000118,2025-06-16,Refund Request,Medium,8.81,4,1
T0000119,C000118,2026-05-28,Refund Request,Medium,15.69,5,1
T0000120,C000119,2024-10-09,Product Question,Low,8.27,5,0
T0000121,C000120,2026-05-08,Refund Request,High,4.75,5,1
T0000122,C000120,2025-11-18,Payment Issue,Medium,27.49,5,0
T0000123,C000121,2026-05-16,Damaged Item,Low,16.1,4,0
T0000124,C000128,2025-09-20,Delivery Delay,High,7.49,5,0
T0000125,C000130,2024-08-12,Damaged Item,Medium,0.66,4,0
T0000126,C000130,2026-04-26,Wrong Item,High,2.91,5,0
T0000127,C000131,2025-02-11,Delivery Delay,Medium,18.39,5,0
T0000128,C000133,2024-05-03,Product Question,Medium,49.84,5,0
T0000129,C000141,2025-07-30,Wrong Item,Medium,13.74,4,0
T0000130,C000141,2025-09-30,Damaged Item,High,18.42,3,1
T0000131,C000142,2024-12-28,Delivery Delay,Low,21.8,5,0
T0000132,C000145,2025-09-14,Wrong Item,Medium,63.57,4,0
T0000133,C000145,2025-07-11,Damaged Item,Medium,30.34,5,0
T0000134,C000146,2025-05-09,Delivery Delay,Low,42.6,5,0
T0000135,C000147,2024-03-13,Wrong Item,Medium,10.52,4,0
T0000136,C000156,2025-07-04,Refund Request,Medium,5.66,4,1
T0000137,C000156,2026-01-24,Product Question,Medium,11.78,3,0
T0000138,C000161,2025-09-23,Wrong Item,Low,39.89,3,0
T0000139,C000162,2024-11-07,Damaged Item,Low,56.73,4,0
T0000140,C000166,2025-07-19,Delivery Delay,Low,22.81,3,0
T0000141,C000166,2025-11-14,Wrong Item,Medium,27.91,5,0
T0000142,C000167,2026-02-13,Refund Request,Medium,3.87,5,1
T0000143,C000170,2026-02-01,Damaged Item,Medium,31.62,5,1
T0000144,C000171,2025-12-30,Refund Request,Medium,10.48,5,1
T0000145,C000171,2026-01-21,Damaged Item,Medium,16.25,5,1
T0000146,C000172,2024-10-13,Product Question,Medium,19.55,2,0
T0000147,C000173,2025-12-29,Refund Request,Low,39.0,4,1
T0000148,C000173,2025-11-25,Product Question,Low,34.21,3,0
T0000149,C000173,2025-03-23,Refund Request,Low,25.15,4,1
T0000150,C000174,2025-12-15,Product Question,Low,11.71,5,0
T0000151,C000174,2025-06-01,Damaged Item,High,2.48,5,0
T0000152,C000175,2025-10-30,Wrong Item,Low,24.75,4,0
T0000153,C000176,2026-02-13,Wrong Item,Medium,11.96,5,1
T0000154,C000176,2026-02-18,Wrong Item,Medium,12.62,4,1
T0000155,C000179,2025-11-13,Product Question,High,12.94,3,0
T0000156,C000179,2026-05-03,Damaged Item,Medium,36.24,4,0
T0000157,C000180,2026-03-14,Account Issue,Medium,31.43,4,0
T0000158,C000181,2026-02-17,Wrong Item,Medium,18.71,4,0
T0000159,C000183,2024-04-26,Delivery Delay,High,8.68,4,0
T0000160,C000186,2025-04-10,Account Issue,Medium,7.56,5,0
T0000161,C000188,2024-01-18,Refund Request,Medium,29.08,4,1
T0000162,C000189,2024-12-08,Refund Request,Low,3.35,5,1
T0000163,C000189,2024-11-06,Product Question,Low,24.93,4,0
T0000164,C000191,2025-11-12,Refund Request,Low,24.28,4,1
T0000165,C000191,2026-03-28,Product Question,Medium,19.78,4,0
T0000166,C000192,2025-01-23,Delivery Delay,Medium,4.36,5,0
T0000167,C000197,2026-04-02,Product Question,Medium,34.23,5,0
T0000168,C000197,2025-07-17,Payment Issue,Medium,10.89,4,0
T0000169,C000198,2025-10-29,Account Issue,Low,33.72,5,0
T0000170,C000199,2024-11-12,Product Question,Medium,34.22,5,0
T0000171,C000199,2024-08-19,Product Question,High,21.97,4,0
T0000172,C000199,2024-10-03,Payment Issue,High,19.41,4,0
T0000173,C000200,2026-04-30,Refund Request,High,9.43,5,1
T0000174,C000202,2025-01-19,Product Question,Low,48.76,4,0
T0000175,C000202,2025-07-12,Refund Request,Medium,11.37,5,1
T0000176,C000204,2025-10-11,Payment Issue,Low,17.18,4,0
T0000177,C000204,2025-01-20,Product Question,Low,33.4,4,0
T0000178,C000206,2025-01-06,Product Question,High,10.28,5,0
T0000179,C000206,2025-03-22,Payment Issue,High,5.06,5,0
T0000180,C000208,2025-10-04,Payment Issue,Medium,22.75,4,0
T0000181,C000208,2026-03-01,Wrong Item,Low,7.05,4,0
T0000182,C000209,2025-12-26,Payment Issue,Medium,26.93,4,0
T0000183,C000211,2026-03-06,Product Question,Medium,12.37,3,0
T0000184,C000212,2025-08-21,Account Issue,Medium,10.56,4,0
T0000185,C000215,2024-12-23,Product Question,Medium,15.85,5,0
T0000186,C000215,2025-04-10,Refund Request,Medium,9.01,5,1
T0000187,C000216,2025-12-08,Refund Request,Low,16.63,4,1
T0000188,C000216,2026-03-20,Delivery Delay,Low,47.54,3,0
T0000189,C000217,2024-09-14,Account Issue,Medium,16.23,5,0
T0000190,C000218,2026-01-11,Delivery Delay,Low,38.22,4,0
T0000191,C000221,2025-09-12,Payment Issue,Medium,4.01,5,0
T0000192,C000221,2025-06-15,Delivery Delay,High,4.84,5,0
T0000193,C000224,2025-07-30,Delivery Delay,Low,14.83,4,0
T0000194,C000224,2025-10-17,Product Question,High,14.72,5,0
T0000195,C000224,2025-03-10,Refund Request,Medium,6.41,5,1
T0000196,C000225,2025-08-11,Wrong Item,High,9.27,5,0
T0000197,C000226,2025-11-05,Delivery Delay,Low,51.92,5,0
T0000198,C000227,2026-05-04,Delivery Delay,Low,12.19,5,0
T0000199,C000228,2026-01-19,Delivery Delay,Low,18.23,5,0
T0000200,C000228,2025-01-01,Refund Request,Medium,38.19,4,1
T0000201,C000228,2025-12-27,Product Question,Medium,4.45,4,0
T0000202,C000233,2024-06-11,Refund Request,Medium,8.7,4,1
T0000203,C000233,2024-11-20,Damaged Item,Medium,5.59,5,1
T0000204,C000235,2024-09-18,Damaged Item,Medium,5.34,5,0
T0000205,C000237,2026-05-18,Damaged Item,High,6.3,5,0
T0000206,C000238,2025-04-30,Product Question,Medium,54.71,2,0
T0000207,C000241,2025-03-21,Delivery Delay,Medium,6.87,5,0
T0000208,C000246,2026-02-25,Damaged Item,Medium,8.73,5,1
T0000209,C000246,2025-12-15,Payment Issue,Low,53.77,2,0
T0000210,C000248,2026-04-02,Delivery Delay,Medium,14.47,5,0
T0000211,C000250,2026-03-30,Product Question,Low,23.1,5,0
T0000212,C000250,2025-12-11,Refund Request,Medium,1.32,5,1
T0000213,C000250,2026-01-12,Damaged Item,Low,19.3,5,0
T0000214,C000251,2026-01-26,Product Question,Low,12.47,5,0
T0000215,C000252,2026-03-26,Product Question,Medium,22.37,4,0
T0000216,C000253,2026-02-19,Damaged Item,Medium,23.53,4,0
T0000217,C000253,2026-01-28,Product Question,Medium,5.93,4,0
T0000218,C000255,2024-03-29,Refund Request,Low,11.43,5,1
T0000219,C000255,2026-01-06,Delivery Delay,Medium,2.64,5,0
T0000220,C000257,2025-10-20,Damaged Item,Medium,9.24,5,1
T0000221,C000257,2026-04-11,Product Question,Low,15.77,4,0
T0000222,C000257,2025-09-02,Delivery Delay,High,7.97,5,0
T0000223,C000257,2026-04-12,Wrong Item,High,5.93,5,0
T0000224,C000258,2026-04-05,Delivery Delay,Low,6.88,4,0
T0000225,C000259,2024-01-15,Damaged Item,Low,21.28,5,0
T0000226,C000259,2025-05-28,Product Question,Low,81.29,4,0
T0000227,C000260,2026-01-30,Payment Issue,Medium,22.18,4,0
T0000228,C000261,2026-05-17,Damaged Item,High,9.31,5,1
T0000229,C000266,2025-05-13,Product Question,Low,9.42,4,0
T0000230,C000267,2026-01-20,Product Question,High,9.1,5,0
T0000231,C000268,2025-07-31,Delivery Delay,High,4.42,5,0
T0000232,C000269,2025-06-22,Product Question,Low,45.79,4,0
T0000233,C000269,2025-12-15,Refund Request,Medium,11.02,5,1
T0000234,C000269,2026-02-27,Delivery Delay,Low,77.06,3,0
T0000235,C000270,2025-06-22,Refund Request,Medium,42.19,5,1
T0000236,C000270,2025-04-20,Refund Request,Low,24.82,5,1
T0000237,C000271,2024-06-13,Payment Issue,Low,19.31,4,0
T0000238,C000275,2026-03-10,Refund Request,Medium,4.46,5,1
T0000239,C000278,2024-03-20,Damaged Item,Medium,15.54,4,0
T0000240,C000280,2024-02-18,Refund Request,Medium,13.34,5,1
T0000241,C000280,2025-12-08,Damaged Item,Low,59.54,4,1
T0000242,C000280,2024-11-28,Product Question,High,16.43,5,0
T0000243,C000280,2024-01-15,Account Issue,Low,53.95,4,0
T0000244,C000282,2025-07-19,Damaged Item,High,11.91,5,1
T0000245,C000283,2026-02-21,Account Issue,Medium,9.76,5,0
T0000246,C000287,2025-06-01,Account Issue,Medium,8.09,5,0
T0000247,C000291,2026-05-06,Wrong Item,Medium,26.02,4,0
T0000248,C000294,2024-11-03,Product Question,Low,12.26,5,0
T0000249,C000294,2024-06-18,Delivery Delay,High,1.01,5,0
T0000250,C000301,2026-02-17,Damaged Item,Medium,8.82,5,0
T0000251,C000304,2024-11-29,Refund Request,High,13.34,5,1
T0000252,C000307,2026-04-17,Delivery Delay,Low,5.86,4,0
T0000253,C000307,2025-07-04,Product Question,High,1.05,4,0
T0000254,C000308,2026-05-20,Delivery Delay,Low,48.67,4,0
T0000255,C000309,2025-08-04,Refund Request,Medium,17.96,5,1
T0000256,C000310,2025-01-15,Wrong Item,High,10.62,3,1
T0000257,C000311,2025-10-27,Refund Request,Medium,11.88,5,1
T0000258,C000311,2024-11-12,Product Question,Low,100.2,3,0
T0000259,C000312,2026-05-15,Account Issue,Medium,24.88,5,0
T0000260,C000314,2025-02-09,Delivery Delay,Medium,4.93,5,0
T0000261,C000315,2026-04-25,Damaged Item,Medium,22.03,5,0
T0000262,C000320,2025-07-05,Wrong Item,Medium,12.2,5,1
T0000263,C000322,2025-05-23,Delivery Delay,Low,36.89,4,0
T0000264,C000322,2024-04-09,Damaged Item,Low,40.15,4,0
T0000265,C000323,2026-03-06,Product Question,Medium,13.78,5,0
T0000266,C000323,2026-03-05,Damaged Item,Medium,1.27,4,0
T0000267,C000324,2026-01-28,Delivery Delay,Medium,15.57,5,0
T0000268,C000327,2026-05-14,Wrong Item,High,4.01,3,0
T0000269,C000330,2025-08-30,Product Question,Low,35.15,5,0
T0000270,C000332,2024-05-06,Payment Issue,Medium,42.5,4,0
T0000271,C000332,2026-04-20,Refund Request,Medium,3.98,5,1
T0000272,C000332,2025-07-24,Damaged Item,High,28.19,4,1
T0000273,C000332,2024-12-15,Damaged Item,Low,8.39,5,1
T0000274,C000333,2026-04-20,Delivery Delay,Medium,7.82,3,0
T0000275,C000333,2026-05-15,Payment Issue,High,3.74,5,0
T0000276,C000334,2025-06-27,Product Question,Medium,25.51,5,0
T0000277,C000337,2026-02-15,Product Question,Medium,15.61,5,0
T0000278,C000337,2026-02-04,Payment Issue,Low,20.92,4,0
T0000279,C000339,2025-10-09,Account Issue,Low,11.82,5,0
T0000280,C000341,2024-01-29,Damaged Item,Low,75.84,3,0
T0000281,C000344,2025-05-13,Delivery Delay,High,8.26,5,0
T0000282,C000345,2025-06-24,Delivery Delay,High,5.17,5,0
T0000283,C000346,2026-01-16,Refund Request,High,9.8,4,1
T0000284,C000347,2024-09-20,Delivery Delay,Low,26.3,5,0
T0000285,C000348,2026-04-12,Damaged Item,Medium,16.79,5,1
T0000286,C000351,2026-05-12,Refund Request,Medium,28.75,4,1
T0000287,C000353,2026-01-12,Wrong Item,Medium,6.31,5,0
T0000288,C000354,2025-10-02,Damaged Item,Medium,22.4,3,0
T0000289,C000356,2025-07-28,Damaged Item,Low,43.29,3,0
T0000290,C000358,2026-02-09,Delivery Delay,Medium,14.11,5,0
T0000291,C000358,2026-01-31,Delivery Delay,Medium,20.51,5,0
T0000292,C000361,2024-12-04,Delivery Delay,High,25.05,5,0
T0000293,C000362,2025-10-01,Product Question,Medium,25.73,5,0
T0000294,C000362,2026-01-03,Payment Issue,Medium,6.83,5,0
T0000295,C000363,2025-10-31,Product Question,Medium,5.69,5,0
T0000296,C000364,2026-05-23,Account Issue,Low,46.22,4,0
T0000297,C000366,2024-11-21,Delivery Delay,Low,21.01,5,0
T0000298,C000366,2025-05-19,Product Question,Low,43.17,5,0
T0000299,C000367,2025-10-23,Account Issue,Low,9.87,5,0
T0000300,C000367,2026-02-09,Delivery Delay,Medium,13.52,4,0
T0000301,C000367,2026-05-31,Damaged Item,Medium,20.91,5,0
T0000302,C000367,2025-12-23,Damaged Item,Low,18.67,5,0
T0000303,C000375,2026-02-21,Product Question,High,5.04,5,0
T0000304,C000376,2026-04-06,Product Question,Medium,14.07,5,0
T0000305,C000377,2025-08-20,Product Question,Medium,17.07,3,0
T0000306,C000377,2024-04-18,Refund Request,Medium,3.8,5,1
T0000307,C000378,2025-07-26,Damaged Item,Low,21.55,4,0
T0000308,C000379,2025-03-31,Refund Request,Low,3.76,5,1
T0000309,C000379,2026-04-05,Account Issue,Low,10.52,5,0
T0000310,C000380,2025-12-15,Product Question,Low,54.02,4,0
T0000311,C000382,2026-05-10,Payment Issue,Medium,3.38,5,0
T0000312,C000383,2025-07-08,Account Issue,High,5.96,4,0
T0000313,C000383,2025-04-23,Product Question,Low,20.33,5,0
T0000314,C000383,2026-04-12,Product Question,Low,17.73,5,0
T0000315,C000384,2026-05-26,Wrong Item,Medium,7.68,5,1
T0000316,C000388,2026-05-23,Payment Issue,High,6.46,4,0
T0000317,C000388,2025-01-28,Delivery Delay,Medium,11.96,5,0
T0000318,C000390,2025-02-11,Delivery Delay,High,2.28,5,0
T0000319,C000391,2024-10-20,Account Issue,Medium,12.4,4,0
T0000320,C000392,2026-01-05,Product Question,Medium,20.67,4,0
T0000321,C000392,2025-02-20,Wrong Item,High,1.71,4,0
T0000322,C000392,2025-02-27,Refund Request,Low,18.43,5,1
T0000323,C000393,2024-11-18,Refund Request,Medium,26.59,4,1
T0000324,C000393,2025-11-23,Delivery Delay,High,10.5,5,0
T0000325,C000396,2026-04-24,Delivery Delay,Medium,32.48,4,0
T0000326,C000398,2025-09-27,Wrong Item,Low,15.93,5,0
T0000327,C000399,2025-10-03,Product Question,High,6.74,5,0
T0000328,C000404,2026-04-24,Product Question,Low,32.18,5,0
T0000329,C000404,2026-05-16,Delivery Delay,Low,36.17,5,0
T0000330,C000404,2026-05-18,Product Question,Medium,6.07,4,0
T0000331,C000405,2026-05-16,Refund Request,Low,6.58,4,1
T0000332,C000408,2026-04-09,Wrong Item,Medium,18.34,5,1
T0000333,C000409,2025-01-02,Product Question,Medium,25.34,5,0
T0000334,C000409,2025-12-22,Refund Request,Medium,11.16,5,1
T0000335,C000410,2024-09-27,Damaged Item,Low,51.89,3,0
T0000336,C000410,2024-02-19,Wrong Item,Medium,10.04,5,0
T0000337,C000411,2025-08-25,Account Issue,Low,17.03,5,0
T0000338,C000412,2026-03-29,Product Question,Medium,5.29,4,0
T0000339,C000417,2025-12-29,Wrong Item,Low,14.95,4,0
T0000340,C000417,2025-03-07,Account Issue,High,1.43,5,0
T0000341,C000421,2026-04-26,Wrong Item,Low,16.76,5,0
T0000342,C000421,2024-05-06,Account Issue,Medium,19.68,4,0
T0000343,C000421,2024-05-30,Delivery Delay,Low,12.85,5,0
T0000344,C000422,2026-03-23,Payment Issue,Medium,20.97,5,0
T0000345,C000422,2026-05-24,Account Issue,Medium,9.95,5,0
T0000346,C000422,2026-05-31,Payment Issue,Medium,5.63,5,0
T0000347,C000427,2025-05-12,Product Question,Medium,20.22,5,0
T0000348,C000428,2024-12-29,Damaged Item,Medium,30.17,5,0
T0000349,C000429,2025-04-20,Delivery Delay,Medium,24.73,4,0
T0000350,C000431,2025-11-01,Product Question,High,16.23,5,0
T0000351,C000435,2026-04-29,Delivery Delay,Low,49.72,3,0
T0000352,C000436,2026-05-17,Damaged Item,Medium,4.5,5,0
T0000353,C000437,2024-10-28,Account Issue,Medium,2.77,5,0
T0000354,C000439,2025-07-01,Account Issue,Medium,0.95,4,0
T0000355,C000439,2025-10-25,Damaged Item,High,13.16,4,0
T0000356,C000440,2026-01-23,Damaged Item,Medium,22.33,3,1
T0000357,C000441,2026-04-12,Damaged Item,Low,65.44,4,1
T0000358,C000442,2026-05-23,Product Question,Low,11.32,5,0
T0000359,C000442,2026-05-30,Damaged Item,Medium,23.37,4,0
T0000360,C000445,2024-03-15,Damaged Item,Medium,9.41,4,0
T0000361,C000446,2025-06-25,Refund Request,Low,6.83,5,1
T0000362,C000446,2025-04-26,Product Question,Medium,18.63,3,0
T0000363,C000451,2026-05-28,Account Issue,High,6.74,5,0
T0000364,C000451,2026-04-21,Account Issue,Medium,7.87,5,0
T0000365,C000454,2026-05-14,Product Question,Medium,17.45,5,0
T0000366,C000454,2026-05-31,Damaged Item,Medium,16.58,5,0
T0000367,C000455,2026-03-28,Account Issue,Medium,14.97,4,0
T0000368,C000455,2025-08-22,Account Issue,Low,20.58,5,0
T0000369,C000456,2025-11-26,Product Question,Low,66.23,4,0
T0000370,C000458,2026-01-12,Account Issue,Low,17.93,5,0
T0000371,C000458,2025-10-16,Account Issue,High,0.97,5,0
T0000372,C000462,2026-05-27,Delivery Delay,Medium,13.36,5,0
T0000373,C000462,2024-10-31,Payment Issue,Medium,5.04,5,0
T0000374,C000463,2025-12-10,Refund Request,Medium,9.18,5,1
T0000375,C000463,2025-12-18,Product Question,Medium,22.78,4,0
T0000376,C000464,2025-12-09,Product Question,Medium,20.2,5,0
T0000377,C000464,2025-12-04,Wrong Item,Low,7.09,4,0
T0000378,C000465,2026-02-19,Product Question,Medium,10.95,5,0
T0000379,C000468,2026-04-07,Product Question,Medium,33.06,5,0
T0000380,C000470,2025-09-09,Refund Request,Medium,31.74,4,1
T0000381,C000471,2024-01-21,Product Question,Low,64.75,3,0
T0000382,C000471,2026-04-14,Damaged Item,High,25.51,4,0
T0000383,C000472,2024-08-31,Product Question,High,17.33,5,0
T0000384,C000473,2026-01-19,Refund Request,Medium,38.89,5,1
T0000385,C000477,2024-08-18,Delivery Delay,Low,88.34,4,0
T0000386,C000477,2025-05-02,Wrong Item,Low,16.89,4,1
T0000387,C000479,2025-05-01,Wrong Item,Low,12.04,4,0
T0000388,C000479,2025-09-12,Damaged Item,Medium,12.86,4,0
T0000389,C000482,2025-11-22,Wrong Item,Low,12.48,5,0
T0000390,C000484,2026-03-09,Payment Issue,Medium,22.08,5,0
T0000391,C000485,2025-06-15,Product Question,Medium,12.48,4,0
T0000392,C000486,2024-04-09,Payment Issue,Low,55.75,3,0
T0000393,C000488,2024-01-28,Delivery Delay,Low,40.3,3,0
T0000394,C000489,2026-05-27,Account Issue,Medium,24.27,5,0
T0000395,C000491,2025-06-17,Wrong Item,Medium,6.11,5,1
T0000396,C000491,2024-07-23,Delivery Delay,Medium,47.46,2,0
T0000397,C000491,2025-01-22,Payment Issue,Medium,10.87,5,0
T0000398,C000491,2024-02-11,Delivery Delay,High,0.65,5,0
T0000399,C000492,2025-05-26,Product Question,Low,1.09,5,0
T0000400,C000492,2025-08-31,Product Question,High,16.38,4,0
T0000401,C000494,2025-08-09,Product Question,Low,21.94,3,0
T0000402,C000496,2025-06-14,Wrong Item,Low,42.8,5,1
T0000403,C000501,2024-09-08,Wrong Item,Medium,37.19,4,0
T0000404,C000502,2026-03-08,Product Question,Medium,21.6,5,0
T0000405,C000503,2024-07-16,Delivery Delay,Low,20.68,3,0
T0000406,C000504,2025-10-05,Refund Request,Low,20.96,4,1
T0000407,C000506,2026-03-04,Refund Request,Low,24.67,5,1
T0000408,C000507,2026-05-19,Refund Request,High,11.48,5,1
T0000409,C000507,2026-04-09,Damaged Item,Low,40.29,5,1
T0000410,C000510,2026-02-17,Product Question,Medium,43.59,3,0
T0000411,C000512,2024-07-27,Refund Request,Medium,3.95,5,1
T0000412,C000513,2025-02-09,Product Question,High,26.71,5,0
T0000413,C000514,2025-05-31,Refund Request,Medium,13.44,5,1
T0000414,C000514,2024-12-08,Damaged Item,High,9.18,5,0
T0000415,C000515,2025-07-09,Damaged Item,Medium,15.01,4,0
T0000416,C000517,2025-05-07,Wrong Item,Low,29.3,5,0
T0000417,C000518,2024-11-21,Refund Request,Low,49.8,4,1
T0000418,C000521,2026-05-21,Product Question,Low,18.78,5,0
T0000419,C000523,2025-07-03,Product Question,Low,25.99,3,0
T0000420,C000523,2025-10-26,Product Question,Medium,19.45,4,0
T0000421,C000523,2026-02-28,Damaged Item,High,5.24,5,0
T0000422,C000524,2025-04-08,Payment Issue,Medium,18.32,4,0
T0000423,C000525,2026-04-02,Product Question,High,6.21,4,0
T0000424,C000526,2025-08-14,Damaged Item,Medium,18.16,5,0
T0000425,C000526,2025-06-06,Account Issue,Low,92.19,4,0
T0000426,C000526,2025-09-10,Refund Request,High,6.59,4,1
T0000427,C000529,2025-06-28,Account Issue,Medium,32.46,4,0
T0000428,C000530,2025-08-29,Delivery Delay,Medium,16.47,5,0
T0000429,C000532,2026-03-08,Delivery Delay,Low,14.71,5,0
T0000430,C000534,2025-01-14,Account Issue,Low,63.31,4,0
T0000431,C000534,2025-04-08,Refund Request,Medium,26.8,4,1
T0000432,C000535,2025-07-29,Delivery Delay,Medium,14.48,5,0
T0000433,C000535,2026-04-12,Account Issue,Low,67.04,2,0
T0000434,C000535,2026-03-02,Product Question,High,7.52,5,0
T0000435,C000536,2026-02-16,Delivery Delay,Medium,4.93,5,0
T0000436,C000536,2026-05-25,Damaged Item,Low,11.84,5,1
T0000437,C000539,2025-11-15,Product Question,Low,54.87,4,0
T0000438,C000540,2025-12-12,Wrong Item,High,14.14,5,1
T0000439,C000541,2024-01-27,Refund Request,Low,26.91,5,1
T0000440,C000544,2025-08-04,Product Question,Low,9.57,5,0
T0000441,C000545,2026-04-14,Product Question,Low,16.67,4,0
T0000442,C000547,2024-09-11,Damaged Item,Low,24.47,4,0
T0000443,C000550,2025-12-16,Payment Issue,Low,26.03,4,0
T0000444,C000551,2024-12-06,Product Question,Medium,1.55,5,0
T0000445,C000556,2026-02-20,Refund Request,High,7.51,5,1
T0000446,C000557,2024-09-03,Product Question,Low,30.28,5,0
T0000447,C000558,2024-12-02,Refund Request,Medium,9.23,5,1
T0000448,C000558,2024-06-01,Account Issue,Low,24.46,4,0
T0000449,C000559,2026-05-13,Account Issue,High,20.99,5,0
T0000450,C000559,2026-05-28,Product Question,Low,12.09,4,0
T0000451,C000560,2026-02-21,Delivery Delay,Medium,14.44,5,0
T0000452,C000561,2026-04-15,Product Question,Medium,3.12,5,0
T0000453,C000563,2025-09-13,Payment Issue,Medium,1.72,5,0
T0000454,C000563,2025-07-19,Damaged Item,Medium,14.36,5,0
T0000455,C000564,2026-05-06,Payment Issue,Low,43.3,5,0
T0000456,C000565,2025-06-25,Refund Request,Medium,19.36,4,1
T0000457,C000567,2025-04-11,Account Issue,Low,33.67,5,0
T0000458,C000567,2026-01-08,Delivery Delay,High,9.08,5,0
T0000459,C000568,2025-08-27,Damaged Item,Medium,17.53,5,0
T0000460,C000568,2025-04-17,Damaged Item,Low,121.92,3,0
T0000461,C000568,2025-10-22,Wrong Item,Low,44.9,5,1
T0000462,C000569,2024-03-30,Product Question,Medium,32.61,4,0
T0000463,C000569,2024-09-29,Damaged Item,Medium,17.37,5,0
T0000464,C000569,2025-09-18,Product Question,Low,37.35,4,0
T0000465,C000572,2024-03-08,Payment Issue,Low,37.38,4,0
T0000466,C000572,2025-02-20,Damaged Item,Medium,16.93,4,1
T0000467,C000580,2024-02-18,Product Question,Low,34.09,5,0
T0000468,C000583,2025-09-21,Payment Issue,Low,23.82,5,0
T0000469,C000583,2024-12-25,Product Question,High,6.01,5,0
T0000470,C000583,2025-12-28,Product Question,Medium,1.23,5,0
T0000471,C000585,2025-10-11,Refund Request,Medium,7.15,5,1
T0000472,C000587,2024-05-18,Delivery Delay,High,5.53,5,0
T0000473,C000590,2024-05-08,Product Question,Low,6.5,5,0
T0000474,C000590,2024-07-13,Payment Issue,Low,7.03,5,0
T0000475,C000592,2024-12-10,Delivery Delay,Medium,6.94,5,0
T0000476,C000593,2026-02-09,Product Question,Medium,7.87,5,0
T0000477,C000595,2025-06-17,Wrong Item,High,6.65,5,0
T0000478,C000596,2026-05-09,Delivery Delay,Low,30.21,3,0
T0000479,C000598,2026-05-09,Account Issue,Medium,29.29,5,0
T0000480,C000600,2024-07-24,Damaged Item,Medium,14.01,5,1
T0000481,C000601,2025-02-04,Damaged Item,Low,21.79,3,1
T0000482,C000603,2026-03-31,Delivery Delay,Medium,19.43,4,0
T0000483,C000604,2026-02-25,Refund Request,High,5.4,4,1
T0000484,C000605,2024-12-16,Refund Request,Low,22.12,2,1
T0000485,C000605,2026-03-18,Wrong Item,Medium,7.12,5,0
T0000486,C000605,2025-10-23,Delivery Delay,Medium,22.32,5,0
T0000487,C000606,2025-05-14,Delivery Delay,Medium,41.85,3,0
T0000488,C000607,2025-12-03,Payment Issue,Low,52.14,3,0
T0000489,C000610,2026-04-15,Damaged Item,Low,19.44,5,0
T0000490,C000610,2025-11-28,Refund Request,High,19.14,5,1
T0000491,C000611,2026-03-26,Delivery Delay,Low,25.06,5,0
T0000492,C000612,2025-05-08,Refund Request,Low,56.45,4,1
T0000493,C000613,2025-12-27,Payment Issue,Low,19.06,5,0
T0000494,C000614,2025-11-11,Refund Request,Medium,6.14,4,1
T0000495,C000614,2026-03-30,Product Question,Medium,31.62,4,0
T0000496,C000615,2026-01-07,Refund Request,Low,39.67,5,1
T0000497,C000618,2024-08-15,Account Issue,Medium,20.52,3,0
T0000498,C000621,2026-04-26,Damaged Item,Medium,32.09,4,0
T0000499,C000623,2026-03-23,Payment Issue,Low,57.24,5,0
T0000500,C000623,2026-05-16,Delivery Delay,Medium,7.11,5,0
T0000501,C000625,2024-11-13,Product Question,Low,17.04,5,0
T0000502,C000628,2025-10-13,Refund Request,Medium,5.54,5,1
T0000503,C000629,2025-09-17,Account Issue,High,9.14,5,0
T0000504,C000632,2026-05-13,Account Issue,Low,17.32,5,0
T0000505,C000632,2026-04-06,Wrong Item,Low,14.0,4,1
T0000506,C000632,2026-04-27,Refund Request,Low,16.14,5,1
T0000507,C000633,2026-04-11,Damaged Item,Medium,11.88,5,1
T0000508,C000634,2026-04-22,Delivery Delay,Low,12.4,5,0
T0000509,C000634,2026-02-17,Damaged Item,High,14.76,4,0
T0000510,C000636,2024-08-14,Delivery Delay,Medium,14.25,5,0
T0000511,C000637,2026-05-24,Refund Request,High,3.42,4,1
T0000512,C000638,2025-08-15,Product Question,Low,120.64,2,0
T0000513,C000639,2025-10-22,Payment Issue,Medium,35.95,4,0
T0000514,C000640,2024-08-30,Payment Issue,High,15.95,4,0
T0000515,C000641,2026-03-20,Damaged Item,High,8.85,4,1
T0000516,C000641,2024-07-29,Damaged Item,Medium,7.88,4,1
T0000517,C000641,2024-07-29,Refund Request,Medium,27.41,5,1
T0000518,C000641,2025-10-01,Payment Issue,Medium,54.47,3,0
T0000519,C000643,2026-03-01,Refund Request,Medium,11.65,4,1
T0000520,C000643,2024-01-10,Damaged Item,Medium,8.37,4,1
T0000521,C000644,2026-04-07,Delivery Delay,Medium,24.84,4,0
T0000522,C000645,2026-03-24,Payment Issue,Medium,34.81,5,0
T0000523,C000645,2026-02-11,Product Question,Medium,8.97,5,0
T0000524,C000646,2026-03-19,Delivery Delay,Low,60.11,2,0
T0000525,C000646,2024-02-04,Damaged Item,Low,28.06,5,0
T0000526,C000647,2026-04-22,Payment Issue,Low,36.3,5,0
T0000527,C000647,2025-04-03,Product Question,Medium,23.97,4,0
T0000528,C000648,2025-11-01,Delivery Delay,Medium,11.53,5,0
T0000529,C000650,2025-03-26,Product Question,Low,9.09,5,0
T0000530,C000650,2024-10-02,Product Question,Low,42.9,4,0
T0000531,C000651,2025-10-14,Wrong Item,High,20.07,5,1
T0000532,C000651,2025-09-21,Refund Request,High,4.54,4,1
T0000533,C000652,2025-12-11,Product Question,Medium,37.51,5,0
T0000534,C000653,2024-08-27,Wrong Item,Medium,20.33,5,1
T0000535,C000655,2026-05-17,Product Question,Low,30.29,5,0
T0000536,C000655,2026-03-25,Refund Request,Low,44.97,3,1
T0000537,C000656,2026-04-28,Damaged Item,Medium,16.14,5,0
T0000538,C000659,2025-12-23,Delivery Delay,Low,94.12,4,0
T0000539,C000660,2025-01-10,Account Issue,Medium,31.87,4,0
T0000540,C000664,2025-09-28,Refund Request,Low,21.34,4,1
T0000541,C000665,2026-04-28,Product Question,Medium,26.82,5,0
T0000542,C000666,2025-03-22,Delivery Delay,Medium,19.15,4,0
T0000543,C000668,2025-05-03,Delivery Delay,Low,34.64,5,0
T0000544,C000670,2025-04-08,Wrong Item,Medium,23.56,5,1
T0000545,C000672,2026-05-30,Damaged Item,Medium,10.46,5,1
T0000546,C000673,2024-08-05,Account Issue,Low,23.26,4,0
T0000547,C000673,2025-08-05,Payment Issue,Low,18.52,5,0
T0000548,C000674,2025-07-13,Damaged Item,Low,50.74,3,0
T0000549,C000674,2024-08-17,Refund Request,High,7.25,5,1
T0000550,C000676,2025-12-22,Product Question,Medium,6.57,4,0
T0000551,C000676,2025-06-28,Wrong Item,Medium,13.35,5,0
T0000552,C000676,2025-11-20,Delivery Delay,Medium,43.35,3,0
T0000553,C000677,2024-11-26,Payment Issue,Low,15.26,4,0
T0000554,C000679,2025-11-02,Refund Request,Medium,16.19,5,1
T0000555,C000680,2025-12-29,Damaged Item,Medium,47.87,5,0
T0000556,C000683,2026-04-17,Product Question,Low,107.95,1,0
T0000557,C000684,2026-03-01,Delivery Delay,Low,40.68,4,0
T0000558,C000687,2024-08-09,Payment Issue,Medium,9.43,5,0
T0000559,C000688,2024-05-16,Refund Request,Medium,7.73,5,1
T0000560,C000691,2026-05-12,Product Question,Low,48.82,4,0
T0000561,C000694,2025-11-05,Refund Request,Low,13.82,5,1
T0000562,C000695,2024-12-03,Wrong Item,Low,17.16,5,1
T0000563,C000695,2025-07-20,Refund Request,High,20.02,5,1
T0000564,C000695,2026-05-02,Damaged Item,Medium,16.98,5,1
T0000565,C000697,2026-05-31,Delivery Delay,Medium,16.18,5,0
T0000566,C000703,2025-12-12,Product Question,Low,29.02,4,0
T0000567,C000704,2024-12-24,Delivery Delay,Low,45.3,5,0
T0000568,C000705,2026-02-27,Refund Request,High,10.67,4,1
T0000569,C000705,2025-07-06,Delivery Delay,Medium,17.09,5,0
T0000570,C000707,2025-11-26,Damaged Item,Medium,33.76,4,0
T0000571,C000710,2026-02-13,Account Issue,Medium,31.64,5,0
T0000572,C000710,2026-02-10,Account Issue,Medium,3.21,5,0
T0000573,C000711,2026-04-06,Account Issue,Low,5.46,4,0
T0000574,C000712,2025-02-23,Wrong Item,Medium,20.47,5,0
T0000575,C000712,2025-08-23,Payment Issue,Low,24.73,4,0
T0000576,C000716,2025-06-17,Product Question,Medium,66.63,4,0
T0000577,C000717,2025-04-09,Refund Request,Medium,17.26,4,1
T0000578,C000723,2024-03-05,Product Question,Low,8.81,4,0
T0000579,C000723,2024-01-22,Product Question,High,21.02,4,0
T0000580,C000723,2025-05-28,Damaged Item,Medium,22.21,5,0
T0000581,C000725,2026-01-13,Delivery Delay,Medium,20.93,4,0
T0000582,C000725,2024-08-10,Product Question,Medium,36.18,5,0
T0000583,C000727,2025-08-25,Refund Request,Medium,30.78,5,1
T0000584,C000729,2024-03-05,Damaged Item,Medium,37.01,4,0
T0000585,C000729,2024-02-11,Product Question,Low,22.65,4,0
T0000586,C000730,2025-08-16,Account Issue,Low,36.12,5,0
T0000587,C000731,2025-10-30,Refund Request,Medium,12.14,5,1
T0000588,C000733,2025-10-25,Delivery Delay,Medium,27.59,3,0
T0000589,C000734,2025-07-21,Refund Request,Medium,15.21,4,1
T0000590,C000736,2025-12-08,Account Issue,Low,24.18,3,0
T0000591,C000736,2025-10-20,Refund Request,Medium,7.19,5,1
T0000592,C000738,2025-08-24,Refund Request,Low,14.89,4,1
T0000593,C000743,2026-05-18,Product Question,Low,37.25,4,0
T0000594,C000744,2024-08-06,Payment Issue,Low,16.64,3,0
T0000595,C000745,2024-06-16,Refund Request,Low,40.42,4,1
T0000596,C000745,2026-02-09,Refund Request,Medium,7.86,4,1
T0000597,C000749,2025-02-04,Damaged Item,Medium,16.7,5,0
T0000598,C000750,2025-02-03,Account Issue,Low,37.57,3,0
T0000599,C000751,2025-12-09,Wrong Item,Low,61.18,3,1
T0000600,C000753,2026-03-31,Refund Request,Low,50.73,4,1
T0000601,C000754,2026-05-25,Account Issue,Medium,6.09,5,0
T0000602,C000757,2024-11-21,Wrong Item,Low,38.13,4,0
T0000603,C000757,2025-11-25,Payment Issue,Medium,13.5,5,0
T0000604,C000758,2025-04-24,Damaged Item,Medium,56.23,2,1
T0000605,C000758,2025-11-26,Product Question,Low,8.94,4,0
T0000606,C000759,2026-02-25,Product Question,Medium,30.84,5,0
T0000607,C000761,2026-02-05,Product Question,Low,38.39,5,0
T0000608,C000761,2026-04-24,Refund Request,Low,7.04,5,1
T0000609,C000761,2026-04-15,Payment Issue,Medium,35.04,5,0
T0000610,C000763,2024-05-25,Account Issue,Low,7.93,5,0
T0000611,C000763,2025-12-28,Damaged Item,Low,25.22,5,1
T0000612,C000764,2026-03-01,Product Question,Medium,64.18,4,0
T0000613,C000764,2025-04-03,Payment Issue,Medium,9.5,5,0
T0000614,C000764,2024-12-14,Product Question,Low,2.29,4,0
T0000615,C000766,2025-05-09,Wrong Item,Medium,4.2,4,0
T0000616,C000767,2026-01-09,Account Issue,Low,26.11,5,0
T0000617,C000768,2026-05-02,Product Question,High,7.15,4,0
T0000618,C000769,2025-11-02,Damaged Item,Medium,2.85,5,0
T0000619,C000769,2024-12-08,Product Question,Low,5.67,5,0
T0000620,C000771,2025-09-24,Delivery Delay,Low,1.75,5,0
T0000621,C000771,2026-05-31,Payment Issue,Medium,27.6,5,0
T0000622,C000771,2026-01-27,Damaged Item,Medium,15.01,4,0
T0000623,C000774,2026-02-04,Product Question,Low,6.7,5,0
T0000624,C000774,2026-01-08,Refund Request,High,4.4,5,1
T0000625,C000774,2026-01-27,Wrong Item,Medium,18.11,4,1
T0000626,C000777,2025-04-29,Delivery Delay,Medium,14.1,5,0
T0000627,C000777,2025-10-25,Delivery Delay,Low,16.46,5,0
T0000628,C000779,2026-05-13,Wrong Item,Low,19.19,5,0
T0000629,C000780,2026-01-27,Refund Request,Low,45.87,3,1
T0000630,C000783,2024-07-05,Refund Request,Low,18.14,5,1
T0000631,C000784,2025-11-06,Refund Request,Medium,13.06,5,1
T0000632,C000784,2026-05-26,Product Question,Low,4.66,5,0
T0000633,C000784,2026-01-09,Delivery Delay,Medium,12.94,3,0
T0000634,C000784,2025-12-17,Delivery Delay,Medium,17.41,4,0
T0000635,C000784,2026-04-05,Product Question,Low,30.49,4,0
T0000636,C000786,2025-01-05,Damaged Item,Medium,12.76,4,0
T0000637,C000786,2026-03-31,Product Question,Medium,14.98,5,0
T0000638,C000786,2025-03-14,Damaged Item,Low,39.09,5,0
T0000639,C000786,2026-02-16,Damaged Item,Medium,22.73,4,0
T0000640,C000787,2025-10-10,Product Question,High,7.49,5,0
T0000641,C000788,2024-04-30,Payment Issue,Medium,4.99,5,0
T0000642,C000792,2025-08-31,Refund Request,High,4.81,5,1
T0000643,C000793,2024-12-17,Product Question,High,2.57,5,0
T0000644,C000794,2024-12-15,Delivery Delay,Low,7.57,2,0
T0000645,C000794,2024-11-27,Delivery Delay,Medium,25.49,4,0
T0000646,C000796,2026-01-04,Payment Issue,Low,15.71,5,0
T0000647,C000798,2025-11-21,Account Issue,Medium,5.26,5,0
T0000648,C000802,2025-06-04,Product Question,High,12.93,5,0
T0000649,C000804,2025-09-22,Product Question,Medium,2.08,5,0
T0000650,C000807,2025-12-27,Refund Request,Medium,24.5,4,1
T0000651,C000812,2025-04-02,Delivery Delay,Medium,104.56,2,0
T0000652,C000815,2026-05-06,Wrong Item,Medium,23.23,4,1
T0000653,C000815,2026-03-01,Wrong Item,High,4.99,5,1
T0000654,C000818,2025-11-01,Damaged Item,Medium,48.63,4,0
T0000655,C000819,2026-04-20,Product Question,Low,16.26,5,0
T0000656,C000820,2025-05-19,Product Question,Low,28.17,4,0
T0000657,C000820,2025-05-12,Account Issue,Medium,26.74,5,0
T0000658,C000821,2025-09-15,Delivery Delay,Medium,29.87,5,0
T0000659,C000822,2024-10-17,Refund Request,High,6.7,5,1
T0000660,C000823,2026-04-02,Product Question,Medium,3.32,5,0
T0000661,C000823,2026-04-15,Payment Issue,Medium,9.93,5,0
T0000662,C000825,2025-05-06,Damaged Item,Low,55.25,3,0
T0000663,C000827,2025-05-01,Refund Request,Medium,22.66,4,1
T0000664,C000831,2026-04-17,Refund Request,Medium,20.13,5,1
T0000665,C000834,2026-01-18,Wrong Item,Low,21.63,4,0
T0000666,C000834,2025-07-27,Refund Request,Low,15.34,5,1
T0000667,C000836,2026-02-14,Refund Request,High,27.13,3,1
T0000668,C000836,2025-09-30,Delivery Delay,High,4.26,5,0
T0000669,C000837,2025-12-19,Delivery Delay,Medium,12.66,5,0
T0000670,C000838,2025-08-02,Delivery Delay,High,3.76,5,0
T0000671,C000839,2025-10-18,Delivery Delay,Medium,17.87,5,0
T0000672,C000839,2025-11-16,Refund Request,Medium,12.7,5,1
T0000673,C000839,2024-11-22,Account Issue,High,12.39,5,0
T0000674,C000840,2026-05-10,Refund Request,Medium,29.35,5,1
T0000675,C000840,2026-04-30,Wrong Item,High,11.38,5,0
T0000676,C000840,2026-05-25,Product Question,Medium,33.78,5,0
T0000677,C000842,2025-02-10,Payment Issue,Medium,4.35,5,0
T0000678,C000843,2025-05-16,Refund Request,Low,5.61,5,1
T0000679,C000844,2025-09-09,Refund Request,Medium,5.3,5,1
T0000680,C000846,2026-05-05,Damaged Item,High,8.05,5,0
T0000681,C000846,2025-03-19,Delivery Delay,High,0.96,4,0
T0000682,C000850,2025-09-06,Payment Issue,High,10.75,3,0
T0000683,C000852,2026-03-07,Product Question,Low,15.07,5,0
T0000684,C000852,2026-04-16,Damaged Item,Medium,10.74,5,0
T0000685,C000856,2024-07-03,Delivery Delay,Medium,7.16,5,0
T0000686,C000856,2025-09-10,Delivery Delay,Low,13.16,5,0
T0000687,C000857,2024-02-29,Payment Issue,Low,29.89,5,0
T0000688,C000857,2026-05-16,Product Question,Low,8.2,5,0
T0000689,C000860,2026-03-21,Payment Issue,Low,22.58,5,0
T0000690,C000863,2025-08-15,Damaged Item,Medium,41.85,3,0
T0000691,C000864,2026-03-09,Product Question,Medium,0.91,5,0
T0000692,C000870,2026-05-23,Delivery Delay,Medium,21.52,4,0
T0000693,C000873,2026-03-23,Damaged Item,Medium,11.85,5,0
T0000694,C000873,2026-03-16,Delivery Delay,Low,62.52,3,0
T0000695,C000875,2025-09-01,Account Issue,Low,91.45,4,0
T0000696,C000877,2025-05-06,Account Issue,Medium,16.82,5,0
T0000697,C000881,2026-05-18,Delivery Delay,Low,29.17,4,0
T0000698,C000881,2025-05-30,Damaged Item,Low,34.49,4,1
T0000699,C000882,2024-12-30,Damaged Item,Low,15.24,4,1
T0000700,C000883,2025-12-09,Delivery Delay,Medium,7.72,5,0
T0000701,C000885,2025-08-16,Delivery Delay,Medium,27.41,5,0
T0000702,C000886,2026-05-22,Damaged Item,Medium,3.55,5,1
T0000703,C000888,2024-12-20,Product Question,Low,33.51,5,0
T0000704,C000889,2025-05-07,Refund Request,Low,46.94,3,1
T0000705,C000890,2026-03-18,Account Issue,Medium,21.16,4,0
T0000706,C000890,2025-09-15,Account Issue,Low,28.57,4,0
T0000707,C000892,2025-01-05,Delivery Delay,Medium,4.44,5,0
T0000708,C000892,2024-07-10,Product Question,Medium,5.39,5,0
T0000709,C000894,2025-11-28,Payment Issue,Low,6.64,4,0
T0000710,C000896,2025-12-31,Damaged Item,Medium,14.44,4,0
T0000711,C000896,2025-02-13,Damaged Item,Low,14.15,5,0
T0000712,C000896,2025-10-07,Payment Issue,Medium,23.37,4,0
T0000713,C000897,2025-09-04,Delivery Delay,High,4.35,5,0
T0000714,C000897,2024-06-21,Damaged Item,Medium,8.08,4,1
T0000715,C000898,2026-01-26,Product Question,Medium,25.76,5,0
T0000716,C000899,2025-12-07,Account Issue,Medium,12.89,4,0
T0000717,C000899,2025-12-05,Payment Issue,Low,26.03,5,0
T0000718,C000900,2024-05-13,Delivery Delay,Low,76.84,4,0
T0000719,C000900,2024-07-29,Product Question,Medium,4.61,5,0
T0000720,C000901,2026-05-28,Delivery Delay,Low,58.99,5,0
T0000721,C000904,2025-07-16,Damaged Item,High,1.33,5,1
T0000722,C000904,2024-05-16,Account Issue,Medium,17.06,5,0
T0000723,C000906,2026-03-10,Account Issue,Medium,12.76,4,0
T0000724,C000908,2025-12-13,Product Question,Low,32.36,5,0
T0000725,C000908,2025-11-24,Product Question,High,1.34,5,0
T0000726,C000909,2025-07-20,Payment Issue,Low,15.55,5,0
T0000727,C000911,2025-05-26,Damaged Item,Medium,18.77,4,1
T0000728,C000915,2025-11-25,Delivery Delay,Medium,6.01,5,0
T0000729,C000916,2025-05-31,Delivery Delay,Medium,10.2,5,0
T0000730,C000916,2025-10-03,Product Question,High,9.94,5,0
T0000731,C000917,2026-01-13,Payment Issue,Medium,24.58,5,0
T0000732,C000918,2025-02-28,Delivery Delay,Low,4.74,5,0
T0000733,C000921,2025-10-22,Delivery Delay,Medium,20.7,5,0
T0000734,C000922,2026-01-28,Product Question,Medium,29.35,5,0
T0000735,C000922,2026-05-02,Account Issue,Medium,14.71,5,0
T0000736,C000923,2024-12-13,Product Question,Low,8.55,5,0
T0000737,C000924,2025-11-22,Delivery Delay,Low,23.31,5,0
T0000738,C000925,2026-03-08,Product Question,Medium,14.09,5,0
T0000739,C000925,2025-10-08,Wrong Item,Medium,15.89,5,1
T0000740,C000925,2025-05-31,Damaged Item,Medium,0.93,5,1
T0000741,C000925,2024-11-30,Damaged Item,Medium,4.73,5,0
T0000742,C000926,2024-01-16,Delivery Delay,Low,38.72,5,0
T0000743,C000929,2026-03-03,Delivery Delay,Low,13.15,4,0
T0000744,C000929,2024-08-03,Wrong Item,Medium,32.11,4,0
T0000745,C000929,2024-11-17,Product Question,High,31.04,4,0
T0000746,C000936,2025-12-30,Product Question,Medium,23.43,5,0
T0000747,C000938,2025-04-21,Refund Request,Medium,31.22,5,1
T0000748,C000939,2026-05-24,Wrong Item,Low,7.35,5,0
T0000749,C000942,2025-11-26,Damaged Item,Low,25.2,5,1
T0000750,C000944,2025-09-13,Delivery Delay,Low,28.51,3,0
T0000751,C000944,2024-02-06,Delivery Delay,Medium,18.07,4,0
T0000752,C000945,2024-08-06,Delivery Delay,High,1.74,5,0
T0000753,C000947,2026-03-22,Refund Request,High,4.79,5,1
T0000754,C000948,2024-07-08,Refund Request,Medium,16.39,4,1
T0000755,C000948,2025-10-28,Refund Request,Medium,33.83,4,1
T0000756,C000949,2026-03-11,Damaged Item,High,25.69,4,1
T0000757,C000950,2024-12-21,Account Issue,Medium,21.18,3,0
T0000758,C000950,2025-11-19,Refund Request,Low,36.89,5,1
T0000759,C000952,2026-05-31,Product Question,Low,100.41,3,0
T0000760,C000956,2025-07-25,Damaged Item,High,9.52,5,1
T0000761,C000956,2025-12-12,Product Question,Low,11.3,4,0
T0000762,C000959,2026-05-23,Damaged Item,Medium,8.51,4,0
T0000763,C000962,2026-05-15,Product Question,Medium,54.4,4,0
T0000764,C000964,2024-11-17,Delivery Delay,Low,34.94,3,0
T0000765,C000965,2026-04-24,Damaged Item,Medium,33.85,5,1
T0000766,C000967,2025-02-15,Delivery Delay,Medium,12.51,5,0
T0000767,C000968,2025-05-15,Delivery Delay,Medium,9.35,5,0
T0000768,C000975,2026-05-12,Account Issue,Medium,12.91,5,0
T0000769,C000975,2024-12-13,Refund Request,Medium,9.9,4,1
T0000770,C000976,2025-09-06,Wrong Item,High,20.92,5,1
T0000771,C000978,2026-03-27,Delivery Delay,Medium,13.64,4,0
T0000772,C000979,2026-05-26,Account Issue,Medium,4.15,5,0
T0000773,C000982,2024-07-20,Wrong Item,Low,26.7,4,1
T0000774,C000982,2026-04-02,Product Question,High,8.73,5,0
T0000775,C000985,2024-02-26,Delivery Delay,Low,20.33,4,0
T0000776,C000985,2025-04-03,Refund Request,Medium,12.19,4,1
T0000777,C000987,2025-04-15,Account Issue,Medium,20.98,4,0
T0000778,C000988,2025-06-02,Product Question,Medium,36.77,4,0
T0000779,C000991,2024-07-23,Refund Request,Medium,10.75,4,1
T0000780,C000992,2025-09-06,Account Issue,Medium,22.83,5,0
T0000781,C000994,2026-01-30,Product Question,Medium,23.54,5,0
T0000782,C000996,2024-04-13,Damaged Item,Medium,30.31,5,1
T0000783,C000997,2026-04-15,Product Question,Low,20.37,4,0
T0000784,C000998,2026-05-04,Product Question,Medium,25.07,5,0
T0000785,C000998,2026-05-03,Refund Request,Low,18.91,5,1
T0000786,C000998,2026-05-01,Delivery Delay,Medium,40.77,4,0
T0000787,C000999,2026-05-17,Product Question,Medium,5.58,5,0
T0000788,C001000,2024-12-12,Refund Request,Medium,20.86,4,1
T0000789,C001001,2025-11-09,Damaged Item,Low,3.42,4,1
T0000790,C001001,2025-09-29,Damaged Item,High,17.02,4,0
T0000791,C001003,2025-10-06,Refund Request,High,5.23,5,1
T0000792,C001004,2026-03-17,Product Question,Low,52.66,4,0
T0000793,C001004,2026-04-06,Product Question,Medium,10.47,5,0
T0000794,C001006,2025-08-06,Damaged Item,Medium,11.41,4,0
T0000795,C001008,2025-10-03,Product Question,High,6.04,5,0
T0000796,C001009,2026-02-25,Payment Issue,Medium,10.84,5,0
T0000797,C001010,2025-08-19,Wrong Item,Medium,6.33,5,0
T0000798,C001012,2025-12-28,Product Question,Medium,8.8,5,0
T0000799,C001012,2026-05-08,Delivery Delay,Medium,57.4,2,0
T0000800,C001014,2026-03-20,Delivery Delay,Medium,17.96,5,0
T0000801,C001015,2025-08-28,Wrong Item,Medium,8.0,5,0
T0000802,C001016,2025-08-02,Delivery Delay,Low,61.83,4,0
T0000803,C001017,2024-09-01,Payment Issue,Low,11.71,5,0
T0000804,C001017,2025-07-27,Refund Request,Medium,25.46,4,1
T0000805,C001019,2025-08-11,Account Issue,High,10.72,4,0
T0000806,C001019,2024-03-27,Account Issue,Low,57.64,3,0
T0000807,C001020,2024-03-19,Delivery Delay,Low,44.7,4,0
T0000808,C001021,2024-01-12,Delivery Delay,High,6.45,4,0
T0000809,C001024,2025-12-19,Damaged Item,Medium,16.95,4,0
T0000810,C001025,2025-06-08,Product Question,High,8.81,5,0
T0000811,C001025,2025-11-15,Account Issue,Medium,15.55,5,0
T0000812,C001026,2024-02-12,Damaged Item,Low,18.55,5,0
T0000813,C001026,2026-05-17,Damaged Item,Low,50.51,3,0
T0000814,C001027,2025-11-19,Refund Request,Low,39.94,5,1
T0000815,C001028,2026-05-12,Payment Issue,Medium,24.56,5,0
T0000816,C001028,2026-04-26,Product Question,High,14.45,3,0
T0000817,C001028,2026-02-25,Delivery Delay,Low,25.52,4,0
T0000818,C001029,2025-07-16,Delivery Delay,Medium,17.63,5,0
T0000819,C001029,2024-09-16,Account Issue,Low,21.0,4,0
T0000820,C001030,2024-01-17,Refund Request,Low,58.11,4,1
T0000821,C001030,2024-08-30,Refund Request,Low,21.69,5,1
T0000822,C001032,2026-03-30,Damaged Item,Medium,30.49,4,1
T0000823,C001033,2025-11-18,Damaged Item,High,3.81,5,0
T0000824,C001037,2024-11-02,Payment Issue,High,5.49,5,0
T0000825,C001037,2026-02-01,Account Issue,Low,16.28,5,0
T0000826,C001038,2026-03-30,Refund Request,Low,57.06,5,1
T0000827,C001038,2024-10-11,Damaged Item,High,9.91,5,0
T0000828,C001038,2025-10-07,Wrong Item,Medium,32.65,5,0
T0000829,C001039,2026-03-03,Refund Request,Medium,10.35,4,1
T0000830,C001040,2024-04-26,Product Question,Medium,22.42,5,0
T0000831,C001040,2024-08-26,Delivery Delay,Medium,42.95,5,0
T0000832,C001041,2026-01-26,Product Question,Medium,45.69,5,0
T0000833,C001043,2025-12-20,Delivery Delay,Low,4.78,4,0
T0000834,C001044,2025-02-24,Delivery Delay,Medium,10.05,5,0
T0000835,C001045,2025-12-21,Delivery Delay,Low,84.65,4,0
T0000836,C001047,2025-12-05,Delivery Delay,Medium,8.37,5,0
T0000837,C001048,2025-07-04,Delivery Delay,Medium,6.34,5,0
T0000838,C001049,2026-05-15,Payment Issue,Low,11.37,4,0
T0000839,C001049,2026-05-12,Wrong Item,High,10.0,5,0
T0000840,C001052,2025-09-13,Account Issue,Medium,23.67,4,0
T0000841,C001053,2024-03-22,Refund Request,Medium,4.57,4,1
T0000842,C001054,2026-05-06,Delivery Delay,Low,30.57,5,0
T0000843,C001056,2025-11-06,Wrong Item,Medium,1.23,5,0
T0000844,C001058,2025-11-25,Wrong Item,Medium,23.6,4,0
T0000845,C001059,2025-03-16,Delivery Delay,Medium,16.74,4,0
T0000846,C001061,2025-08-13,Product Question,Low,16.92,5,0
T0000847,C001061,2025-01-24,Product Question,Low,30.94,3,0
T0000848,C001061,2025-04-30,Wrong Item,Medium,24.45,4,1
T0000849,C001062,2024-11-25,Wrong Item,Medium,23.41,5,0
T0000850,C001062,2025-04-28,Damaged Item,High,16.81,4,0
T0000851,C001062,2025-03-14,Refund Request,Medium,13.26,5,1
T0000852,C001063,2024-12-03,Refund Request,Low,9.37,4,1
T0000853,C001064,2025-06-11,Delivery Delay,Medium,16.88,4,0
T0000854,C001065,2025-06-05,Product Question,Low,28.5,5,0
T0000855,C001065,2024-09-26,Wrong Item,Low,24.57,5,1
T0000856,C001066,2026-05-26,Product Question,High,10.51,4,0
T0000857,C001068,2025-11-07,Damaged Item,High,7.47,5,0
T0000858,C001069,2026-04-24,Account Issue,Medium,10.53,5,0
T0000859,C001071,2025-11-18,Account Issue,Low,31.24,4,0
T0000860,C001072,2025-05-15,Damaged Item,Medium,33.31,3,0
T0000861,C001079,2026-03-14,Product Question,Low,41.93,4,0
T0000862,C001081,2024-07-17,Damaged Item,Medium,13.27,5,0
T0000863,C001085,2025-07-10,Refund Request,Medium,5.14,5,1
T0000864,C001092,2025-04-08,Refund Request,Medium,8.59,5,1
T0000865,C001092,2025-05-12,Refund Request,Low,38.48,3,1
T0000866,C001092,2024-01-13,Damaged Item,Medium,4.79,5,1
T0000867,C001092,2024-02-29,Delivery Delay,Medium,21.74,4,0
T0000868,C001092,2025-04-01,Delivery Delay,Low,36.51,5,0
T0000869,C001093,2026-05-20,Refund Request,Medium,5.46,5,1
T0000870,C001095,2026-01-11,Delivery Delay,High,11.75,5,0
T0000871,C001097,2025-01-06,Damaged Item,High,3.57,4,1
T0000872,C001098,2025-11-01,Product Question,Medium,2.39,5,0
T0000873,C001099,2025-06-09,Product Question,Medium,11.25,5,0
T0000874,C001101,2026-04-04,Delivery Delay,Low,57.02,4,0
T0000875,C001101,2026-05-28,Account Issue,Medium,43.59,4,0
T0000876,C001102,2026-03-02,Damaged Item,Low,53.43,4,0
T0000877,C001103,2024-06-28,Refund Request,Low,25.03,5,1
T0000878,C001104,2026-05-09,Refund Request,Medium,19.59,4,1
T0000879,C001104,2024-07-13,Damaged Item,Low,10.12,4,0
T0000880,C001106,2026-02-10,Delivery Delay,Low,44.9,5,0
T0000881,C001106,2025-03-12,Delivery Delay,Medium,14.37,5,0
T0000882,C001107,2025-08-05,Account Issue,Medium,9.95,5,0
T0000883,C001111,2024-06-25,Product Question,Medium,16.33,5,0
T0000884,C001112,2026-05-23,Account Issue,Low,13.16,5,0
T0000885,C001112,2024-08-11,Refund Request,Medium,13.79,4,1
T0000886,C001112,2025-12-30,Delivery Delay,High,5.43,4,0
T0000887,C001112,2024-07-09,Delivery Delay,High,12.16,5,0
T0000888,C001113,2026-05-27,Wrong Item,Low,16.64,5,0
T0000889,C001113,2025-08-11,Refund Request,Medium,42.41,3,1
T0000890,C001113,2026-01-22,Payment Issue,Low,17.75,5,0
T0000891,C001115,2025-03-31,Delivery Delay,Medium,34.69,5,0
T0000892,C001116,2025-07-29,Wrong Item,Low,6.94,5,1
T0000893,C001117,2026-05-26,Payment Issue,Medium,6.67,5,0
T0000894,C001119,2025-02-18,Payment Issue,Medium,18.9,5,0
T0000895,C001121,2025-05-02,Payment Issue,Medium,8.99,5,0
T0000896,C001121,2025-06-28,Refund Request,Low,31.74,5,1
T0000897,C001121,2025-12-01,Wrong Item,Medium,19.87,4,0
T0000898,C001122,2025-05-21,Refund Request,Medium,8.02,4,1
T0000899,C001124,2025-07-18,Product Question,Medium,42.94,4,0
T0000900,C001124,2024-06-14,Delivery Delay,Medium,7.73,4,0
T0000901,C001124,2025-08-29,Refund Request,High,21.64,4,1
T0000902,C001125,2025-06-21,Wrong Item,Medium,8.69,5,0
T0000903,C001125,2026-04-30,Damaged Item,Medium,27.05,5,0
T0000904,C001126,2024-02-06,Product Question,Medium,15.4,4,0
T0000905,C001126,2025-06-05,Delivery Delay,High,1.54,3,0
T0000906,C001132,2025-04-04,Damaged Item,Medium,27.09,5,0
T0000907,C001132,2025-12-24,Product Question,High,12.95,5,0
T0000908,C001132,2025-11-14,Delivery Delay,High,22.85,4,0
T0000909,C001133,2025-02-08,Payment Issue,Medium,9.98,5,0
T0000910,C001133,2024-07-26,Product Question,High,8.05,5,0
T0000911,C001134,2024-07-07,Product Question,Medium,7.33,4,0
T0000912,C001135,2025-07-24,Product Question,Medium,19.27,5,0
T0000913,C001136,2025-10-06,Product Question,Low,31.83,4,0
T0000914,C001138,2026-03-26,Product Question,Medium,24.05,4,0
T0000915,C001138,2025-08-24,Wrong Item,Low,15.71,5,1
T0000916,C001139,2024-06-19,Product Question,Low,16.79,5,0
T0000917,C001140,2025-08-24,Delivery Delay,Medium,12.43,5,0
T0000918,C001140,2026-04-17,Delivery Delay,Low,7.36,5,0
T0000919,C001140,2025-10-19,Refund Request,Low,8.56,5,1
T0000920,C001141,2026-01-26,Refund Request,Medium,15.35,4,1
T0000921,C001141,2026-03-29,Damaged Item,Medium,24.52,4,0
T0000922,C001142,2025-11-05,Delivery Delay,High,7.3,5,0
T0000923,C001142,2024-12-14,Damaged Item,High,2.02,5,0
T0000924,C001144,2026-02-16,Payment Issue,Medium,3.63,5,0
T0000925,C001145,2025-10-31,Account Issue,Low,70.27,3,0
T0000926,C001145,2025-01-26,Payment Issue,Low,13.95,3,0
T0000927,C001148,2025-09-22,Delivery Delay,Medium,25.54,3,0
T0000928,C001148,2025-12-14,Payment Issue,Low,20.04,5,0
T0000929,C001149,2025-11-14,Refund Request,High,1.75,5,1
T0000930,C001155,2026-05-06,Account Issue,Low,53.97,2,0
T0000931,C001155,2025-12-23,Wrong Item,Medium,10.61,5,0
T0000932,C001155,2026-03-20,Product Question,Medium,13.12,5,0
T0000933,C001158,2026-01-01,Product Question,Low,48.84,5,0
T0000934,C001159,2025-01-21,Product Question,Medium,2.14,5,0
T0000935,C001160,2024-06-21,Damaged Item,Low,9.3,5,1
T0000936,C001161,2024-08-30,Wrong Item,Medium,29.86,5,0
T0000937,C001162,2025-08-27,Refund Request,Medium,28.57,5,1
T0000938,C001162,2025-12-21,Refund Request,Medium,23.51,4,1
T0000939,C001162,2025-09-21,Delivery Delay,Medium,9.64,4,0
T0000940,C001162,2026-02-02,Refund Request,Low,23.43,3,1
T0000941,C001164,2025-03-02,Delivery Delay,Low,6.4,5,0
T0000942,C001166,2026-03-02,Product Question,Low,10.84,5,0
T0000943,C001167,2025-05-18,Wrong Item,Medium,17.38,5,1
T0000944,C001167,2024-10-24,Delivery Delay,Low,31.88,4,0
T0000945,C001171,2025-05-26,Damaged Item,Low,70.53,4,0
T0000946,C001177,2026-03-15,Damaged Item,Low,2.22,5,0
T0000947,C001180,2024-02-24,Payment Issue,Low,22.01,5,0
T0000948,C001182,2025-11-19,Payment Issue,Medium,7.74,5,0
T0000949,C001184,2025-08-25,Payment Issue,High,10.75,4,0
T0000950,C001185,2024-02-14,Payment Issue,High,6.73,5,0
T0000951,C001185,2024-11-26,Refund Request,Medium,53.21,5,1
T0000952,C001187,2025-06-13,Product Question,High,10.44,5,0
T0000953,C001189,2026-04-19,Payment Issue,Medium,8.77,5,0
T0000954,C001189,2026-03-24,Account Issue,Low,16.16,5,0
T0000955,C001189,2026-05-01,Damaged Item,Medium,9.91,5,1
T0000956,C001189,2026-04-07,Refund Request,High,12.39,5,1
T0000957,C001191,2025-01-25,Damaged Item,Low,33.84,5,1
T0000958,C001191,2025-05-01,Product Question,Medium,31.27,4,0
T0000959,C001194,2024-05-06,Delivery Delay,Medium,16.31,3,0
T0000960,C001194,2024-08-11,Refund Request,Medium,9.09,5,1
T0000961,C001195,2025-11-21,Delivery Delay,Low,29.8,5,0
T0000962,C001197,2025-12-28,Refund Request,High,6.84,5,1
T0000963,C001197,2025-11-27,Refund Request,Low,27.62,5,1
T0000964,C001197,2026-01-26,Product Question,Low,13.19,3,0
T0000965,C001199,2025-05-02,Damaged Item,Low,9.54,5,1
T0000966,C001200,2026-01-10,Damaged Item,Low,21.23,5,1
T0000967,C001200,2025-01-21,Damaged Item,Medium,28.24,5,1
T0000968,C001200,2025-06-15,Refund Request,Medium,34.5,5,1
T0000969,C001203,2025-12-27,Wrong Item,Medium,12.58,5,0
T0000970,C001203,2025-12-16,Damaged Item,Low,29.53,3,0
T0000971,C001203,2025-09-07,Delivery Delay,Low,20.18,5,0
T0000972,C001205,2025-11-25,Payment Issue,High,5.24,5,0
T0000973,C001205,2024-07-29,Damaged Item,Medium,11.68,5,1
T0000974,C001206,2025-12-30,Refund Request,Low,44.56,4,1
T0000975,C001207,2026-04-30,Delivery Delay,High,10.05,5,0
T0000976,C001209,2026-01-18,Refund Request,Medium,19.14,5,1
T0000977,C001209,2026-04-24,Damaged Item,High,6.43,5,0
T0000978,C001210,2024-03-01,Refund Request,Medium,5.17,5,1
T0000979,C001211,2025-04-16,Account Issue,Medium,14.39,3,0
T0000980,C001215,2024-03-15,Refund Request,Medium,22.89,5,1
T0000981,C001215,2025-11-25,Payment Issue,Medium,7.65,5,0
T0000982,C001218,2026-04-24,Refund Request,Low,4.51,5,1
T0000983,C001220,2024-09-04,Product Question,Medium,12.36,5,0
T0000984,C001220,2024-08-22,Delivery Delay,Medium,1.41,5,0
T0000985,C001224,2026-04-12,Refund Request,Medium,9.71,5,1
T0000986,C001227,2025-12-16,Delivery Delay,Medium,14.12,5,0
T0000987,C001228,2025-04-20,Wrong Item,Medium,7.07,4,0
T0000988,C001231,2025-01-09,Account Issue,High,5.68,4,0
T0000989,C001231,2026-02-22,Delivery Delay,Medium,59.41,4,0
T0000990,C001232,2026-02-16,Payment Issue,Medium,31.24,4,0
T0000991,C001234,2026-04-03,Account Issue,Medium,7.56,5,0
T0000992,C001235,2026-05-27,Account Issue,Low,21.44,4,0
T0000993,C001235,2026-04-30,Account Issue,Low,15.02,5,0
T0000994,C001235,2025-12-19,Product Question,Medium,9.25,5,0
T0000995,C001240,2026-02-25,Damaged Item,Low,42.65,4,0
T0000996,C001240,2025-08-11,Product Question,Medium,21.67,4,0
T0000997,C001241,2024-07-07,Refund Request,High,21.64,5,1
T0000998,C001241,2026-03-01,Damaged Item,Low,12.31,5,0
T0000999,C001244,2025-08-27,Account Issue,High,4.36,5,0
T0001000,C001245,2026-03-14,Refund Request,Low,67.88,3,1
T0001001,C001248,2026-05-02,Account Issue,Medium,9.91,3,0
T0001002,C001248,2026-05-29,Damaged Item,Medium,20.82,5,0
T0001003,C001249,2025-11-07,Damaged Item,Medium,4.7,5,0
T0001004,C001250,2026-03-20,Delivery Delay,Medium,7.6,5,0
T0001005,C001250,2026-05-19,Payment Issue,High,3.15,4,0
T0001006,C001251,2024-11-27,Product Question,Medium,5.25,4,0
T0001007,C001253,2026-03-17,Wrong Item,Low,18.94,4,0
T0001008,C001253,2026-03-05,Delivery Delay,Medium,6.2,4,0
T0001009,C001255,2025-11-04,Wrong Item,Medium,6.71,5,0
T0001010,C001257,2024-11-30,Damaged Item,Medium,16.74,4,0
T0001011,C001258,2026-05-02,Delivery Delay,Medium,23.23,5,0
T0001012,C001258,2026-05-14,Damaged Item,Low,36.1,5,1
T0001013,C001259,2025-08-14,Damaged Item,Medium,35.59,5,0
T0001014,C001266,2025-10-13,Refund Request,Medium,5.5,5,1
T0001015,C001267,2025-12-29,Refund Request,Medium,12.98,3,1
T0001016,C001268,2024-11-22,Product Question,Medium,21.39,4,0
T0001017,C001268,2024-10-25,Damaged Item,Medium,7.74,3,0
T0001018,C001268,2024-09-10,Delivery Delay,Low,12.61,4,0
T0001019,C001269,2025-05-07,Refund Request,Medium,15.63,5,1
T0001020,C001269,2024-02-27,Account Issue,Medium,5.36,5,0
T0001021,C001269,2026-01-08,Account Issue,Low,64.2,3,0
T0001022,C001270,2025-11-09,Wrong Item,Low,16.9,5,0
T0001023,C001271,2025-12-20,Payment Issue,Medium,38.93,4,0
T0001024,C001271,2024-12-29,Damaged Item,High,2.48,5,1
T0001025,C001274,2026-01-20,Delivery Delay,Medium,20.19,3,0
T0001026,C001277,2026-03-02,Damaged Item,Medium,43.54,4,0
T0001027,C001281,2026-01-24,Payment Issue,Medium,41.45,5,0
T0001028,C001282,2025-07-26,Product Question,Low,40.63,5,0
T0001029,C001282,2025-12-18,Product Question,Medium,12.23,5,0
T0001030,C001283,2024-05-04,Product Question,High,10.35,5,0
T0001031,C001284,2024-07-11,Delivery Delay,High,8.4,5,0
T0001032,C001284,2026-05-12,Product Question,Low,15.66,5,0
T0001033,C001284,2024-03-08,Delivery Delay,Medium,44.2,4,0
T0001034,C001284,2026-01-20,Refund Request,Medium,4.44,5,1
T0001035,C001286,2026-05-24,Account Issue,High,13.4,5,0
T0001036,C001286,2026-02-02,Product Question,High,11.27,5,0
T0001037,C001291,2025-10-10,Product Question,Medium,19.76,5,0
T0001038,C001291,2026-05-21,Delivery Delay,Low,3.43,5,0
T0001039,C001292,2025-04-23,Delivery Delay,Medium,15.2,5,0
T0001040,C001292,2024-12-16,Product Question,Medium,8.1,5,0
T0001041,C001293,2025-12-12,Damaged Item,Low,7.77,5,0
T0001042,C001294,2026-04-21,Product Question,Medium,8.81,5,0
T0001043,C001295,2026-03-26,Refund Request,Medium,43.14,3,1
T0001044,C001297,2024-05-02,Account Issue,Low,19.86,4,0
T0001045,C001298,2024-10-07,Damaged Item,Medium,19.79,5,0
T0001046,C001300,2026-02-08,Product Question,High,1.9,5,0
T0001047,C001303,2026-05-02,Account Issue,Medium,11.46,3,0
T0001048,C001307,2025-11-05,Wrong Item,Low,29.19,5,1
T0001049,C001310,2026-04-09,Damaged Item,Low,71.5,2,1
T0001050,C001312,2026-01-21,Wrong Item,Medium,12.88,5,1
T0001051,C001312,2025-11-24,Wrong Item,Medium,27.26,3,1
T0001052,C001314,2024-06-25,Account Issue,Low,11.9,5,0
T0001053,C001314,2026-02-09,Refund Request,Low,21.19,4,1
T0001054,C001317,2026-02-28,Account Issue,Medium,10.36,3,0
T0001055,C001317,2025-06-20,Damaged Item,High,4.56,4,1
T0001056,C001318,2026-05-31,Damaged Item,Low,35.23,5,0
T0001057,C001326,2024-02-18,Product Question,Low,26.55,4,0
T0001058,C001327,2026-05-09,Delivery Delay,Medium,25.54,5,0
T0001059,C001328,2026-04-23,Delivery Delay,Medium,12.18,4,0
T0001060,C001328,2025-10-24,Delivery Delay,Low,35.84,5,0
T0001061,C001330,2024-03-03,Product Question,Low,35.28,4,0
T0001062,C001331,2026-02-06,Damaged Item,Low,1.16,5,0
T0001063,C001334,2026-05-09,Refund Request,Medium,9.37,4,1
T0001064,C001336,2026-05-12,Product Question,Low,40.06,4,0
T0001065,C001336,2026-05-13,Account Issue,Medium,12.95,5,0
T0001066,C001339,2026-05-13,Refund Request,Medium,40.69,4,1
T0001067,C001343,2024-03-08,Damaged Item,Medium,1.7,5,0
T0001068,C001344,2026-05-26,Delivery Delay,Medium,17.49,4,0
T0001069,C001345,2025-03-13,Product Question,Low,74.57,5,0
T0001070,C001345,2025-09-02,Account Issue,High,4.88,4,0
T0001071,C001345,2024-10-28,Product Question,Medium,18.42,4,0
T0001072,C001345,2026-02-11,Product Question,Medium,13.05,5,0
T0001073,C001346,2026-04-05,Delivery Delay,Medium,15.65,4,0
T0001074,C001349,2024-12-29,Refund Request,Low,45.09,5,1
T0001075,C001349,2025-07-13,Damaged Item,Medium,18.76,4,0
T0001076,C001350,2025-11-07,Account Issue,High,3.23,4,0
T0001077,C001350,2025-08-08,Refund Request,Low,10.06,5,1
T0001078,C001350,2025-04-20,Delivery Delay,Medium,8.3,5,0
T0001079,C001352,2025-10-15,Account Issue,Low,69.28,5,0
T0001080,C001355,2025-09-10,Damaged Item,Medium,10.89,5,1
T0001081,C001356,2026-03-27,Product Question,Medium,5.17,5,0
T0001082,C001356,2025-11-30,Refund Request,Low,32.86,5,1
T0001083,C001361,2025-02-15,Delivery Delay,Medium,19.68,5,0
T0001084,C001362,2026-05-13,Refund Request,Low,55.0,3,1
T0001085,C001363,2024-10-15,Product Question,High,12.27,3,0
T0001086,C001363,2026-03-05,Wrong Item,Medium,36.91,5,1
T0001087,C001364,2025-05-31,Refund Request,Medium,5.36,5,1
T0001088,C001364,2024-07-30,Payment Issue,Medium,4.99,5,0
T0001089,C001367,2026-03-09,Damaged Item,Low,61.62,4,0
T0001090,C001369,2026-01-12,Delivery Delay,Medium,3.83,4,0
T0001091,C001370,2026-02-06,Product Question,Medium,11.66,4,0
T0001092,C001372,2024-06-25,Delivery Delay,Medium,15.9,5,0
T0001093,C001373,2026-02-22,Product Question,Low,109.79,3,0
T0001094,C001376,2026-03-19,Delivery Delay,Low,65.43,4,0
T0001095,C001376,2026-01-22,Account Issue,High,6.24,5,0
T0001096,C001377,2026-01-26,Refund Request,Low,14.99,5,1
T0001097,C001378,2025-10-31,Refund Request,Medium,9.22,5,1
T0001098,C001378,2024-09-19,Damaged Item,Medium,47.96,4,0
T0001099,C001379,2024-06-11,Refund Request,Low,13.61,3,1
T0001100,C001381,2024-05-23,Wrong Item,Medium,33.98,5,0
T0001101,C001384,2026-05-27,Refund Request,High,6.38,5,1
T0001102,C001384,2024-07-29,Account Issue,High,9.06,4,0
T0001103,C001389,2026-02-12,Delivery Delay,Medium,20.78,5,0
T0001104,C001390,2025-07-23,Payment Issue,High,5.85,5,0
T0001105,C001390,2026-02-07,Product Question,Low,62.03,5,0
T0001106,C001392,2024-08-29,Delivery Delay,Medium,2.16,5,0
T0001107,C001392,2025-06-28,Delivery Delay,Low,30.99,4,0
T0001108,C001392,2025-03-13,Product Question,Medium,26.2,5,0
T0001109,C001394,2025-03-21,Account Issue,Medium,1.2,5,0
T0001110,C001395,2025-11-21,Account Issue,Low,93.79,5,0
T0001111,C001398,2024-11-08,Damaged Item,Low,6.25,4,1
T0001112,C001400,2025-01-13,Wrong Item,Low,56.29,5,1
T0001113,C001401,2024-05-08,Account Issue,High,12.76,4,0
T0001114,C001403,2025-08-07,Wrong Item,Medium,28.1,5,0
T0001115,C001405,2024-12-15,Payment Issue,Medium,16.55,4,0
T0001116,C001406,2026-05-14,Refund Request,Medium,17.19,5,1
T0001117,C001407,2024-10-24,Damaged Item,Medium,35.01,5,0
T0001118,C001408,2024-01-03,Wrong Item,Low,17.69,5,1
T0001119,C001410,2025-11-19,Payment Issue,Low,15.73,5,0
T0001120,C001411,2024-11-08,Product Question,High,20.19,5,0
T0001121,C001412,2025-12-15,Account Issue,Low,19.12,5,0
T0001122,C001413,2024-07-10,Account Issue,Low,126.06,2,0
T0001123,C001418,2026-02-11,Product Question,Medium,32.47,5,0
T0001124,C001419,2025-09-09,Product Question,Medium,7.5,5,0
T0001125,C001421,2025-02-09,Wrong Item,Low,64.19,5,0
T0001126,C001421,2025-08-12,Damaged Item,High,14.38,5,0
T0001127,C001422,2026-04-23,Wrong Item,High,7.08,5,1
T0001128,C001423,2026-03-18,Payment Issue,High,22.43,4,0
T0001129,C001423,2024-11-28,Product Question,Medium,38.39,5,0
T0001130,C001426,2025-12-24,Damaged Item,Medium,8.92,5,0
T0001131,C001430,2024-02-15,Wrong Item,Low,12.55,4,0
T0001132,C001432,2025-08-29,Product Question,Medium,38.66,5,0
T0001133,C001433,2025-07-06,Product Question,High,4.71,4,0
T0001134,C001434,2026-04-25,Damaged Item,Medium,37.69,3,0
T0001135,C001435,2025-12-19,Delivery Delay,Medium,5.53,5,0
T0001136,C001435,2025-08-09,Account Issue,Low,44.05,5,0
T0001137,C001436,2025-12-05,Product Question,Low,15.31,5,0
T0001138,C001436,2024-10-05,Damaged Item,Medium,21.6,3,0
T0001139,C001439,2024-06-22,Product Question,High,8.16,4,0
T0001140,C001441,2025-11-03,Account Issue,Medium,19.94,4,0
T0001141,C001441,2024-04-10,Delivery Delay,Medium,11.73,4,0
T0001142,C001444,2026-05-07,Account Issue,Medium,18.9,5,0
T0001143,C001445,2025-09-13,Damaged Item,Low,8.97,5,0
T0001144,C001446,2025-10-31,Account Issue,Low,45.69,5,0
T0001145,C001446,2025-03-06,Payment Issue,Medium,30.17,4,0
T0001146,C001447,2025-08-11,Damaged Item,Low,25.38,5,1
T0001147,C001448,2024-04-08,Payment Issue,Medium,29.0,5,0
T0001148,C001448,2024-05-03,Damaged Item,Low,13.18,5,0
T0001149,C001449,2025-03-22,Refund Request,Low,15.95,4,1
T0001150,C001449,2024-02-02,Delivery Delay,High,3.41,5,0
T0001151,C001452,2025-10-05,Product Question,High,4.18,5,0
T0001152,C001453,2026-04-14,Refund Request,Medium,18.21,3,1
T0001153,C001453,2024-11-08,Delivery Delay,Medium,17.94,4,0
T0001154,C001453,2024-12-16,Refund Request,Medium,23.99,4,1
T0001155,C001455,2026-03-09,Product Question,Medium,4.42,5,0
T0001156,C001456,2024-08-14,Delivery Delay,Low,33.51,3,0
T0001157,C001457,2024-07-26,Delivery Delay,Low,62.97,4,0
T0001158,C001462,2024-02-29,Product Question,Low,19.31,4,0
T0001159,C001463,2024-07-13,Refund Request,Low,27.55,4,1
T0001160,C001466,2026-05-11,Refund Request,Low,22.21,5,1
T0001161,C001467,2025-04-15,Payment Issue,Low,97.84,2,0
T0001162,C001468,2025-12-14,Payment Issue,Low,76.84,5,0
T0001163,C001469,2025-02-19,Product Question,Low,94.26,2,0
T0001164,C001470,2024-06-11,Product Question,Medium,18.11,5,0
T0001165,C001470,2025-03-04,Refund Request,Low,56.61,4,1
T0001166,C001471,2025-06-16,Damaged Item,Medium,20.73,4,0
T0001167,C001473,2026-01-27,Refund Request,Medium,19.31,4,1
T0001168,C001479,2025-10-18,Product Question,Low,23.79,4,0
T0001169,C001482,2025-03-04,Refund Request,Low,49.36,5,1
T0001170,C001483,2025-09-14,Payment Issue,Low,57.93,5,0
T0001171,C001485,2024-01-24,Delivery Delay,Medium,18.21,5,0
T0001172,C001488,2025-04-24,Damaged Item,Low,7.23,4,1
T0001173,C001490,2025-12-23,Product Question,High,7.92,4,0
T0001174,C001490,2025-12-03,Damaged Item,Low,25.89,5,0
T0001175,C001494,2025-06-12,Damaged Item,Low,54.91,4,1
T0001176,C001496,2026-05-24,Refund Request,Medium,5.16,4,1
T0001177,C001497,2025-03-05,Damaged Item,Low,30.51,4,1
T0001178,C001501,2025-11-21,Damaged Item,Medium,24.95,5,1
T0001179,C001505,2025-09-05,Damaged Item,High,14.33,4,0
T0001180,C001505,2024-05-05,Wrong Item,Medium,7.32,5,1
T0001181,C001506,2024-05-09,Damaged Item,Medium,15.72,3,0
T0001182,C001507,2026-05-03,Payment Issue,Medium,15.29,5,0
T0001183,C001509,2026-03-21,Product Question,High,12.19,5,0
T0001184,C001509,2026-04-03,Damaged Item,Low,9.87,5,0
T0001185,C001510,2025-10-14,Delivery Delay,Medium,1.94,5,0
T0001186,C001511,2025-04-18,Delivery Delay,Medium,14.42,5,0
T0001187,C001511,2025-12-15,Product Question,Low,40.39,4,0
T0001188,C001516,2025-09-25,Delivery Delay,Medium,8.24,5,0
T0001189,C001517,2026-05-03,Payment Issue,High,1.73,5,0
T0001190,C001519,2026-05-16,Refund Request,Medium,21.6,4,1
T0001191,C001520,2024-01-05,Delivery Delay,Medium,29.45,5,0
T0001192,C001520,2026-04-01,Refund Request,Low,20.63,5,1
T0001193,C001522,2026-04-24,Wrong Item,Medium,14.51,5,0
T0001194,C001523,2024-12-12,Refund Request,Medium,45.79,5,1
T0001195,C001525,2025-09-05,Damaged Item,Medium,5.84,4,1
T0001196,C001525,2024-10-22,Refund Request,Medium,24.28,4,1
T0001197,C001525,2025-02-03,Product Question,Medium,40.2,5,0
T0001198,C001525,2026-04-25,Delivery Delay,Medium,18.67,4,0
T0001199,C001525,2026-02-04,Account Issue,Low,7.32,5,0
T0001200,C001526,2026-01-09,Product Question,Low,19.72,5,0
T0001201,C001526,2025-07-23,Product Question,Low,12.29,5,0
T0001202,C001530,2024-07-23,Delivery Delay,High,3.58,5,0
T0001203,C001530,2025-02-17,Product Question,Medium,8.39,5,0
T0001204,C001532,2026-02-09,Refund Request,Medium,12.42,5,1
T0001205,C001532,2024-11-19,Damaged Item,Medium,18.19,5,1
T0001206,C001532,2025-09-10,Account Issue,Medium,48.82,4,0
T0001207,C001532,2026-02-05,Product Question,Medium,12.3,4,0
T0001208,C001538,2025-05-29,Damaged Item,Medium,38.93,5,0
T0001209,C001540,2025-01-28,Product Question,Medium,8.29,5,0
T0001210,C001540,2025-04-08,Refund Request,High,20.81,4,1
T0001211,C001542,2024-04-10,Damaged Item,Low,60.63,4,1
T0001212,C001544,2025-09-29,Payment Issue,Low,18.95,5,0
T0001213,C001545,2024-05-11,Account Issue,Low,40.42,4,0
T0001214,C001545,2025-04-08,Delivery Delay,Medium,5.71,4,0
T0001215,C001546,2025-12-24,Refund Request,Low,8.95,4,1
T0001216,C001548,2025-03-20,Wrong Item,Low,9.04,5,0
T0001217,C001549,2026-03-26,Payment Issue,Medium,35.01,5,0
T0001218,C001550,2025-10-12,Delivery Delay,Low,52.3,5,0
T0001219,C001553,2025-09-20,Product Question,Low,9.7,5,0
T0001220,C001554,2026-04-26,Wrong Item,Medium,20.55,5,0
T0001221,C001554,2024-07-13,Refund Request,Medium,19.4,4,1
T0001222,C001555,2025-01-02,Product Question,Low,48.86,4,0
T0001223,C001555,2025-12-31,Delivery Delay,Medium,2.93,5,0
T0001224,C001555,2024-01-26,Delivery Delay,Medium,16.05,5,0
T0001225,C001556,2025-08-04,Refund Request,High,13.25,5,1
T0001226,C001556,2025-06-01,Refund Request,Medium,12.36,5,1
T0001227,C001558,2025-06-26,Product Question,Low,28.96,5,0
T0001228,C001558,2025-05-20,Damaged Item,Low,37.85,5,0
T0001229,C001559,2025-04-14,Account Issue,Medium,8.59,5,0
T0001230,C001559,2026-04-05,Delivery Delay,Medium,31.75,5,0
T0001231,C001559,2026-05-27,Product Question,Medium,23.2,5,0
T0001232,C001562,2025-04-12,Account Issue,Low,17.07,5,0
T0001233,C001564,2025-10-14,Delivery Delay,Medium,8.3,5,0
T0001234,C001568,2025-04-21,Product Question,High,3.56,5,0
T0001235,C001569,2024-10-05,Refund Request,Medium,3.7,5,1
T0001236,C001570,2025-07-18,Damaged Item,Medium,3.78,4,0
T0001237,C001572,2025-12-26,Refund Request,Low,61.15,3,1
T0001238,C001572,2026-04-17,Delivery Delay,Medium,35.51,5,0
T0001239,C001573,2025-11-11,Damaged Item,High,11.04,5,0
T0001240,C001576,2024-06-24,Wrong Item,Low,19.82,5,0
T0001241,C001578,2024-10-13,Product Question,High,4.95,5,0
T0001242,C001578,2025-03-18,Account Issue,Medium,15.62,4,0
T0001243,C001578,2024-12-18,Payment Issue,Medium,4.82,4,0
T0001244,C001580,2026-04-07,Product Question,Medium,10.89,4,0
T0001245,C001581,2026-01-25,Refund Request,Medium,11.3,5,1
T0001246,C001581,2026-02-05,Damaged Item,Low,17.11,5,0
T0001247,C001581,2025-07-16,Delivery Delay,Medium,6.31,5,0
T0001248,C001583,2025-12-14,Damaged Item,Low,21.18,5,1
T0001249,C001584,2025-01-01,Delivery Delay,High,7.69,5,0
T0001250,C001585,2025-05-26,Account Issue,Low,13.85,5,0
T0001251,C001588,2026-04-20,Account Issue,Medium,26.52,3,0
T0001252,C001588,2025-09-08,Payment Issue,Medium,7.16,5,0
T0001253,C001589,2025-10-10,Account Issue,High,8.82,5,0
T0001254,C001591,2025-02-08,Payment Issue,Low,34.28,4,0
T0001255,C001594,2024-04-21,Refund Request,Medium,15.74,5,1
T0001256,C001600,2025-10-14,Refund Request,Low,56.1,3,1
T0001257,C001600,2025-05-21,Refund Request,High,15.68,4,1
T0001258,C001600,2026-03-11,Payment Issue,Medium,18.9,5,0
T0001259,C001602,2025-12-12,Damaged Item,Medium,13.8,5,0
T0001260,C001602,2024-11-29,Refund Request,High,4.26,5,1
T0001261,C001602,2025-10-02,Damaged Item,High,3.44,4,0
T0001262,C001604,2025-06-30,Payment Issue,Low,18.68,5,0
T0001263,C001611,2024-11-26,Wrong Item,Low,7.41,5,1
T0001264,C001613,2025-12-10,Refund Request,Medium,34.36,5,1
T0001265,C001613,2025-05-20,Product Question,Medium,21.52,5,0
T0001266,C001613,2026-02-05,Damaged Item,High,22.15,5,0
T0001267,C001614,2026-04-18,Product Question,Low,80.1,4,0
T0001268,C001614,2026-05-12,Account Issue,Low,10.61,4,0
T0001269,C001614,2025-10-11,Account Issue,Medium,35.46,5,0
T0001270,C001615,2026-01-13,Product Question,Low,28.16,3,0
T0001271,C001617,2024-08-07,Refund Request,Medium,53.95,5,1
T0001272,C001617,2025-03-06,Damaged Item,High,11.74,4,1
T0001273,C001618,2025-04-11,Damaged Item,Medium,45.32,4,0
T0001274,C001618,2024-08-11,Damaged Item,Medium,10.24,5,0
T0001275,C001618,2024-09-12,Delivery Delay,Medium,7.63,4,0
T0001276,C001622,2024-04-30,Damaged Item,High,0.88,4,0
T0001277,C001624,2025-12-13,Damaged Item,Medium,29.87,3,0
T0001278,C001625,2025-11-26,Delivery Delay,High,13.45,5,0
T0001279,C001626,2025-03-29,Payment Issue,Low,21.51,5,0
T0001280,C001628,2024-05-16,Product Question,High,7.22,4,0
T0001281,C001628,2024-02-05,Damaged Item,Medium,22.71,3,0
T0001282,C001632,2024-01-14,Payment Issue,Medium,19.25,4,0
T0001283,C001636,2024-02-20,Delivery Delay,Medium,11.5,5,0
T0001284,C001636,2025-02-26,Product Question,High,21.23,5,0
T0001285,C001638,2025-10-20,Product Question,Medium,20.21,5,0
T0001286,C001642,2026-01-11,Delivery Delay,Medium,17.73,5,0
T0001287,C001643,2026-04-24,Refund Request,Medium,14.63,4,1
T0001288,C001644,2026-04-28,Delivery Delay,Low,20.89,5,0
T0001289,C001644,2026-04-29,Refund Request,High,6.6,5,1
T0001290,C001645,2025-08-29,Delivery Delay,High,4.46,5,0
T0001291,C001645,2025-06-24,Refund Request,Low,47.57,4,1
T0001292,C001646,2025-05-06,Damaged Item,Low,14.99,5,0
T0001293,C001646,2025-04-19,Account Issue,Medium,11.81,5,0
T0001294,C001648,2026-04-21,Damaged Item,Medium,12.66,5,0
T0001295,C001649,2025-11-04,Delivery Delay,Low,19.07,5,0
T0001296,C001653,2026-01-30,Payment Issue,Low,45.06,4,0
T0001297,C001656,2026-03-21,Wrong Item,Medium,2.17,5,0
T0001298,C001657,2026-01-02,Payment Issue,Low,33.77,5,0
T0001299,C001665,2026-03-21,Wrong Item,High,0.53,5,0
T0001300,C001666,2025-08-21,Damaged Item,High,4.6,5,0
T0001301,C001668,2025-09-15,Product Question,High,3.65,5,0
T0001302,C001668,2025-12-01,Delivery Delay,Low,53.69,5,0
T0001303,C001670,2025-11-26,Refund Request,Low,13.98,5,1
T0001304,C001671,2026-02-08,Damaged Item,Medium,20.41,5,1
T0001305,C001672,2025-12-19,Damaged Item,Low,41.02,4,0
T0001306,C001675,2025-04-09,Delivery Delay,Medium,12.96,5,0
T0001307,C001675,2024-11-04,Delivery Delay,Low,12.2,4,0
T0001308,C001675,2025-02-25,Damaged Item,Low,27.66,5,1
T0001309,C001676,2026-01-01,Refund Request,Low,23.79,4,1
T0001310,C001678,2026-03-23,Damaged Item,Medium,41.99,4,0
T0001311,C001679,2025-08-28,Account Issue,Medium,27.38,4,0
T0001312,C001682,2026-01-08,Payment Issue,Medium,24.91,5,0
T0001313,C001682,2025-08-12,Damaged Item,High,4.5,4,0
T0001314,C001683,2026-01-15,Damaged Item,Medium,3.19,5,0
T0001315,C001684,2025-11-25,Damaged Item,High,19.44,5,0
T0001316,C001687,2026-05-30,Delivery Delay,Low,32.96,3,0
T0001317,C001688,2025-12-13,Refund Request,Medium,6.31,4,1
T0001318,C001689,2024-11-28,Damaged Item,Medium,4.36,5,1
T0001319,C001689,2025-02-16,Product Question,Low,72.04,5,0
T0001320,C001690,2024-04-15,Refund Request,Low,14.47,5,1
T0001321,C001691,2025-07-16,Refund Request,Low,16.56,5,1
T0001322,C001692,2026-03-26,Refund Request,Medium,11.99,5,1
T0001323,C001692,2026-01-03,Account Issue,Medium,7.12,4,0
T0001324,C001693,2026-05-14,Payment Issue,Medium,19.52,4,0
T0001325,C001695,2024-10-05,Product Question,Medium,1.87,3,0
T0001326,C001695,2025-11-19,Refund Request,Medium,20.71,5,1
T0001327,C001697,2025-09-21,Damaged Item,High,21.18,5,1
T0001328,C001702,2025-09-21,Damaged Item,Medium,8.76,5,0
T0001329,C001704,2025-07-25,Damaged Item,Medium,18.54,5,0
T0001330,C001707,2026-02-27,Payment Issue,Low,70.09,2,0
T0001331,C001708,2025-05-10,Damaged Item,High,3.38,5,0
T0001332,C001709,2024-11-18,Account Issue,Medium,26.67,5,0
T0001333,C001709,2025-05-05,Product Question,Medium,29.05,5,0
T0001334,C001709,2026-05-11,Delivery Delay,Low,14.65,5,0
T0001335,C001710,2024-05-05,Delivery Delay,Low,6.47,5,0
T0001336,C001712,2024-01-24,Payment Issue,Medium,26.56,3,0
T0001337,C001715,2025-01-13,Refund Request,Medium,9.56,3,1
T0001338,C001717,2024-10-13,Payment Issue,Medium,11.19,5,0
T0001339,C001720,2024-12-26,Payment Issue,Medium,22.18,5,0
T0001340,C001721,2024-07-31,Refund Request,Medium,4.22,5,1
T0001341,C001721,2026-04-22,Delivery Delay,Medium,15.37,4,0
T0001342,C001721,2024-07-09,Refund Request,High,7.34,5,1
T0001343,C001722,2024-07-27,Wrong Item,Low,21.75,4,1
T0001344,C001723,2025-07-28,Product Question,Medium,1.52,5,0
T0001345,C001724,2025-07-19,Refund Request,Medium,8.6,4,1
T0001346,C001725,2025-03-04,Product Question,Low,44.08,4,0
T0001347,C001727,2025-11-12,Product Question,High,3.28,5,0
T0001348,C001727,2024-11-18,Account Issue,Low,9.03,5,0
T0001349,C001728,2026-05-18,Damaged Item,High,12.81,4,0
T0001350,C001729,2025-06-28,Refund Request,High,12.27,5,1
T0001351,C001730,2024-05-12,Account Issue,Medium,12.18,4,0
T0001352,C001730,2024-08-11,Delivery Delay,Medium,11.61,5,0
T0001353,C001730,2025-06-18,Payment Issue,Medium,5.87,5,0
T0001354,C001730,2025-01-02,Refund Request,Medium,2.98,4,1
T0001355,C001730,2026-01-31,Product Question,Low,83.51,5,0
T0001356,C001731,2026-03-24,Account Issue,Medium,12.5,4,0
T0001357,C001731,2026-03-04,Wrong Item,Low,41.1,3,1
T0001358,C001731,2026-03-22,Account Issue,Medium,24.54,3,0
T0001359,C001731,2026-05-09,Product Question,Medium,25.21,4,0
T0001360,C001732,2024-12-31,Damaged Item,Medium,26.47,4,1
T0001361,C001733,2025-10-07,Refund Request,Low,18.6,4,1
T0001362,C001736,2025-10-03,Damaged Item,Low,60.19,4,0
T0001363,C001739,2025-01-11,Refund Request,Low,77.34,3,1
T0001364,C001739,2025-10-28,Wrong Item,Medium,12.84,4,0
T0001365,C001740,2026-02-27,Account Issue,Low,9.33,5,0
T0001366,C001742,2026-05-20,Delivery Delay,Low,19.22,5,0
T0001367,C001742,2026-01-14,Product Question,Low,28.83,5,0
T0001368,C001742,2024-03-09,Payment Issue,Medium,16.72,5,0
T0001369,C001743,2026-03-24,Damaged Item,Low,16.13,5,1
T0001370,C001743,2026-05-31,Damaged Item,Medium,7.25,5,0
T0001371,C001747,2024-11-25,Wrong Item,Low,29.05,5,0
T0001372,C001749,2025-07-07,Wrong Item,High,4.98,4,0
T0001373,C001749,2025-09-21,Damaged Item,Medium,12.05,5,0
T0001374,C001754,2026-02-16,Account Issue,Medium,14.77,5,0
T0001375,C001755,2026-03-18,Damaged Item,Low,42.61,4,1
T0001376,C001760,2026-02-24,Wrong Item,High,8.05,5,0
T0001377,C001761,2026-05-02,Delivery Delay,Low,35.92,3,0
T0001378,C001762,2025-12-13,Refund Request,Low,21.49,4,1
T0001379,C001763,2025-08-30,Damaged Item,High,15.14,4,1
T0001380,C001765,2026-04-30,Refund Request,Medium,17.18,4,1
T0001381,C001765,2026-04-24,Account Issue,High,11.51,3,0
T0001382,C001765,2026-05-17,Damaged Item,Low,52.35,5,0
T0001383,C001766,2026-05-13,Product Question,High,3.63,5,0
T0001384,C001775,2026-03-19,Payment Issue,Low,26.87,3,0
T0001385,C001776,2026-01-17,Wrong Item,Medium,14.45,5,0
T0001386,C001776,2026-05-22,Refund Request,Medium,20.83,5,1
T0001387,C001785,2025-02-02,Product Question,High,4.03,5,0
T0001388,C001786,2026-05-27,Payment Issue,Low,13.55,4,0
T0001389,C001787,2025-12-31,Damaged Item,Medium,38.32,5,1
T0001390,C001790,2026-01-15,Wrong Item,High,3.96,4,0
T0001391,C001791,2026-03-21,Damaged Item,Medium,8.46,5,1
T0001392,C001791,2026-04-04,Wrong Item,Low,26.2,5,0
T0001393,C001792,2026-02-24,Delivery Delay,Medium,25.8,4,0
T0001394,C001801,2024-06-09,Damaged Item,Medium,7.98,5,1
T0001395,C001801,2024-04-02,Refund Request,Medium,54.49,4,1
T0001396,C001803,2025-12-04,Delivery Delay,Medium,10.22,4,0
T0001397,C001803,2024-10-03,Wrong Item,Low,39.98,3,0
T0001398,C001804,2025-06-07,Delivery Delay,Medium,15.23,5,0
T0001399,C001806,2026-03-07,Payment Issue,Medium,27.44,4,0
T0001400,C001806,2026-03-29,Delivery Delay,Low,38.24,4,0
T0001401,C001808,2025-08-22,Delivery Delay,Low,34.5,4,0
T0001402,C001808,2026-04-23,Product Question,Medium,20.99,4,0
T0001403,C001808,2025-05-05,Refund Request,Medium,14.87,4,1
T0001404,C001809,2025-03-24,Product Question,High,13.44,5,0
T0001405,C001809,2025-11-09,Account Issue,Low,6.79,5,0
T0001406,C001810,2025-10-07,Product Question,Medium,24.18,5,0
T0001407,C001811,2024-07-23,Product Question,Low,28.2,4,0
T0001408,C001811,2025-08-02,Refund Request,Medium,30.52,4,1
T0001409,C001817,2026-03-15,Refund Request,Medium,11.39,5,1
T0001410,C001820,2026-04-09,Delivery Delay,Medium,23.7,4,0
T0001411,C001825,2026-05-05,Damaged Item,Medium,14.42,5,0
T0001412,C001826,2026-01-09,Product Question,Low,12.38,4,0
T0001413,C001826,2026-01-23,Delivery Delay,Low,19.09,4,0
T0001414,C001830,2025-02-15,Damaged Item,High,11.52,5,1
T0001415,C001834,2025-06-24,Product Question,Low,14.99,5,0
T0001416,C001834,2025-03-14,Account Issue,High,15.01,4,0
T0001417,C001835,2026-02-23,Damaged Item,Low,9.59,4,1
T0001418,C001835,2025-09-18,Product Question,High,2.14,4,0
T0001419,C001835,2025-05-22,Product Question,Medium,7.08,4,0
T0001420,C001837,2024-10-24,Wrong Item,Medium,8.3,5,1
T0001421,C001837,2025-12-22,Damaged Item,Medium,9.33,5,1
T0001422,C001838,2026-03-18,Wrong Item,High,20.88,4,1
T0001423,C001840,2026-03-01,Account Issue,Low,28.6,4,0
T0001424,C001840,2026-01-02,Product Question,Medium,6.0,5,0
T0001425,C001841,2024-12-20,Delivery Delay,High,4.89,4,0
T0001426,C001841,2024-10-29,Product Question,High,10.53,5,0
T0001427,C001843,2025-06-22,Account Issue,Medium,2.56,5,0
T0001428,C001843,2025-06-23,Account Issue,Medium,23.6,5,0
T0001429,C001843,2025-12-03,Damaged Item,Low,26.16,4,0
T0001430,C001845,2025-03-03,Damaged Item,Medium,26.21,3,0
T0001431,C001846,2025-01-22,Account Issue,Medium,11.9,5,0
T0001432,C001846,2026-04-27,Damaged Item,High,2.75,5,0
T0001433,C001849,2026-05-23,Account Issue,Medium,2.6,5,0
T0001434,C001849,2024-11-18,Account Issue,Medium,18.27,5,0
T0001435,C001855,2025-05-20,Wrong Item,Medium,29.39,4,0
T0001436,C001855,2026-04-01,Product Question,Low,26.47,5,0
T0001437,C001858,2025-12-07,Payment Issue,Medium,26.97,5,0
T0001438,C001860,2025-09-18,Refund Request,Medium,24.58,5,1
T0001439,C001861,2026-05-01,Product Question,High,11.87,5,0
T0001440,C001862,2025-03-08,Refund Request,Medium,20.49,5,1
T0001441,C001865,2024-12-29,Delivery Delay,Medium,41.04,3,0
T0001442,C001867,2025-09-01,Delivery Delay,Medium,0.92,5,0
T0001443,C001867,2025-03-27,Wrong Item,Low,27.27,5,0
T0001444,C001868,2025-11-28,Delivery Delay,Medium,15.63,5,0
T0001445,C001868,2024-09-13,Account Issue,Low,24.12,4,0
T0001446,C001869,2025-09-19,Damaged Item,Medium,57.59,5,1
T0001447,C001869,2025-08-31,Refund Request,High,4.59,4,1
T0001448,C001873,2024-01-01,Delivery Delay,Medium,18.09,5,0
T0001449,C001873,2024-03-15,Delivery Delay,Medium,33.29,3,0
T0001450,C001875,2025-10-18,Delivery Delay,Medium,1.66,5,0
T0001451,C001876,2025-01-31,Wrong Item,Medium,6.2,5,1
T0001452,C001877,2026-01-22,Damaged Item,Medium,9.99,5,0
T0001453,C001881,2025-06-18,Product Question,Low,21.09,5,0
T0001454,C001884,2025-05-21,Damaged Item,Low,18.62,4,0
T0001455,C001884,2025-10-10,Delivery Delay,Medium,37.21,5,0
T0001456,C001885,2025-08-21,Refund Request,Low,14.91,5,1
T0001457,C001885,2025-07-13,Wrong Item,Low,29.28,3,0
T0001458,C001886,2026-04-26,Payment Issue,Low,17.35,5,0
T0001459,C001886,2026-03-20,Product Question,High,8.2,5,0
T0001460,C001886,2026-04-17,Payment Issue,High,5.55,5,0
T0001461,C001888,2025-02-14,Delivery Delay,Low,10.83,4,0
T0001462,C001891,2025-12-30,Wrong Item,Low,26.82,5,0
T0001463,C001891,2025-04-13,Refund Request,High,4.04,5,1
T0001464,C001895,2025-08-28,Wrong Item,Medium,14.17,5,1
T0001465,C001896,2025-09-24,Refund Request,Medium,10.12,4,1
T0001466,C001897,2025-09-05,Product Question,Medium,28.85,4,0
T0001467,C001897,2025-04-08,Refund Request,Low,15.72,5,1
T0001468,C001897,2024-01-13,Damaged Item,Medium,32.47,5,0
T0001469,C001898,2026-04-29,Product Question,Low,9.43,5,0
T0001470,C001899,2025-05-23,Product Question,High,7.35,3,0
T0001471,C001901,2026-04-28,Product Question,High,8.04,4,0
T0001472,C001903,2025-11-02,Account Issue,High,4.54,5,0
T0001473,C001908,2025-09-25,Damaged Item,Medium,29.94,5,0
T0001474,C001912,2025-01-11,Damaged Item,High,9.36,5,1
T0001475,C001912,2026-03-12,Account Issue,Medium,22.3,5,0
T0001476,C001913,2026-05-07,Damaged Item,Medium,55.86,5,0
T0001477,C001914,2025-10-16,Delivery Delay,Low,40.31,5,0
T0001478,C001916,2025-10-13,Account Issue,Low,34.0,5,0
T0001479,C001916,2024-12-15,Account Issue,Medium,10.84,3,0
T0001480,C001916,2026-01-30,Wrong Item,Low,14.76,5,1
T0001481,C001917,2025-03-10,Product Question,Medium,27.85,4,0
T0001482,C001918,2025-05-17,Wrong Item,Medium,22.49,5,1
T0001483,C001919,2024-07-13,Product Question,High,4.59,4,0
T0001484,C001919,2025-07-19,Delivery Delay,Medium,4.03,4,0
T0001485,C001921,2025-11-08,Account Issue,High,5.77,5,0
T0001486,C001922,2025-02-26,Delivery Delay,Medium,14.09,5,0
T0001487,C001924,2025-10-02,Payment Issue,Low,27.75,4,0
T0001488,C001924,2025-02-02,Account Issue,Low,64.9,4,0
T0001489,C001925,2026-01-01,Account Issue,Medium,14.0,5,0
T0001490,C001925,2026-03-17,Refund Request,Low,18.69,5,1
T0001491,C001926,2024-05-25,Product Question,Low,33.69,3,0
T0001492,C001927,2024-01-30,Damaged Item,Low,26.98,3,0
T0001493,C001927,2025-05-03,Product Question,Medium,18.84,5,0
T0001494,C001929,2025-09-14,Refund Request,Low,47.7,5,1
T0001495,C001929,2025-12-03,Product Question,High,2.56,5,0
T0001496,C001931,2025-04-30,Refund Request,Medium,17.5,5,1
T0001497,C001932,2024-07-11,Product Question,Medium,25.62,4,0
T0001498,C001932,2025-07-29,Product Question,Low,3.7,5,0
T0001499,C001933,2025-04-19,Delivery Delay,High,10.72,5,0
T0001500,C001933,2026-02-11,Account Issue,Low,28.03,5,0
T0001501,C001933,2026-04-01,Refund Request,High,4.66,5,1
T0001502,C001935,2025-04-10,Refund Request,Low,30.4,4,1
T0001503,C001937,2026-03-30,Refund Request,Low,22.52,4,1
T0001504,C001939,2025-01-23,Damaged Item,Medium,3.02,4,0
T0001505,C001939,2024-06-23,Product Question,Low,70.77,3,0
T0001506,C001940,2024-12-09,Damaged Item,High,3.28,5,0
T0001507,C001941,2026-05-20,Delivery Delay,Low,6.24,5,0
T0001508,C001942,2025-08-05,Refund Request,Medium,44.58,5,1
T0001509,C001947,2025-01-05,Product Question,Medium,9.64,4,0
T0001510,C001948,2024-03-06,Damaged Item,Low,9.96,4,1
T0001511,C001948,2025-09-26,Account Issue,High,4.93,5,0
T0001512,C001948,2025-07-09,Account Issue,Low,25.46,5,0
T0001513,C001948,2024-12-29,Damaged Item,Medium,19.58,5,0
T0001514,C001948,2025-04-28,Product Question,Low,29.36,2,0
T0001515,C001952,2025-04-22,Account Issue,Low,56.6,2,0
T0001516,C001952,2024-03-02,Damaged Item,High,3.67,5,0
T0001517,C001953,2026-02-26,Damaged Item,Medium,13.59,5,0
T0001518,C001954,2026-05-29,Account Issue,Medium,2.88,5,0
T0001519,C001954,2025-08-30,Payment Issue,Low,35.18,4,0
T0001520,C001955,2026-03-12,Damaged Item,Medium,17.65,4,0
T0001521,C001955,2025-06-16,Refund Request,Low,20.09,5,1
T0001522,C001958,2024-03-24,Refund Request,Low,28.43,4,1
T0001523,C001960,2025-01-12,Refund Request,Low,90.94,4,1
T0001524,C001962,2024-03-04,Product Question,Low,17.78,5,0
T0001525,C001964,2026-04-01,Product Question,Medium,11.34,5,0
T0001526,C001964,2026-04-25,Product Question,Medium,1.92,5,0
T0001527,C001965,2024-08-24,Damaged Item,High,13.48,4,0
T0001528,C001967,2025-07-30,Account Issue,High,17.77,4,0
T0001529,C001968,2025-09-01,Delivery Delay,Low,41.96,5,0
T0001530,C001970,2026-01-18,Account Issue,Low,25.72,5,0
T0001531,C001970,2026-04-03,Refund Request,Medium,5.04,4,1
T0001532,C001975,2025-09-29,Product Question,Low,18.98,5,0
T0001533,C001977,2025-07-10,Account Issue,Medium,10.38,4,0
T0001534,C001977,2025-07-24,Wrong Item,Medium,16.07,4,0
T0001535,C001979,2026-03-15,Refund Request,Medium,17.3,4,1
T0001536,C001979,2026-01-19,Refund Request,Medium,16.88,5,1
T0001537,C001979,2025-03-06,Delivery Delay,Medium,17.5,5,0
T0001538,C001981,2024-12-05,Refund Request,Medium,39.99,5,1
T0001539,C001981,2024-11-15,Account Issue,High,18.76,5,0
T0001540,C001981,2025-09-16,Delivery Delay,High,6.18,5,0
T0001541,C001983,2024-11-26,Product Question,Medium,18.48,4,0
T0001542,C001985,2025-04-23,Wrong Item,Medium,26.33,5,0
T0001543,C001987,2025-10-29,Delivery Delay,Low,6.3,5,0
T0001544,C001988,2024-09-15,Payment Issue,Low,15.48,2,0
T0001545,C001988,2025-03-21,Damaged Item,Low,18.32,5,0
T0001546,C001990,2025-11-09,Wrong Item,Low,32.45,4,0
T0001547,C001991,2026-04-27,Product Question,Medium,14.22,4,0
T0001548,C001991,2026-05-24,Delivery Delay,Medium,22.66,5,0
T0001549,C001992,2024-12-17,Damaged Item,Medium,19.11,5,0
T0001550,C001993,2026-04-26,Product Question,Low,62.96,4,0
T0001551,C001993,2026-04-18,Product Question,Low,41.29,4,0
T0001552,C001996,2024-03-03,Product Question,Low,7.9,5,0
T0001553,C001996,2024-12-02,Product Question,Medium,9.78,4,0
T0001554,C001998,2025-08-23,Wrong Item,Low,22.98,5,0
T0001555,C001999,2024-10-25,Delivery Delay,Medium,10.94,4,0
T0001556,C001999,2024-03-29,Account Issue,High,6.87,5,0
T0001557,C002001,2025-10-13,Payment Issue,Low,21.28,5,0
T0001558,C002001,2025-09-01,Product Question,Medium,19.52,4,0
T0001559,C002002,2025-09-08,Damaged Item,Low,38.33,5,0
T0001560,C002003,2024-05-12,Refund Request,Medium,19.42,5,1
T0001561,C002003,2024-02-21,Delivery Delay,Medium,12.38,4,0
T0001562,C002006,2024-06-01,Refund Request,Medium,15.75,5,1
T0001563,C002006,2024-07-29,Account Issue,Medium,13.47,4,0
T0001564,C002008,2024-02-27,Refund Request,Low,6.14,5,1
T0001565,C002009,2025-05-29,Damaged Item,Medium,29.76,3,0
T0001566,C002010,2025-08-17,Account Issue,Low,32.47,4,0
T0001567,C002010,2024-10-28,Product Question,Medium,8.57,5,0
T0001568,C002011,2025-09-24,Delivery Delay,Medium,17.35,4,0
T0001569,C002015,2025-12-31,Payment Issue,Low,16.21,4,0
T0001570,C002015,2024-04-25,Delivery Delay,Medium,25.48,5,0
T0001571,C002021,2026-02-28,Wrong Item,High,8.8,4,0
T0001572,C002023,2024-07-30,Delivery Delay,Medium,1.73,4,0
T0001573,C002024,2024-12-15,Product Question,Medium,8.6,5,0
T0001574,C002026,2025-08-14,Wrong Item,Low,45.05,5,0
T0001575,C002027,2024-04-19,Account Issue,Low,2.32,5,0
T0001576,C002029,2025-07-01,Product Question,High,9.05,5,0
T0001577,C002029,2025-11-21,Refund Request,Low,27.97,5,1
T0001578,C002031,2026-05-03,Account Issue,Medium,11.92,5,0
T0001579,C002031,2026-03-15,Damaged Item,High,8.69,5,0
T0001580,C002037,2026-02-11,Refund Request,Medium,11.11,5,1
T0001581,C002038,2024-12-14,Wrong Item,Medium,23.99,5,1
T0001582,C002038,2025-05-29,Payment Issue,Low,17.13,3,0
T0001583,C002038,2026-05-21,Damaged Item,Low,22.72,5,0
T0001584,C002039,2025-02-02,Product Question,High,6.77,5,0
T0001585,C002043,2026-04-20,Product Question,Low,30.34,4,0
T0001586,C002045,2026-02-09,Refund Request,Low,22.08,5,1
T0001587,C002046,2025-03-24,Damaged Item,High,16.01,5,0
T0001588,C002050,2024-07-20,Damaged Item,Medium,9.12,4,0
T0001589,C002051,2024-10-06,Account Issue,Medium,41.87,4,0
T0001590,C002051,2025-04-15,Product Question,Medium,13.85,5,0
T0001591,C002057,2026-02-03,Account Issue,Medium,19.83,4,0
T0001592,C002059,2025-10-27,Wrong Item,Medium,21.97,5,0
T0001593,C002061,2026-03-15,Payment Issue,Low,19.02,5,0
T0001594,C002063,2026-05-18,Damaged Item,Medium,39.0,4,0
T0001595,C002064,2025-11-06,Refund Request,Low,28.41,4,1
T0001596,C002065,2026-05-02,Product Question,High,7.36,5,0
T0001597,C002067,2026-04-22,Wrong Item,Medium,9.06,5,1
T0001598,C002068,2025-10-30,Product Question,Low,2.96,4,0
T0001599,C002068,2024-01-01,Damaged Item,Low,29.39,4,1
T0001600,C002070,2026-05-17,Delivery Delay,Medium,25.34,4,0
T0001601,C002071,2025-05-20,Account Issue,Medium,40.9,4,0
T0001602,C002071,2026-02-24,Account Issue,Medium,12.05,5,0
T0001603,C002072,2026-04-16,Wrong Item,Medium,37.83,5,1
T0001604,C002072,2026-04-11,Delivery Delay,Low,0.5,5,0
T0001605,C002073,2026-05-03,Account Issue,Medium,12.52,5,0
T0001606,C002076,2025-04-17,Refund Request,Low,66.45,4,1
T0001607,C002077,2025-09-24,Damaged Item,Medium,13.08,5,1
T0001608,C002079,2026-01-10,Damaged Item,Low,45.69,5,0
T0001609,C002085,2025-09-16,Refund Request,Medium,6.95,4,1
T0001610,C002085,2025-10-24,Delivery Delay,Low,18.23,4,0
T0001611,C002086,2026-03-22,Refund Request,Medium,27.3,5,1
T0001612,C002086,2026-05-07,Refund Request,Low,2.48,5,1
T0001613,C002087,2025-12-02,Refund Request,Medium,51.5,4,1
T0001614,C002088,2025-06-02,Damaged Item,Medium,15.51,5,0
T0001615,C002088,2025-12-01,Account Issue,Medium,25.98,5,0
T0001616,C002088,2025-12-30,Refund Request,Medium,7.84,5,1
T0001617,C002088,2026-05-17,Product Question,Medium,25.91,4,0
T0001618,C002089,2026-05-31,Product Question,Low,8.17,4,0
T0001619,C002089,2025-03-17,Refund Request,Low,31.15,5,1
T0001620,C002090,2025-08-16,Damaged Item,Medium,13.99,4,1
T0001621,C002090,2024-12-25,Product Question,High,3.25,4,0
T0001622,C002091,2026-05-15,Account Issue,Low,26.15,3,0
T0001623,C002091,2025-09-03,Account Issue,Low,38.79,4,0
T0001624,C002093,2026-05-13,Refund Request,Low,14.93,4,1
T0001625,C002096,2024-09-27,Refund Request,Low,51.24,5,1
T0001626,C002098,2026-03-30,Account Issue,Medium,38.38,5,0
T0001627,C002099,2025-05-02,Delivery Delay,Low,41.86,3,0
T0001628,C002099,2025-06-22,Product Question,Medium,7.65,5,0
T0001629,C002100,2025-09-14,Account Issue,Low,14.88,4,0
T0001630,C002103,2025-02-22,Wrong Item,Low,9.61,4,1
T0001631,C002103,2025-03-23,Product Question,Medium,34.85,3,0
T0001632,C002104,2025-09-13,Product Question,High,2.5,5,0
T0001633,C002104,2025-05-02,Refund Request,Medium,20.63,5,1
T0001634,C002106,2026-05-23,Wrong Item,Low,14.34,5,0
T0001635,C002106,2025-12-02,Product Question,Low,20.04,5,0
T0001636,C002108,2025-06-25,Wrong Item,Medium,7.02,5,0
T0001637,C002109,2025-10-22,Product Question,Medium,4.03,5,0
T0001638,C002110,2026-04-12,Refund Request,Medium,25.17,5,1
T0001639,C002110,2026-05-06,Wrong Item,High,11.97,4,1
T0001640,C002111,2025-04-17,Payment Issue,Low,21.74,5,0
T0001641,C002112,2026-05-02,Payment Issue,Low,11.47,5,0
T0001642,C002118,2026-01-03,Product Question,Low,53.11,5,0
T0001643,C002118,2025-11-24,Product Question,Medium,10.59,5,0
T0001644,C002119,2025-06-28,Wrong Item,Low,45.0,4,0
T0001645,C002120,2026-05-30,Wrong Item,High,2.71,5,0
T0001646,C002121,2025-11-25,Refund Request,Medium,12.56,5,1
T0001647,C002122,2026-02-28,Refund Request,Low,46.52,5,1
T0001648,C002122,2025-12-31,Refund Request,Medium,72.43,5,1
T0001649,C002122,2026-01-09,Damaged Item,High,6.87,5,1
T0001650,C002124,2025-12-21,Payment Issue,Medium,10.4,5,0
T0001651,C002126,2026-01-13,Payment Issue,Medium,48.14,4,0
T0001652,C002131,2026-05-01,Product Question,Medium,3.63,4,0
T0001653,C002131,2025-06-02,Delivery Delay,Medium,22.87,4,0
T0001654,C002132,2026-04-11,Payment Issue,Low,8.77,5,0
T0001655,C002135,2024-10-07,Account Issue,Medium,7.06,5,0
T0001656,C002135,2025-12-14,Product Question,Medium,17.23,5,0
T0001657,C002136,2026-05-02,Product Question,High,10.55,5,0
T0001658,C002138,2024-05-04,Damaged Item,Medium,15.85,4,0
T0001659,C002140,2025-12-18,Refund Request,Low,28.03,5,1
T0001660,C002142,2026-05-02,Product Question,Low,16.46,4,0
T0001661,C002142,2025-01-14,Refund Request,Medium,24.5,5,1
T0001662,C002145,2025-09-15,Product Question,Medium,4.69,5,0
T0001663,C002145,2024-07-05,Wrong Item,Low,42.89,4,0
T0001664,C002148,2026-01-15,Damaged Item,Low,58.18,4,0
T0001665,C002149,2026-01-22,Product Question,Medium,38.05,5,0
T0001666,C002152,2026-04-22,Product Question,Medium,1.16,4,0
T0001667,C002155,2025-08-01,Damaged Item,Low,24.98,3,0
T0001668,C002156,2025-12-05,Wrong Item,Medium,31.06,3,0
T0001669,C002156,2024-09-14,Payment Issue,Low,33.92,4,0
T0001670,C002159,2025-11-18,Refund Request,Medium,3.05,5,1
T0001671,C002159,2025-07-22,Delivery Delay,High,4.04,5,0
T0001672,C002161,2025-10-24,Account Issue,High,1.76,5,0
T0001673,C002162,2025-01-11,Product Question,Medium,11.71,5,0
T0001674,C002166,2026-05-12,Product Question,Medium,4.01,5,0
T0001675,C002167,2025-07-21,Damaged Item,Medium,30.56,4,1
T0001676,C002167,2024-04-29,Refund Request,High,13.25,4,1
T0001677,C002168,2026-04-04,Delivery Delay,High,14.88,4,0
T0001678,C002169,2024-10-30,Damaged Item,Medium,14.04,5,0
T0001679,C002169,2024-12-23,Refund Request,Medium,10.16,5,1
T0001680,C002169,2024-03-10,Account Issue,Medium,10.61,5,0
T0001681,C002169,2024-11-06,Product Question,Low,80.29,4,0
T0001682,C002172,2025-11-24,Delivery Delay,Low,26.71,4,0
T0001683,C002174,2025-09-08,Product Question,High,11.78,5,0
T0001684,C002180,2024-10-04,Payment Issue,Low,25.17,4,0
T0001685,C002183,2025-10-14,Product Question,Medium,31.71,5,0
T0001686,C002183,2026-02-22,Account Issue,Medium,3.1,5,0
T0001687,C002187,2025-11-10,Damaged Item,Low,15.62,4,0
T0001688,C002188,2026-05-04,Wrong Item,High,10.95,5,0
T0001689,C002188,2026-02-09,Delivery Delay,Low,22.26,4,0
T0001690,C002188,2026-03-06,Damaged Item,Medium,34.52,5,1
T0001691,C002189,2024-01-23,Damaged Item,Low,37.56,4,1
T0001692,C002190,2026-01-17,Damaged Item,Low,19.79,4,0
T0001693,C002190,2026-03-13,Damaged Item,Low,7.78,5,0
T0001694,C002191,2026-05-19,Payment Issue,Medium,5.28,5,0
T0001695,C002193,2025-08-01,Product Question,High,11.11,5,0
T0001696,C002193,2025-10-21,Refund Request,Medium,64.6,4,1
T0001697,C002193,2025-09-13,Damaged Item,Medium,21.68,4,0
T0001698,C002196,2026-05-11,Damaged Item,Low,26.35,3,1
T0001699,C002196,2026-05-21,Damaged Item,Medium,9.07,5,0
T0001700,C002196,2026-05-23,Refund Request,Low,20.13,5,1
T0001701,C002200,2025-03-05,Product Question,Low,12.75,5,0
T0001702,C002200,2024-04-08,Product Question,Medium,25.76,4,0
T0001703,C002203,2025-09-24,Delivery Delay,Medium,17.75,5,0
T0001704,C002203,2025-08-10,Account Issue,High,7.71,4,0
T0001705,C002205,2026-03-23,Delivery Delay,Medium,19.5,5,0
T0001706,C002207,2026-04-11,Damaged Item,High,31.09,4,0
T0001707,C002209,2026-05-31,Payment Issue,Low,25.88,5,0
T0001708,C002211,2026-05-20,Payment Issue,Low,51.58,4,0
T0001709,C002211,2025-07-17,Payment Issue,Medium,52.94,5,0
T0001710,C002215,2026-05-19,Delivery Delay,Medium,10.04,5,0
T0001711,C002215,2024-05-13,Product Question,Medium,15.22,5,0
T0001712,C002216,2026-05-02,Delivery Delay,Medium,12.67,4,0
T0001713,C002219,2024-11-28,Payment Issue,Medium,2.93,4,0
T0001714,C002220,2026-04-29,Product Question,Low,6.37,5,0
T0001715,C002221,2025-07-26,Delivery Delay,Low,59.67,4,0
T0001716,C002223,2026-03-26,Delivery Delay,Medium,20.76,5,0
T0001717,C002223,2024-12-20,Damaged Item,High,24.14,4,0
T0001718,C002224,2025-05-24,Product Question,Medium,0.5,4,0
T0001719,C002226,2025-05-28,Refund Request,Medium,19.09,5,1
T0001720,C002226,2025-01-30,Damaged Item,Low,13.53,5,1
T0001721,C002229,2025-10-10,Damaged Item,Low,3.25,5,1
T0001722,C002229,2025-01-23,Product Question,Medium,5.96,5,0
T0001723,C002229,2025-10-03,Payment Issue,Medium,14.21,4,0
T0001724,C002230,2025-04-06,Product Question,Medium,7.74,5,0
T0001725,C002231,2025-07-25,Product Question,Medium,5.29,5,0
T0001726,C002232,2024-08-17,Account Issue,High,5.11,5,0
T0001727,C002233,2025-06-28,Product Question,High,14.16,5,0
T0001728,C002233,2025-12-07,Payment Issue,Low,8.79,5,0
T0001729,C002233,2025-10-19,Refund Request,High,3.58,4,1
T0001730,C002234,2026-05-03,Delivery Delay,Medium,27.76,4,0
T0001731,C002237,2024-03-05,Account Issue,High,4.94,5,0
T0001732,C002237,2024-02-18,Product Question,Medium,12.8,5,0
T0001733,C002237,2025-06-13,Delivery Delay,Low,17.22,4,0
T0001734,C002238,2025-08-19,Damaged Item,Medium,9.36,5,1
T0001735,C002239,2025-02-23,Refund Request,Medium,18.8,5,1
T0001736,C002241,2025-06-23,Delivery Delay,Low,24.38,4,0
T0001737,C002241,2026-01-30,Refund Request,Medium,39.67,5,1
T0001738,C002241,2025-07-15,Account Issue,Medium,1.99,5,0
T0001739,C002242,2024-06-19,Refund Request,Low,97.91,3,1
T0001740,C002242,2025-03-30,Payment Issue,Low,47.42,4,0
T0001741,C002243,2025-03-21,Product Question,Medium,15.81,4,0
T0001742,C002244,2025-11-16,Delivery Delay,High,10.83,5,0
T0001743,C002245,2025-12-27,Delivery Delay,Medium,13.58,5,0
T0001744,C002246,2024-08-26,Product Question,Low,34.57,3,0
T0001745,C002246,2026-05-19,Damaged Item,Low,30.65,5,1
T0001746,C002248,2024-06-25,Wrong Item,Low,16.65,5,0
T0001747,C002250,2026-04-29,Product Question,Low,4.29,5,0
T0001748,C002250,2025-05-22,Delivery Delay,Low,38.05,3,0
T0001749,C002250,2024-03-22,Refund Request,Low,70.85,3,1
T0001750,C002252,2024-07-21,Refund Request,High,0.96,4,1
T0001751,C002253,2026-03-27,Delivery Delay,Low,51.84,4,0
T0001752,C002253,2024-10-12,Account Issue,Low,10.05,5,0
T0001753,C002255,2026-05-10,Product Question,Low,11.21,5,0
T0001754,C002255,2024-11-16,Account Issue,Medium,19.79,5,0
T0001755,C002255,2024-12-20,Refund Request,Low,19.26,4,1
T0001756,C002256,2026-03-22,Payment Issue,Medium,9.26,5,0
T0001757,C002256,2026-03-23,Product Question,Low,46.51,5,0
T0001758,C002258,2024-06-16,Delivery Delay,Medium,13.08,3,0
T0001759,C002258,2026-02-20,Product Question,High,2.55,5,0
T0001760,C002258,2024-06-16,Delivery Delay,Medium,31.68,5,0
T0001761,C002259,2025-04-23,Product Question,Low,1.06,4,0
T0001762,C002259,2025-04-05,Damaged Item,Low,15.17,4,0
T0001763,C002260,2025-07-03,Refund Request,Medium,13.54,5,1
T0001764,C002260,2025-04-02,Refund Request,High,19.47,5,1
T0001765,C002261,2026-02-11,Damaged Item,Low,12.0,5,0
T0001766,C002261,2026-01-22,Delivery Delay,Low,49.19,5,0
T0001767,C002263,2025-12-02,Refund Request,High,7.66,5,1
T0001768,C002264,2026-05-04,Damaged Item,Low,2.4,4,0
T0001769,C002264,2025-11-20,Payment Issue,Medium,42.28,4,0
T0001770,C002265,2025-02-01,Delivery Delay,Low,35.12,3,0
T0001771,C002265,2026-01-11,Product Question,Medium,7.2,5,0
T0001772,C002265,2025-08-23,Product Question,Low,35.15,4,0
T0001773,C002266,2025-01-23,Product Question,Medium,35.06,4,0
T0001774,C002266,2025-05-18,Refund Request,Medium,20.8,4,1
T0001775,C002267,2025-06-30,Payment Issue,Medium,7.23,5,0
T0001776,C002269,2025-08-23,Damaged Item,Medium,17.68,5,0
T0001777,C002271,2024-06-21,Delivery Delay,High,29.23,5,0
T0001778,C002271,2024-07-07,Account Issue,Low,24.13,5,0
T0001779,C002272,2026-05-06,Refund Request,Medium,9.81,5,1
T0001780,C002272,2025-02-22,Account Issue,Medium,34.84,3,0
T0001781,C002275,2024-11-22,Payment Issue,High,7.56,5,0
T0001782,C002276,2026-02-05,Delivery Delay,Medium,32.1,4,0
T0001783,C002276,2025-08-20,Payment Issue,Low,17.13,5,0
T0001784,C002278,2025-01-07,Damaged Item,Medium,42.83,4,1
T0001785,C002281,2026-04-08,Wrong Item,Low,60.13,4,0
T0001786,C002282,2025-03-01,Product Question,Low,32.73,5,0
T0001787,C002284,2026-02-23,Product Question,Medium,17.4,5,0
T0001788,C002285,2025-10-18,Payment Issue,Medium,38.73,5,0
T0001789,C002288,2025-06-13,Refund Request,Medium,8.75,5,1
T0001790,C002289,2026-02-27,Wrong Item,Low,49.92,3,0
T0001791,C002291,2024-12-17,Damaged Item,High,4.75,5,1
T0001792,C002294,2026-04-25,Account Issue,High,7.78,5,0
T0001793,C002295,2025-10-02,Damaged Item,Medium,52.15,3,0
T0001794,C002295,2024-03-27,Product Question,Medium,7.16,5,0
T0001795,C002295,2025-12-30,Damaged Item,Low,16.24,5,1
T0001796,C002297,2025-06-01,Wrong Item,Medium,8.04,5,1
T0001797,C002297,2024-06-10,Payment Issue,Low,31.95,4,0
T0001798,C002298,2026-03-15,Product Question,Medium,9.65,5,0
T0001799,C002301,2024-04-29,Damaged Item,Medium,2.73,5,0
T0001800,C002303,2026-03-18,Refund Request,Medium,0.81,5,1
T0001801,C002303,2025-11-05,Delivery Delay,Medium,33.29,5,0
T0001802,C002304,2026-02-18,Product Question,Low,17.48,5,0
T0001803,C002306,2026-03-05,Delivery Delay,Low,33.49,3,0
T0001804,C002307,2024-08-06,Damaged Item,Medium,17.49,5,0
T0001805,C002309,2024-07-25,Refund Request,Medium,25.66,5,1
T0001806,C002310,2025-12-03,Refund Request,Medium,13.01,5,1
T0001807,C002310,2024-07-11,Refund Request,Low,34.19,5,1
T0001808,C002311,2025-08-04,Payment Issue,Low,41.49,5,0
T0001809,C002311,2024-08-29,Damaged Item,Medium,28.7,3,0
T0001810,C002311,2025-06-29,Account Issue,Low,29.79,4,0
T0001811,C002312,2024-03-21,Refund Request,High,7.02,5,1
T0001812,C002312,2024-06-03,Account Issue,High,0.76,5,0
T0001813,C002314,2025-02-25,Wrong Item,Medium,3.29,5,1
T0001814,C002315,2024-09-06,Delivery Delay,High,5.04,5,0
T0001815,C002316,2026-01-24,Payment Issue,Medium,9.67,4,0
T0001816,C002318,2024-05-26,Product Question,Low,52.56,3,0
T0001817,C002320,2025-10-01,Refund Request,High,16.67,4,1
T0001818,C002323,2026-02-20,Product Question,Medium,11.46,4,0
T0001819,C002323,2025-04-29,Delivery Delay,Medium,3.49,5,0
T0001820,C002323,2025-12-07,Delivery Delay,Medium,32.7,5,0
T0001821,C002326,2024-10-17,Damaged Item,High,15.72,5,0
T0001822,C002327,2025-09-04,Account Issue,Medium,9.94,5,0
T0001823,C002327,2024-12-17,Account Issue,Low,65.4,3,0
T0001824,C002331,2026-03-05,Refund Request,Medium,6.16,5,1
T0001825,C002334,2026-01-27,Wrong Item,Medium,2.74,4,0
T0001826,C002336,2025-10-22,Delivery Delay,Medium,6.98,4,0
T0001827,C002338,2026-05-31,Product Question,Low,16.76,5,0
T0001828,C002340,2025-08-28,Product Question,Medium,5.57,4,0
T0001829,C002340,2025-03-12,Wrong Item,High,3.69,5,0
T0001830,C002342,2025-03-14,Product Question,Low,12.07,5,0
T0001831,C002343,2026-03-27,Delivery Delay,Medium,8.32,4,0
T0001832,C002344,2025-04-18,Product Question,High,9.89,4,0
T0001833,C002351,2026-04-07,Damaged Item,Medium,1.99,4,1
T0001834,C002352,2026-05-02,Account Issue,Low,38.89,4,0
T0001835,C002354,2025-10-23,Payment Issue,Medium,15.19,5,0
T0001836,C002355,2025-10-18,Product Question,Medium,28.48,4,0
T0001837,C002357,2025-07-17,Product Question,Medium,2.28,5,0
T0001838,C002358,2025-02-17,Product Question,Medium,31.51,4,0
T0001839,C002362,2026-01-16,Refund Request,Medium,7.62,5,1
T0001840,C002362,2026-03-07,Delivery Delay,Low,20.73,5,0
T0001841,C002364,2025-11-25,Account Issue,Low,27.24,5,0
T0001842,C002365,2025-12-19,Delivery Delay,Medium,36.96,5,0
T0001843,C002366,2024-07-18,Product Question,Low,4.88,5,0
T0001844,C002368,2025-10-18,Refund Request,Medium,3.92,5,1
T0001845,C002370,2024-08-29,Product Question,Medium,5.55,5,0
T0001846,C002372,2025-04-06,Refund Request,Medium,12.84,5,1
T0001847,C002373,2026-03-01,Wrong Item,Medium,12.92,5,0
T0001848,C002373,2026-03-16,Damaged Item,Medium,4.49,5,1
T0001849,C002375,2026-05-12,Account Issue,High,8.71,5,0
T0001850,C002377,2026-01-20,Delivery Delay,Medium,30.46,5,0
T0001851,C002379,2025-07-14,Wrong Item,Medium,22.08,4,0
T0001852,C002382,2026-04-06,Delivery Delay,Low,8.67,4,0
T0001853,C002387,2026-02-13,Product Question,Low,52.35,3,0
T0001854,C002389,2025-10-13,Product Question,Low,30.84,5,0
T0001855,C002389,2026-04-18,Product Question,Medium,25.56,3,0
T0001856,C002390,2025-05-04,Refund Request,Medium,23.99,5,1
T0001857,C002390,2024-08-12,Wrong Item,High,1.86,5,1
T0001858,C002394,2024-06-26,Product Question,High,11.64,5,0
T0001859,C002403,2026-02-22,Refund Request,Medium,5.71,5,1
T0001860,C002405,2024-07-05,Damaged Item,Medium,32.77,5,0
T0001861,C002411,2026-01-22,Damaged Item,Low,85.77,5,0
T0001862,C002412,2026-03-26,Wrong Item,Low,26.88,3,0
T0001863,C002412,2025-06-24,Account Issue,Medium,4.72,4,0
T0001864,C002412,2025-02-28,Account Issue,Medium,45.16,5,0
T0001865,C002412,2025-05-18,Delivery Delay,Low,53.92,3,0
T0001866,C002413,2025-07-31,Damaged Item,Medium,11.51,5,0
T0001867,C002414,2025-06-05,Product Question,Low,33.34,5,0
T0001868,C002417,2026-05-08,Payment Issue,Low,23.66,3,0
T0001869,C002419,2026-04-02,Account Issue,Medium,27.04,3,0
T0001870,C002420,2025-12-14,Delivery Delay,Medium,8.17,4,0
T0001871,C002420,2024-05-21,Refund Request,High,9.51,5,1
T0001872,C002423,2025-06-17,Account Issue,Medium,4.1,5,0
T0001873,C002426,2024-06-03,Delivery Delay,Medium,5.83,5,0
T0001874,C002428,2025-09-29,Payment Issue,Low,9.07,5,0
T0001875,C002428,2025-01-09,Wrong Item,Medium,19.64,4,0
T0001876,C002429,2026-03-01,Account Issue,Low,68.06,2,0
T0001877,C002430,2026-03-10,Damaged Item,Medium,1.57,5,1
T0001878,C002430,2026-03-10,Delivery Delay,Medium,6.45,5,0
T0001879,C002432,2026-03-26,Payment Issue,Low,56.68,5,0
T0001880,C002434,2025-09-05,Delivery Delay,Low,61.71,5,0
T0001881,C002434,2026-03-18,Delivery Delay,Low,11.49,4,0
T0001882,C002435,2025-03-25,Refund Request,Low,55.27,5,1
T0001883,C002435,2025-12-17,Account Issue,Medium,19.48,5,0
T0001884,C002436,2025-03-12,Product Question,Medium,1.1,5,0
T0001885,C002437,2025-08-10,Refund Request,Low,11.64,5,1
T0001886,C002437,2024-01-28,Product Question,Medium,42.56,5,0
T0001887,C002437,2026-05-03,Damaged Item,Low,17.28,4,1
T0001888,C002443,2025-06-14,Product Question,Medium,4.18,5,0
T0001889,C002443,2024-12-04,Delivery Delay,Medium,6.4,5,0
T0001890,C002448,2025-10-21,Refund Request,Low,10.05,5,1
T0001891,C002448,2026-03-24,Product Question,Medium,3.15,4,0
T0001892,C002449,2026-05-15,Product Question,Low,12.93,5,0
T0001893,C002450,2025-09-16,Delivery Delay,Medium,23.57,4,0
T0001894,C002450,2025-12-16,Delivery Delay,Low,54.08,4,0
T0001895,C002458,2026-01-13,Product Question,Low,11.83,3,0
T0001896,C002460,2025-08-19,Account Issue,Medium,20.35,3,0
T0001897,C002460,2026-04-19,Product Question,Medium,25.18,5,0
T0001898,C002460,2025-02-23,Product Question,Medium,9.2,5,0
T0001899,C002461,2025-07-24,Product Question,Medium,4.07,4,0
T0001900,C002461,2026-05-09,Account Issue,Medium,4.54,5,0
T0001901,C002467,2025-10-26,Product Question,High,8.21,5,0
T0001902,C002467,2025-08-14,Refund Request,High,12.22,3,1
T0001903,C002467,2025-06-20,Product Question,Medium,11.88,5,0
T0001904,C002468,2025-05-27,Product Question,Medium,9.64,5,0
T0001905,C002472,2024-12-09,Damaged Item,High,3.79,5,1
T0001906,C002473,2025-11-28,Account Issue,Low,64.02,4,0
T0001907,C002477,2026-03-31,Refund Request,Low,45.32,4,1
T0001908,C002478,2024-12-08,Payment Issue,Low,28.36,4,0
T0001909,C002478,2024-09-06,Product Question,Medium,23.87,5,0
T0001910,C002480,2025-01-06,Account Issue,Low,50.76,4,0
T0001911,C002484,2024-04-13,Product Question,Medium,37.96,4,0
T0001912,C002484,2024-08-30,Product Question,Low,4.47,5,0
T0001913,C002484,2025-11-13,Delivery Delay,Medium,26.1,5,0
T0001914,C002484,2025-07-12,Delivery Delay,Medium,15.99,5,0
T0001915,C002485,2024-01-26,Refund Request,Medium,21.14,5,1
T0001916,C002485,2026-05-18,Refund Request,High,14.48,4,1
T0001917,C002487,2025-10-27,Delivery Delay,Medium,13.81,4,0
T0001918,C002490,2024-10-27,Damaged Item,Medium,16.94,5,1
T0001919,C002490,2025-10-01,Payment Issue,Low,67.61,5,0
T0001920,C002490,2024-06-02,Wrong Item,Medium,20.0,5,0
T0001921,C002491,2025-11-08,Refund Request,Low,100.26,2,1
T0001922,C002492,2026-03-01,Refund Request,Low,6.52,4,1
T0001923,C002492,2026-03-13,Delivery Delay,Medium,5.4,5,0
T0001924,C002496,2024-07-27,Payment Issue,High,11.4,5,0
T0001925,C002496,2026-01-28,Account Issue,Medium,20.75,3,0
T0001926,C002497,2025-11-01,Refund Request,Low,6.06,5,1
T0001927,C002497,2026-04-16,Account Issue,Low,43.8,5,0
T0001928,C002498,2026-03-08,Payment Issue,High,6.99,5,0
T0001929,C002501,2024-06-27,Account Issue,Medium,19.95,5,0
T0001930,C002506,2026-05-09,Damaged Item,High,8.77,5,1
T0001931,C002506,2026-05-12,Payment Issue,Medium,26.06,4,0
T0001932,C002506,2026-05-20,Refund Request,Low,39.72,4,1
T0001933,C002506,2026-03-01,Refund Request,Low,17.2,5,1
T0001934,C002508,2025-03-25,Refund Request,Medium,2.88,5,1
T0001935,C002512,2025-12-08,Refund Request,Medium,18.19,4,1
T0001936,C002513,2026-03-31,Payment Issue,Low,7.45,5,0
T0001937,C002513,2025-12-30,Product Question,Medium,16.58,5,0
T0001938,C002513,2025-12-21,Wrong Item,Low,12.81,5,0
T0001939,C002514,2026-01-06,Delivery Delay,Medium,5.47,4,0
T0001940,C002515,2025-06-10,Delivery Delay,Medium,16.25,4,0
T0001941,C002519,2025-08-22,Delivery Delay,Low,21.97,4,0
T0001942,C002520,2026-05-12,Account Issue,Medium,32.12,3,0
T0001943,C002520,2026-04-10,Product Question,Medium,14.03,4,0
T0001944,C002521,2025-04-17,Damaged Item,Medium,6.38,5,0
T0001945,C002524,2026-04-17,Payment Issue,Low,118.42,1,0
T0001946,C002525,2025-07-13,Account Issue,Medium,24.42,5,0
T0001947,C002529,2025-12-08,Product Question,Medium,11.81,5,0
T0001948,C002530,2025-10-05,Account Issue,Medium,14.39,5,0
T0001949,C002531,2026-05-25,Refund Request,Medium,13.73,4,1
T0001950,C002532,2025-09-20,Refund Request,Low,10.28,4,1
T0001951,C002532,2026-01-04,Refund Request,Low,31.02,5,1
T0001952,C002532,2026-02-26,Wrong Item,High,3.33,5,0
T0001953,C002533,2026-01-13,Refund Request,Medium,33.85,5,1
T0001954,C002534,2024-12-03,Damaged Item,Low,34.06,5,1
T0001955,C002535,2025-11-11,Refund Request,Medium,10.23,5,1
T0001956,C002537,2025-11-23,Product Question,Medium,24.3,5,0
T0001957,C002537,2025-01-28,Product Question,Medium,16.86,5,0
T0001958,C002538,2026-01-10,Payment Issue,High,5.46,5,0
T0001959,C002540,2024-11-04,Wrong Item,Medium,12.45,5,0
T0001960,C002544,2025-11-17,Delivery Delay,Medium,22.5,5,0
T0001961,C002547,2025-05-22,Damaged Item,Low,56.26,4,0
T0001962,C002548,2025-11-17,Refund Request,Medium,2.31,5,1
T0001963,C002550,2024-05-26,Product Question,High,5.86,5,0
T0001964,C002552,2026-02-06,Refund Request,Low,11.4,5,1
T0001965,C002555,2024-08-22,Delivery Delay,Medium,12.74,4,0
T0001966,C002556,2025-05-14,Delivery Delay,Medium,49.11,3,0
T0001967,C002556,2025-01-03,Delivery Delay,Low,6.14,4,0
T0001968,C002558,2024-11-26,Damaged Item,Low,48.17,4,1
T0001969,C002562,2026-05-19,Account Issue,Medium,28.49,4,0
T0001970,C002564,2026-02-13,Product Question,Medium,25.91,5,0
T0001971,C002564,2026-05-19,Product Question,High,2.74,5,0
T0001972,C002566,2025-02-26,Delivery Delay,Low,19.4,5,0
T0001973,C002567,2026-05-29,Product Question,Medium,13.96,5,0
T0001974,C002567,2025-10-31,Refund Request,Low,53.8,2,1
T0001975,C002569,2025-02-05,Account Issue,Medium,30.73,5,0
T0001976,C002569,2025-06-14,Delivery Delay,Medium,6.89,5,0
T0001977,C002569,2025-08-26,Product Question,Low,34.6,5,0
T0001978,C002570,2024-10-05,Account Issue,Medium,17.52,5,0
T0001979,C002571,2024-07-24,Refund Request,Low,7.72,5,1
T0001980,C002571,2026-04-29,Payment Issue,Medium,18.43,5,0
T0001981,C002575,2025-06-13,Delivery Delay,Low,22.35,5,0
T0001982,C002578,2025-04-26,Product Question,Medium,13.87,5,0
T0001983,C002579,2025-07-07,Delivery Delay,Low,8.86,5,0
T0001984,C002579,2026-03-15,Payment Issue,Low,28.3,5,0
T0001985,C002579,2026-04-12,Refund Request,Low,27.33,5,1
T0001986,C002580,2024-01-08,Payment Issue,Low,12.33,5,0
T0001987,C002583,2024-09-24,Wrong Item,Medium,2.48,4,1
T0001988,C002585,2026-01-06,Delivery Delay,Medium,5.8,4,0
T0001989,C002585,2025-04-03,Damaged Item,Medium,35.01,5,0
T0001990,C002585,2025-07-25,Refund Request,Low,48.57,4,1
T0001991,C002586,2026-01-31,Account Issue,High,3.55,3,0
T0001992,C002587,2026-02-06,Refund Request,Low,20.5,5,1
T0001993,C002587,2026-04-20,Product Question,Low,75.05,5,0
T0001994,C002589,2025-11-23,Product Question,Medium,19.11,5,0
T0001995,C002591,2026-02-22,Delivery Delay,Low,38.5,5,0
T0001996,C002591,2024-10-12,Wrong Item,Low,30.31,5,0
T0001997,C002591,2025-09-22,Wrong Item,Medium,3.11,5,0
T0001998,C002592,2025-07-15,Refund Request,Low,14.3,5,1
T0001999,C002593,2026-05-07,Refund Request,Low,83.29,3,1
T0002000,C002593,2025-11-27,Payment Issue,Medium,15.81,5,0
T0002001,C002595,2026-02-22,Product Question,Low,39.93,5,0
T0002002,C002595,2026-01-30,Product Question,Medium,11.86,5,0
T0002003,C002598,2026-03-26,Payment Issue,Medium,9.14,5,0
T0002004,C002600,2026-05-15,Damaged Item,High,6.62,4,0
T0002005,C002601,2025-10-23,Damaged Item,Medium,23.79,4,0
T0002006,C002605,2024-10-20,Product Question,Medium,12.98,5,0
T0002007,C002606,2026-02-19,Refund Request,Medium,14.0,5,1
T0002008,C002607,2026-04-06,Refund Request,Medium,4.18,5,1
T0002009,C002609,2025-05-10,Damaged Item,Medium,25.71,5,0
T0002010,C002616,2024-01-13,Product Question,Medium,11.55,4,0
T0002011,C002617,2024-02-28,Account Issue,Medium,8.04,4,0
T0002012,C002621,2024-08-28,Payment Issue,Low,37.55,4,0
T0002013,C002621,2024-10-13,Damaged Item,Medium,1.2,5,0
T0002014,C002624,2025-06-11,Payment Issue,Low,10.01,4,0
T0002015,C002624,2025-12-29,Account Issue,Low,36.66,4,0
T0002016,C002624,2025-05-22,Product Question,Medium,29.54,4,0
T0002017,C002624,2026-03-01,Wrong Item,High,4.92,5,0
T0002018,C002625,2025-03-18,Refund Request,Low,8.2,4,1
T0002019,C002628,2026-05-17,Payment Issue,Medium,14.36,4,0
T0002020,C002629,2025-07-24,Product Question,Low,12.09,5,0
T0002021,C002630,2026-03-20,Refund Request,High,5.99,3,1
T0002022,C002631,2025-02-03,Delivery Delay,Medium,0.71,5,0
T0002023,C002632,2025-12-07,Payment Issue,Low,80.89,5,0
T0002024,C002632,2026-03-05,Wrong Item,Low,17.56,4,0
T0002025,C002632,2025-12-14,Delivery Delay,Medium,20.66,5,0
T0002026,C002633,2024-10-02,Damaged Item,Medium,21.14,4,0
T0002027,C002635,2024-02-18,Product Question,Medium,3.89,5,0
T0002028,C002638,2026-05-26,Refund Request,High,4.34,5,1
T0002029,C002639,2026-02-11,Product Question,Low,93.78,4,0
T0002030,C002641,2026-04-24,Delivery Delay,Low,60.92,2,0
T0002031,C002641,2026-02-15,Refund Request,Medium,6.38,5,1
T0002032,C002641,2026-02-04,Account Issue,Medium,15.0,4,0
T0002033,C002641,2026-03-05,Payment Issue,High,14.75,5,0
T0002034,C002645,2026-05-08,Damaged Item,Low,27.72,3,0
T0002035,C002646,2025-08-03,Wrong Item,Medium,23.09,5,0
T0002036,C002648,2025-01-30,Account Issue,High,6.72,5,0
T0002037,C002648,2026-05-05,Account Issue,High,8.51,5,0
T0002038,C002651,2025-03-11,Damaged Item,Medium,26.83,5,0
T0002039,C002652,2025-07-25,Product Question,Low,43.85,4,0
T0002040,C002652,2025-08-25,Account Issue,High,8.81,5,0
T0002041,C002653,2025-05-30,Account Issue,Medium,15.42,5,0
T0002042,C002654,2025-03-30,Wrong Item,Low,38.78,4,1
T0002043,C002654,2024-05-17,Delivery Delay,Low,58.65,1,0
T0002044,C002654,2024-02-24,Product Question,Low,32.41,5,0
T0002045,C002657,2024-08-20,Payment Issue,Low,42.32,5,0
T0002046,C002658,2024-12-10,Product Question,Medium,48.1,3,0
T0002047,C002659,2025-03-21,Account Issue,Medium,11.34,4,0
T0002048,C002659,2024-08-31,Product Question,Low,15.89,5,0
T0002049,C002659,2025-01-11,Account Issue,High,13.26,5,0
T0002050,C002660,2026-01-27,Account Issue,High,8.79,5,0
T0002051,C002661,2026-01-31,Damaged Item,Medium,21.36,5,1
T0002052,C002661,2026-03-10,Damaged Item,Medium,11.35,5,0
T0002053,C002662,2025-01-23,Damaged Item,Medium,56.31,3,1
T0002054,C002663,2025-06-12,Product Question,Medium,5.64,5,0
T0002055,C002663,2025-07-25,Product Question,Low,40.77,5,0
T0002056,C002664,2025-12-24,Damaged Item,Low,21.54,5,1
T0002057,C002665,2026-04-30,Payment Issue,Low,50.77,4,0
T0002058,C002668,2025-06-06,Damaged Item,Medium,4.81,5,1
T0002059,C002669,2025-11-18,Wrong Item,Medium,3.12,4,0
T0002060,C002670,2026-02-08,Damaged Item,Low,21.8,5,1
T0002061,C002673,2025-02-01,Wrong Item,Low,47.56,4,0
T0002062,C002678,2025-10-30,Product Question,Medium,8.01,4,0
T0002063,C002678,2024-05-08,Product Question,High,3.41,5,0
T0002064,C002683,2025-03-02,Refund Request,Medium,11.44,5,1
T0002065,C002683,2025-12-01,Refund Request,High,11.08,5,1
T0002066,C002684,2026-04-26,Refund Request,Medium,20.14,4,1
T0002067,C002685,2025-11-19,Payment Issue,Medium,6.99,5,0
T0002068,C002686,2026-03-18,Product Question,Low,9.52,4,0
T0002069,C002690,2024-11-26,Delivery Delay,High,5.72,5,0
T0002070,C002693,2026-05-25,Damaged Item,Medium,3.91,5,0
T0002071,C002697,2026-05-25,Account Issue,Low,26.46,3,0
T0002072,C002698,2025-10-31,Delivery Delay,Medium,24.35,5,0
T0002073,C002700,2026-01-15,Damaged Item,Medium,8.65,5,1
T0002074,C002702,2024-04-18,Account Issue,Medium,26.8,5,0
T0002075,C002703,2025-04-22,Delivery Delay,Low,9.62,5,0
T0002076,C002703,2024-11-11,Product Question,Medium,35.57,5,0
T0002077,C002704,2025-02-16,Delivery Delay,Medium,19.53,4,0
T0002078,C002707,2025-12-19,Product Question,High,6.43,5,0
T0002079,C002712,2025-07-13,Wrong Item,Medium,13.02,5,1
T0002080,C002712,2025-10-18,Wrong Item,Medium,21.41,5,1
T0002081,C002715,2024-03-29,Delivery Delay,Medium,34.9,3,0
T0002082,C002716,2026-01-09,Product Question,Low,18.43,4,0
T0002083,C002716,2025-04-18,Refund Request,Low,25.4,2,1
T0002084,C002716,2026-02-09,Wrong Item,Medium,22.51,4,0
T0002085,C002717,2024-02-19,Product Question,Medium,6.09,5,0
T0002086,C002718,2025-12-30,Product Question,Low,32.28,5,0
T0002087,C002721,2024-08-06,Account Issue,Medium,13.46,5,0
T0002088,C002721,2024-12-20,Refund Request,Low,12.02,5,1
T0002089,C002726,2025-08-14,Account Issue,Medium,23.97,5,0
T0002090,C002728,2026-03-30,Delivery Delay,Medium,13.3,4,0
T0002091,C002729,2024-10-14,Account Issue,Medium,2.72,5,0
T0002092,C002729,2025-08-09,Product Question,Low,3.41,5,0
T0002093,C002730,2026-04-21,Wrong Item,Low,9.87,5,1
T0002094,C002731,2026-02-14,Payment Issue,Low,89.4,3,0
T0002095,C002731,2025-12-01,Product Question,Low,135.36,3,0
T0002096,C002731,2026-04-17,Damaged Item,Low,19.78,5,1
T0002097,C002732,2025-03-29,Payment Issue,High,11.06,5,0
T0002098,C002732,2025-01-21,Product Question,Medium,10.81,3,0
T0002099,C002734,2026-03-22,Refund Request,Low,36.74,4,1
T0002100,C002734,2025-11-20,Product Question,High,20.44,5,0
T0002101,C002734,2026-02-22,Account Issue,Medium,14.54,5,0
T0002102,C002735,2024-11-12,Product Question,High,9.92,5,0
T0002103,C002738,2026-03-31,Product Question,Low,17.55,5,0
T0002104,C002738,2025-09-08,Delivery Delay,Medium,31.96,5,0
T0002105,C002742,2025-03-12,Refund Request,High,15.39,4,1
T0002106,C002742,2025-09-02,Delivery Delay,Low,28.81,5,0
T0002107,C002743,2025-11-12,Refund Request,Low,15.54,3,1
T0002108,C002744,2024-11-03,Account Issue,Medium,14.78,3,0
T0002109,C002745,2026-03-12,Product Question,Low,38.28,3,0
T0002110,C002747,2025-03-22,Account Issue,Medium,9.85,5,0
T0002111,C002748,2024-08-15,Delivery Delay,Medium,11.02,4,0
T0002112,C002748,2025-04-06,Refund Request,Low,71.44,2,1
T0002113,C002752,2026-05-23,Damaged Item,Low,9.22,5,0
T0002114,C002752,2026-02-19,Damaged Item,Medium,16.1,5,1
T0002115,C002754,2025-01-23,Refund Request,Medium,2.69,5,1
T0002116,C002754,2025-09-24,Damaged Item,High,1.87,5,0
T0002117,C002755,2025-12-17,Product Question,Low,29.72,3,0
T0002118,C002756,2025-04-11,Account Issue,Low,57.82,4,0
T0002119,C002756,2025-12-25,Payment Issue,Low,15.92,5,0
T0002120,C002760,2025-03-07,Refund Request,Medium,31.92,5,1
T0002121,C002760,2024-01-27,Delivery Delay,Medium,31.51,4,0
T0002122,C002761,2025-07-23,Product Question,High,6.62,5,0
T0002123,C002761,2025-03-24,Account Issue,Low,16.54,5,0
T0002124,C002762,2025-10-23,Refund Request,Medium,23.0,5,1
T0002125,C002763,2026-03-05,Refund Request,High,0.8,4,1
T0002126,C002763,2025-06-13,Delivery Delay,Low,57.63,3,0
T0002127,C002763,2024-09-07,Account Issue,Medium,16.2,2,0
T0002128,C002764,2026-01-28,Account Issue,Medium,21.64,5,0
T0002129,C002764,2026-01-26,Account Issue,Medium,15.4,5,0
T0002130,C002765,2025-10-15,Product Question,High,7.96,4,0
T0002131,C002766,2026-05-22,Delivery Delay,Medium,29.69,4,0
T0002132,C002767,2026-02-06,Delivery Delay,Medium,2.67,5,0
T0002133,C002769,2025-02-03,Account Issue,Low,25.79,4,0
T0002134,C002773,2024-09-05,Delivery Delay,High,3.0,5,0
T0002135,C002777,2025-10-12,Refund Request,Medium,29.94,5,1
T0002136,C002778,2024-06-02,Wrong Item,Low,15.36,5,1
T0002137,C002778,2024-11-07,Damaged Item,Medium,5.89,5,0
T0002138,C002779,2026-05-03,Refund Request,Low,22.73,3,1
T0002139,C002781,2024-11-11,Refund Request,High,2.78,4,1
T0002140,C002782,2026-05-14,Account Issue,Medium,4.67,5,0
T0002141,C002782,2025-08-24,Refund Request,Medium,97.69,3,1
T0002142,C002782,2026-05-02,Product Question,Low,42.25,4,0
T0002143,C002783,2025-12-13,Damaged Item,Medium,19.94,5,0
T0002144,C002784,2026-03-31,Account Issue,Low,8.82,4,0
T0002145,C002785,2026-05-06,Delivery Delay,Low,14.73,5,0
T0002146,C002787,2025-08-18,Product Question,High,7.31,5,0
T0002147,C002787,2024-11-04,Delivery Delay,Low,27.41,3,0
T0002148,C002788,2025-02-11,Payment Issue,Low,14.06,2,0
T0002149,C002788,2025-11-27,Wrong Item,Low,32.81,5,1
T0002150,C002789,2025-11-02,Payment Issue,Low,44.29,5,0
T0002151,C002790,2025-10-01,Product Question,Medium,20.98,4,0
T0002152,C002792,2024-12-19,Product Question,Medium,5.27,5,0
T0002153,C002792,2024-07-10,Damaged Item,Medium,8.7,4,0
T0002154,C002795,2025-12-01,Damaged Item,Medium,36.07,5,1
T0002155,C002797,2025-09-24,Damaged Item,Medium,38.47,4,0
T0002156,C002798,2026-02-23,Product Question,Low,55.27,3,0
T0002157,C002800,2025-10-22,Payment Issue,Medium,6.88,5,0
T0002158,C002801,2025-02-20,Refund Request,Medium,49.54,3,1
T0002159,C002802,2026-05-07,Delivery Delay,Low,3.54,5,0
T0002160,C002803,2026-03-16,Product Question,High,6.84,5,0
T0002161,C002805,2026-04-05,Delivery Delay,Medium,21.85,4,0
T0002162,C002806,2025-04-23,Refund Request,Medium,46.51,3,1
T0002163,C002808,2026-05-19,Wrong Item,Medium,6.86,5,1
T0002164,C002810,2026-03-29,Payment Issue,Low,10.79,4,0
T0002165,C002810,2025-02-11,Wrong Item,High,3.55,5,0
T0002166,C002813,2024-09-20,Product Question,Medium,29.72,5,0
T0002167,C002813,2024-11-19,Product Question,Medium,9.07,5,0
T0002168,C002813,2024-09-12,Product Question,Medium,17.38,5,0
T0002169,C002814,2025-10-21,Product Question,Medium,18.87,5,0
T0002170,C002816,2026-02-06,Payment Issue,High,11.82,5,0
T0002171,C002816,2025-08-22,Delivery Delay,Medium,13.77,5,0
T0002172,C002816,2025-11-17,Payment Issue,Medium,0.81,5,0
T0002173,C002817,2026-05-22,Refund Request,Medium,12.3,3,1
T0002174,C002820,2024-02-01,Wrong Item,Low,55.64,4,1
T0002175,C002821,2026-02-15,Product Question,Medium,19.76,4,0
T0002176,C002824,2025-01-25,Refund Request,High,7.16,5,1
T0002177,C002825,2025-01-24,Account Issue,Medium,11.07,4,0
T0002178,C002825,2025-08-14,Damaged Item,Medium,20.79,5,0
T0002179,C002826,2024-11-28,Account Issue,Low,18.61,5,0
T0002180,C002827,2025-11-03,Account Issue,Medium,25.22,4,0
T0002181,C002828,2025-09-08,Payment Issue,High,3.96,4,0
T0002182,C002829,2024-05-26,Damaged Item,Medium,35.61,4,1
T0002183,C002829,2026-03-07,Damaged Item,Medium,25.67,4,0
T0002184,C002832,2026-05-24,Payment Issue,Low,30.79,5,0
T0002185,C002834,2025-12-17,Product Question,Low,32.77,4,0
T0002186,C002836,2024-07-30,Delivery Delay,High,1.64,5,0
T0002187,C002836,2025-11-20,Refund Request,Low,1.63,5,1
T0002188,C002836,2024-09-10,Refund Request,High,7.15,5,1
T0002189,C002841,2026-04-25,Product Question,Medium,5.05,3,0
T0002190,C002843,2026-02-17,Payment Issue,Medium,11.84,3,0
T0002191,C002846,2025-07-18,Refund Request,Medium,26.39,5,1
T0002192,C002846,2024-06-07,Account Issue,Medium,4.07,5,0
T0002193,C002847,2026-01-10,Payment Issue,Medium,2.97,5,0
T0002194,C002848,2024-08-24,Wrong Item,Medium,4.94,5,0
T0002195,C002850,2025-08-08,Product Question,Low,36.31,4,0
T0002196,C002854,2025-05-27,Product Question,Medium,16.51,4,0
T0002197,C002854,2026-02-07,Delivery Delay,Low,49.47,4,0
T0002198,C002855,2025-06-02,Delivery Delay,Medium,17.77,5,0
T0002199,C002856,2025-09-21,Refund Request,Low,43.6,4,1
T0002200,C002861,2025-07-25,Refund Request,Medium,13.96,5,1
T0002201,C002861,2025-05-14,Delivery Delay,Medium,48.37,3,0
T0002202,C002862,2025-07-09,Refund Request,Low,96.3,3,1
T0002203,C002864,2025-05-31,Delivery Delay,High,10.53,5,0
T0002204,C002865,2025-08-26,Delivery Delay,Medium,17.2,5,0
T0002205,C002868,2025-03-22,Product Question,Medium,38.49,5,0
T0002206,C002869,2026-05-06,Account Issue,Low,62.62,3,0
T0002207,C002869,2026-01-05,Product Question,Low,17.49,5,0
T0002208,C002869,2025-12-02,Payment Issue,Low,57.01,4,0
T0002209,C002869,2025-09-13,Delivery Delay,Low,26.09,4,0
T0002210,C002869,2025-08-07,Payment Issue,Low,34.49,5,0
T0002211,C002870,2026-04-29,Damaged Item,High,10.01,4,0
T0002212,C002871,2025-07-19,Refund Request,Medium,26.54,4,1
T0002213,C002872,2026-05-11,Delivery Delay,Low,43.58,5,0
T0002214,C002877,2025-09-17,Delivery Delay,High,1.86,5,0
T0002215,C002879,2026-03-16,Product Question,Medium,2.81,5,0
T0002216,C002879,2026-05-16,Delivery Delay,Low,4.95,5,0
T0002217,C002884,2025-02-26,Account Issue,Medium,9.84,5,0
T0002218,C002886,2026-05-25,Product Question,High,3.68,5,0
T0002219,C002887,2025-11-24,Damaged Item,Medium,8.03,5,0
T0002220,C002889,2026-05-25,Account Issue,High,19.59,5,0
T0002221,C002891,2025-08-05,Delivery Delay,Medium,8.35,5,0
T0002222,C002892,2025-12-15,Product Question,Low,15.24,4,0
T0002223,C002892,2024-04-22,Payment Issue,Low,22.64,4,0
T0002224,C002893,2025-10-31,Account Issue,Medium,12.65,4,0
T0002225,C002893,2026-02-28,Wrong Item,Low,14.33,5,0
T0002226,C002893,2025-08-17,Delivery Delay,Medium,3.94,5,0
T0002227,C002894,2026-04-14,Product Question,Medium,7.07,5,0
T0002228,C002894,2025-12-05,Product Question,Medium,14.76,5,0
T0002229,C002894,2026-03-14,Delivery Delay,Medium,11.3,4,0
T0002230,C002895,2026-03-05,Product Question,Low,16.2,5,0
T0002231,C002895,2026-02-06,Payment Issue,Low,23.59,5,0
T0002232,C002896,2026-03-07,Product Question,Medium,13.25,3,0
T0002233,C002896,2024-08-26,Wrong Item,Medium,8.87,5,1
T0002234,C002897,2024-10-25,Refund Request,Low,53.78,4,1
T0002235,C002899,2026-04-09,Wrong Item,Low,16.52,5,1
T0002236,C002901,2024-10-23,Product Question,Medium,10.15,5,0
T0002237,C002902,2024-12-11,Wrong Item,Medium,20.08,4,1
T0002238,C002902,2026-02-19,Payment Issue,Low,11.76,5,0
T0002239,C002910,2025-12-29,Delivery Delay,Low,74.72,5,0
T0002240,C002911,2024-11-28,Refund Request,Medium,4.88,5,1
T0002241,C002912,2025-11-02,Damaged Item,Medium,34.47,4,0
T0002242,C002916,2024-11-08,Product Question,Medium,6.73,5,0
T0002243,C002917,2026-05-26,Product Question,Medium,25.9,5,0
T0002244,C002919,2025-12-20,Delivery Delay,Low,86.82,3,0
T0002245,C002920,2025-04-30,Refund Request,Medium,20.4,4,1
T0002246,C002923,2025-05-28,Product Question,Low,10.71,5,0
T0002247,C002923,2025-06-30,Payment Issue,Medium,3.51,3,0
T0002248,C002923,2026-02-19,Delivery Delay,Low,26.59,4,0
T0002249,C002925,2024-03-05,Refund Request,Low,10.08,5,1
T0002250,C002928,2025-07-25,Refund Request,High,18.45,5,1
T0002251,C002928,2026-03-11,Refund Request,Low,16.63,4,1
T0002252,C002930,2025-03-08,Damaged Item,Medium,34.05,5,1
T0002253,C002933,2025-06-03,Account Issue,Medium,6.89,5,0
T0002254,C002933,2025-06-07,Delivery Delay,High,3.59,5,0
T0002255,C002934,2025-11-26,Product Question,Low,9.76,5,0
T0002256,C002934,2025-07-14,Account Issue,Low,17.95,5,0
T0002257,C002935,2026-04-13,Delivery Delay,High,13.32,5,0
T0002258,C002937,2024-11-05,Delivery Delay,High,4.41,5,0
T0002259,C002938,2026-01-03,Damaged Item,Low,3.39,5,0
T0002260,C002941,2025-11-09,Delivery Delay,High,5.58,5,0
T0002261,C002943,2024-04-24,Account Issue,Medium,16.13,5,0
T0002262,C002947,2025-05-19,Damaged Item,Low,11.17,5,1
T0002263,C002949,2024-11-19,Product Question,High,4.79,5,0
T0002264,C002952,2025-09-04,Refund Request,Low,30.81,5,1
T0002265,C002952,2025-06-16,Damaged Item,High,7.64,5,1
T0002266,C002953,2026-01-14,Wrong Item,High,6.96,5,1
T0002267,C002954,2026-01-25,Refund Request,Low,12.71,5,1
T0002268,C002954,2025-03-18,Payment Issue,Medium,41.24,5,0
T0002269,C002954,2025-06-27,Delivery Delay,High,2.62,5,0
T0002270,C002957,2025-12-11,Wrong Item,High,11.24,4,0
T0002271,C002957,2025-12-01,Refund Request,Low,2.73,5,1
T0002272,C002957,2025-09-11,Wrong Item,Medium,7.84,4,1
T0002273,C002958,2024-01-04,Delivery Delay,Medium,20.07,4,0
T0002274,C002959,2026-02-16,Account Issue,High,1.94,5,0
T0002275,C002959,2026-04-25,Product Question,Low,16.62,5,0
T0002276,C002959,2026-02-02,Product Question,Medium,12.27,4,0
T0002277,C002960,2026-04-19,Wrong Item,Medium,60.62,3,1
T0002278,C002960,2026-02-15,Account Issue,Medium,35.75,4,0
T0002279,C002963,2024-07-12,Account Issue,Medium,7.66,5,0
T0002280,C002963,2024-08-09,Product Question,Low,30.58,5,0
T0002281,C002963,2026-05-14,Account Issue,Medium,3.88,5,0
T0002282,C002965,2025-09-17,Product Question,Medium,14.36,4,0
T0002283,C002966,2026-05-12,Account Issue,Low,38.51,5,0
T0002284,C002966,2026-02-02,Payment Issue,High,12.28,4,0
T0002285,C002966,2026-05-10,Delivery Delay,Low,22.97,5,0
T0002286,C002966,2026-04-28,Wrong Item,Low,40.45,4,0
T0002287,C002966,2026-03-17,Delivery Delay,Medium,34.73,4,0
T0002288,C002968,2026-03-25,Delivery Delay,High,5.27,4,0
T0002289,C002968,2025-08-24,Payment Issue,Medium,10.73,3,0
T0002290,C002972,2025-03-12,Account Issue,Medium,48.85,4,0
T0002291,C002974,2025-07-28,Delivery Delay,Low,3.58,5,0
T0002292,C002974,2025-08-04,Account Issue,Medium,6.67,5,0
T0002293,C002974,2024-08-14,Payment Issue,Medium,25.16,5,0
T0002294,C002974,2024-09-18,Delivery Delay,High,3.37,5,0
T0002295,C002976,2026-05-30,Wrong Item,High,19.78,5,0
T0002296,C002976,2025-04-22,Wrong Item,Low,33.95,4,0
T0002297,C002978,2026-05-13,Account Issue,Low,22.57,4,0
T0002298,C002979,2024-09-28,Payment Issue,Medium,32.43,5,0
T0002299,C002979,2024-03-12,Account Issue,Low,49.44,5,0
T0002300,C002980,2026-02-25,Refund Request,Medium,16.45,4,1
T0002301,C002980,2026-02-01,Product Question,Medium,11.41,5,0
T0002302,C002982,2025-06-14,Account Issue,Medium,17.04,5,0
T0002303,C002984,2025-05-01,Account Issue,High,10.28,5,0
T0002304,C002984,2025-10-13,Account Issue,High,5.31,5,0
T0002305,C002986,2026-04-03,Refund Request,Medium,7.17,5,1
T0002306,C002986,2026-04-07,Refund Request,Low,68.92,2,1
T0002307,C002987,2025-06-30,Payment Issue,Medium,6.14,5,0
T0002308,C002987,2026-05-05,Delivery Delay,Medium,12.01,5,0
T0002309,C002987,2025-05-13,Damaged Item,Medium,17.8,4,0
T0002310,C002989,2026-01-14,Product Question,Low,113.47,4,0
T0002311,C002990,2026-02-21,Product Question,Low,15.33,4,0
T0002312,C002991,2026-04-15,Account Issue,Medium,20.72,5,0
T0002313,C002992,2026-05-14,Damaged Item,Low,33.88,5,1
T0002314,C002993,2026-05-29,Damaged Item,Medium,5.98,5,0
T0002315,C002997,2026-05-15,Damaged Item,High,13.38,5,1
T0002316,C002997,2025-12-08,Damaged Item,Low,60.53,5,0
T0002317,C002997,2025-11-22,Damaged Item,Medium,15.4,5,0
T0002318,C002997,2025-11-10,Delivery Delay,Medium,33.82,3,0
T0002319,C002998,2025-12-15,Product Question,Low,24.08,5,0
T0002320,C002999,2025-06-21,Damaged Item,Medium,29.52,4,0
T0002321,C003001,2024-04-29,Wrong Item,Low,25.01,3,1
T0002322,C003001,2025-08-08,Refund Request,Medium,3.59,5,1
T0002323,C003003,2026-04-17,Delivery Delay,Low,48.11,3,0
T0002324,C003003,2025-07-18,Account Issue,Medium,7.69,5,0
T0002325,C003003,2026-05-21,Delivery Delay,Low,13.61,3,0
T0002326,C003004,2025-10-12,Product Question,Low,8.61,4,0
T0002327,C003005,2026-03-08,Account Issue,Low,19.28,3,0
T0002328,C003007,2026-01-06,Product Question,Medium,7.18,5,0
T0002329,C003007,2025-09-20,Refund Request,Medium,7.77,3,1
T0002330,C003007,2025-09-04,Payment Issue,Medium,43.74,5,0
T0002331,C003011,2024-11-11,Refund Request,Low,46.18,5,1
T0002332,C003012,2026-03-25,Delivery Delay,High,3.26,5,0
T0002333,C003014,2025-06-24,Wrong Item,Medium,15.68,4,0
T0002334,C003015,2026-04-02,Account Issue,Medium,11.4,5,0
T0002335,C003015,2026-03-13,Payment Issue,Medium,8.76,5,0
T0002336,C003015,2026-04-15,Product Question,Medium,7.05,5,0
T0002337,C003016,2024-03-24,Refund Request,Medium,15.1,4,1
T0002338,C003016,2025-01-14,Damaged Item,Low,24.44,5,0
T0002339,C003019,2024-12-23,Refund Request,Low,67.82,4,1
T0002340,C003020,2025-12-15,Delivery Delay,Low,51.5,5,0
T0002341,C003020,2025-10-16,Product Question,Medium,30.55,5,0
T0002342,C003020,2026-01-02,Damaged Item,Low,70.78,4,0
T0002343,C003024,2025-12-15,Delivery Delay,Low,74.38,2,0
T0002344,C003025,2026-01-30,Delivery Delay,Low,7.6,5,0
T0002345,C003032,2026-05-30,Product Question,Low,49.9,3,0
T0002346,C003033,2025-10-22,Product Question,Medium,12.54,4,0
T0002347,C003036,2026-02-02,Refund Request,Medium,21.29,5,1
T0002348,C003039,2025-12-28,Delivery Delay,Medium,37.93,5,0
T0002349,C003041,2024-02-13,Payment Issue,Medium,46.23,4,0
T0002350,C003041,2025-08-13,Product Question,Medium,6.89,5,0
T0002351,C003044,2025-11-02,Refund Request,Medium,15.08,4,1
T0002352,C003044,2026-05-27,Account Issue,Low,13.05,5,0
T0002353,C003046,2024-10-11,Payment Issue,Low,53.33,4,0
T0002354,C003046,2025-02-27,Wrong Item,Medium,13.95,5,0
T0002355,C003050,2026-05-08,Delivery Delay,High,6.44,4,0
T0002356,C003052,2024-10-14,Wrong Item,Medium,8.87,5,1
T0002357,C003052,2025-05-19,Product Question,High,8.2,5,0
T0002358,C003052,2025-09-26,Account Issue,Medium,3.5,4,0
T0002359,C003052,2026-02-20,Product Question,Medium,41.0,5,0
T0002360,C003053,2026-03-02,Damaged Item,Medium,12.55,5,0
T0002361,C003054,2026-04-14,Product Question,Medium,10.15,5,0
T0002362,C003055,2026-03-12,Refund Request,Medium,35.4,5,1
T0002363,C003056,2025-05-31,Payment Issue,High,2.96,5,0
T0002364,C003058,2025-02-11,Delivery Delay,Low,76.31,4,0
T0002365,C003059,2025-08-29,Damaged Item,High,12.4,4,0
T0002366,C003060,2025-06-08,Damaged Item,Medium,11.01,5,0
T0002367,C003061,2025-12-21,Damaged Item,Low,12.69,5,1
T0002368,C003061,2025-05-23,Refund Request,Medium,8.21,5,1
T0002369,C003063,2026-04-14,Wrong Item,High,7.75,5,1
T0002370,C003065,2026-04-29,Refund Request,Medium,66.64,4,1
T0002371,C003066,2024-10-06,Account Issue,Low,22.16,5,0
T0002372,C003066,2025-09-17,Delivery Delay,Low,5.03,4,0
T0002373,C003068,2025-10-24,Product Question,Medium,24.29,5,0
T0002374,C003070,2024-10-28,Account Issue,Medium,41.13,4,0
T0002375,C003073,2025-04-09,Delivery Delay,Low,8.86,4,0
T0002376,C003073,2024-09-21,Payment Issue,Medium,6.42,5,0
T0002377,C003074,2025-06-22,Account Issue,Medium,19.25,5,0
T0002378,C003076,2025-11-28,Damaged Item,Low,21.14,4,1
T0002379,C003076,2025-09-27,Delivery Delay,Medium,34.73,4,0
T0002380,C003076,2025-10-04,Damaged Item,Low,18.51,5,0
T0002381,C003077,2024-02-24,Product Question,High,8.69,5,0
T0002382,C003077,2025-10-12,Refund Request,Low,29.43,4,1
T0002383,C003082,2026-05-23,Product Question,Medium,32.27,5,0
T0002384,C003085,2025-10-03,Product Question,High,5.24,5,0
T0002385,C003087,2026-04-05,Account Issue,Medium,26.56,5,0
T0002386,C003087,2026-05-12,Delivery Delay,Low,43.18,4,0
T0002387,C003088,2025-09-25,Account Issue,Low,64.35,3,0
T0002388,C003092,2026-01-13,Damaged Item,Medium,22.15,3,1
T0002389,C003093,2025-11-04,Delivery Delay,Medium,29.5,5,0
T0002390,C003093,2024-03-14,Product Question,Medium,9.23,5,0
T0002391,C003094,2025-12-18,Damaged Item,High,7.0,5,0
T0002392,C003096,2025-11-17,Refund Request,High,17.24,5,1
T0002393,C003096,2025-04-02,Product Question,Low,65.69,5,0
T0002394,C003097,2025-11-14,Delivery Delay,Low,30.82,3,0
T0002395,C003097,2024-06-09,Wrong Item,Medium,4.99,5,0
T0002396,C003101,2025-05-31,Account Issue,High,11.05,3,0
T0002397,C003101,2025-06-09,Account Issue,Low,78.82,4,0
T0002398,C003108,2024-09-05,Damaged Item,Medium,5.67,5,0
T0002399,C003108,2025-10-05,Delivery Delay,Medium,5.19,5,0
T0002400,C003109,2025-09-25,Wrong Item,Medium,0.5,5,1
T0002401,C003110,2025-10-10,Account Issue,Low,16.6,5,0
T0002402,C003110,2025-11-10,Product Question,High,13.94,5,0
T0002403,C003110,2025-12-11,Wrong Item,Medium,11.82,5,0
T0002404,C003111,2025-08-07,Damaged Item,Medium,15.19,5,0
T0002405,C003113,2025-01-22,Refund Request,Medium,17.23,5,1
T0002406,C003115,2025-08-12,Account Issue,Medium,1.63,4,0
T0002407,C003116,2026-04-12,Refund Request,Medium,6.45,5,1
T0002408,C003117,2026-02-27,Payment Issue,Medium,20.9,4,0
T0002409,C003118,2025-10-24,Account Issue,Low,20.24,4,0
T0002410,C003120,2026-03-04,Product Question,Medium,10.27,5,0
T0002411,C003121,2024-11-15,Account Issue,Medium,22.75,2,0
T0002412,C003122,2026-04-15,Account Issue,Low,30.28,4,0
T0002413,C003125,2024-01-30,Damaged Item,Medium,12.01,3,1
T0002414,C003125,2026-04-24,Payment Issue,High,7.76,5,0
T0002415,C003126,2026-01-18,Refund Request,Low,16.63,5,1
T0002416,C003127,2025-08-27,Payment Issue,Low,67.3,3,0
T0002417,C003128,2025-06-14,Delivery Delay,Low,10.97,5,0
T0002418,C003129,2025-04-24,Delivery Delay,Medium,19.55,5,0
T0002419,C003131,2024-12-13,Refund Request,Medium,10.26,5,1
T0002420,C003133,2025-12-11,Wrong Item,Medium,30.15,4,0
T0002421,C003134,2025-07-13,Account Issue,Medium,27.03,5,0
T0002422,C003136,2025-11-16,Account Issue,Low,62.51,4,0
T0002423,C003136,2026-02-04,Payment Issue,Medium,35.87,5,0
T0002424,C003140,2026-05-12,Payment Issue,Low,80.77,4,0
T0002425,C003140,2026-03-27,Payment Issue,High,5.38,4,0
T0002426,C003140,2026-03-18,Account Issue,High,14.82,5,0
T0002427,C003143,2025-09-25,Damaged Item,Low,23.7,5,1
T0002428,C003143,2024-10-26,Refund Request,Medium,35.32,4,1
T0002429,C003144,2026-04-01,Damaged Item,High,5.1,5,1
T0002430,C003144,2025-10-25,Product Question,Medium,4.38,5,0
T0002431,C003147,2024-06-12,Product Question,High,9.31,5,0
T0002432,C003148,2025-04-14,Delivery Delay,High,4.8,4,0
T0002433,C003148,2024-08-19,Product Question,Medium,9.88,5,0
T0002434,C003149,2025-07-25,Product Question,Low,9.4,5,0
T0002435,C003149,2026-05-23,Damaged Item,Low,13.09,5,0
T0002436,C003152,2025-06-29,Product Question,Low,36.42,4,0
T0002437,C003153,2025-01-10,Wrong Item,Low,5.3,5,0
T0002438,C003153,2025-08-28,Refund Request,Low,46.69,5,1
T0002439,C003157,2026-03-15,Delivery Delay,Medium,19.42,3,0
T0002440,C003158,2025-02-25,Refund Request,Medium,48.61,3,1
T0002441,C003161,2024-12-02,Account Issue,High,2.49,5,0
T0002442,C003163,2025-12-25,Refund Request,Medium,1.33,5,1
T0002443,C003164,2025-09-08,Product Question,Medium,20.58,4,0
T0002444,C003165,2024-05-25,Delivery Delay,Low,25.89,3,0
T0002445,C003166,2025-08-19,Delivery Delay,Low,74.22,3,0
T0002446,C003166,2025-04-18,Account Issue,Low,3.4,5,0
T0002447,C003168,2025-05-23,Delivery Delay,High,8.05,5,0
T0002448,C003169,2026-01-07,Refund Request,Medium,23.6,3,1
T0002449,C003170,2026-03-01,Product Question,Low,51.07,4,0
T0002450,C003170,2026-05-14,Delivery Delay,Medium,14.9,4,0
T0002451,C003171,2024-12-30,Account Issue,Medium,9.94,4,0
T0002452,C003172,2025-04-23,Refund Request,Medium,13.93,5,1
T0002453,C003174,2025-04-18,Product Question,Medium,3.87,4,0
T0002454,C003175,2025-11-22,Damaged Item,Low,36.22,5,0
T0002455,C003176,2026-05-06,Product Question,Low,42.53,4,0
T0002456,C003180,2025-11-18,Delivery Delay,Low,16.96,5,0
T0002457,C003180,2026-01-25,Account Issue,Medium,4.78,5,0
T0002458,C003183,2025-06-23,Product Question,Low,27.86,4,0
T0002459,C003184,2026-01-08,Refund Request,High,7.88,4,1
T0002460,C003187,2026-04-30,Product Question,Medium,15.19,5,0
T0002461,C003189,2024-09-21,Product Question,High,2.58,5,0
T0002462,C003189,2025-06-15,Refund Request,Low,6.56,5,1
T0002463,C003189,2025-03-05,Product Question,High,3.19,4,0
T0002464,C003193,2026-01-26,Product Question,Medium,7.66,5,0
T0002465,C003194,2025-12-30,Product Question,Medium,17.21,5,0
T0002466,C003194,2025-08-08,Wrong Item,Medium,14.7,5,1
T0002467,C003194,2025-05-25,Refund Request,High,5.92,5,1
T0002468,C003194,2024-04-14,Account Issue,Medium,34.01,4,0
T0002469,C003195,2025-08-18,Refund Request,Medium,7.8,5,1
T0002470,C003196,2025-03-20,Refund Request,Medium,26.99,5,1
T0002471,C003196,2024-10-28,Product Question,Low,11.95,5,0
T0002472,C003198,2025-09-04,Delivery Delay,Medium,35.25,4,0
T0002473,C003198,2025-09-28,Delivery Delay,Medium,14.6,4,0
T0002474,C003198,2024-12-12,Product Question,Low,10.45,5,0
T0002475,C003199,2025-08-14,Product Question,Low,5.88,5,0
T0002476,C003200,2026-04-17,Damaged Item,Medium,4.46,5,0
T0002477,C003200,2026-04-29,Payment Issue,Medium,13.08,5,0
T0002478,C003201,2025-04-20,Damaged Item,Medium,52.46,4,0
T0002479,C003201,2024-04-15,Product Question,Medium,19.54,4,0
T0002480,C003203,2025-07-31,Account Issue,Medium,11.53,5,0
T0002481,C003203,2025-06-27,Product Question,Low,45.68,5,0
T0002482,C003205,2025-11-17,Refund Request,Low,30.39,3,1
T0002483,C003206,2026-03-20,Account Issue,Low,49.03,4,0
T0002484,C003207,2024-05-03,Account Issue,Medium,39.15,5,0
T0002485,C003210,2025-04-22,Account Issue,Low,31.61,5,0
T0002486,C003211,2026-05-04,Payment Issue,High,5.27,4,0
T0002487,C003212,2026-03-19,Account Issue,Medium,30.51,5,0
T0002488,C003213,2025-11-14,Account Issue,Medium,6.51,5,0
T0002489,C003215,2026-04-18,Damaged Item,Medium,9.8,5,0
T0002490,C003216,2026-03-15,Delivery Delay,Medium,9.47,5,0
T0002491,C003217,2026-05-26,Account Issue,Low,95.5,5,0
T0002492,C003218,2026-03-23,Delivery Delay,Medium,34.65,5,0
T0002493,C003219,2026-05-21,Product Question,Low,35.14,4,0
T0002494,C003219,2026-04-23,Delivery Delay,Medium,14.51,5,0
T0002495,C003222,2024-07-20,Refund Request,Low,8.68,5,1
T0002496,C003222,2024-01-09,Refund Request,Medium,4.14,5,1
T0002497,C003223,2026-05-04,Product Question,Medium,35.58,5,0
T0002498,C003223,2026-05-16,Payment Issue,Medium,8.45,3,0
T0002499,C003223,2026-02-04,Product Question,Medium,2.17,5,0
T0002500,C003225,2026-04-27,Payment Issue,Medium,24.18,4,0
T0002501,C003225,2025-03-07,Refund Request,High,1.81,5,1
T0002502,C003225,2026-04-03,Refund Request,Low,5.91,5,1
T0002503,C003226,2025-12-26,Refund Request,Medium,4.56,5,1
T0002504,C003226,2026-05-11,Delivery Delay,Medium,2.08,5,0
T0002505,C003227,2026-03-13,Wrong Item,Low,45.64,5,0
T0002506,C003227,2025-07-08,Delivery Delay,Low,36.68,5,0
T0002507,C003227,2025-11-09,Damaged Item,Medium,15.94,4,0
T0002508,C003229,2025-01-02,Wrong Item,Medium,16.03,5,0
T0002509,C003231,2024-05-08,Product Question,Low,64.49,3,0
T0002510,C003232,2025-12-19,Delivery Delay,Medium,3.69,5,0
T0002511,C003232,2025-05-17,Damaged Item,Medium,14.29,5,1
T0002512,C003233,2025-03-28,Wrong Item,Low,49.59,5,0
T0002513,C003235,2024-01-13,Delivery Delay,Medium,6.73,5,0
T0002514,C003235,2024-06-12,Delivery Delay,Low,48.09,5,0
T0002515,C003236,2026-02-16,Product Question,Medium,9.08,5,0
T0002516,C003241,2026-03-03,Damaged Item,Low,17.5,4,0
T0002517,C003241,2026-04-03,Damaged Item,Medium,34.65,5,0
T0002518,C003242,2024-09-05,Delivery Delay,Medium,34.79,4,0
T0002519,C003245,2026-05-01,Product Question,Low,13.58,5,0
T0002520,C003245,2026-01-13,Refund Request,Low,27.78,4,1
T0002521,C003246,2026-03-09,Refund Request,Medium,3.34,5,1
T0002522,C003251,2024-12-31,Wrong Item,Medium,23.71,3,0
T0002523,C003252,2025-07-12,Refund Request,Low,28.85,2,1
T0002524,C003252,2025-12-13,Delivery Delay,Low,16.82,5,0
T0002525,C003253,2025-09-10,Refund Request,Low,27.82,3,1
T0002526,C003254,2024-09-11,Refund Request,Low,1.66,5,1
T0002527,C003255,2026-05-23,Wrong Item,Low,15.87,5,0
T0002528,C003255,2025-09-02,Refund Request,Low,15.99,5,1
T0002529,C003256,2024-08-25,Wrong Item,Medium,6.68,5,0
T0002530,C003256,2024-07-28,Payment Issue,Medium,12.34,4,0
T0002531,C003258,2026-02-08,Product Question,Low,24.15,5,0
T0002532,C003260,2025-10-21,Payment Issue,Low,63.14,4,0
T0002533,C003260,2025-11-04,Refund Request,Medium,11.41,3,1
T0002534,C003262,2024-01-08,Product Question,Low,23.75,4,0
T0002535,C003263,2026-05-22,Refund Request,Low,7.65,5,1
T0002536,C003264,2025-10-15,Damaged Item,High,1.14,5,0
T0002537,C003264,2025-01-27,Refund Request,Medium,3.7,5,1
T0002538,C003264,2025-01-04,Delivery Delay,Low,33.3,4,0
T0002539,C003266,2026-05-14,Refund Request,Medium,22.94,5,1
T0002540,C003267,2024-10-28,Refund Request,Medium,4.48,4,1
T0002541,C003267,2025-11-06,Refund Request,High,14.76,3,1
T0002542,C003267,2026-01-29,Damaged Item,Low,48.63,5,1
T0002543,C003268,2026-03-23,Delivery Delay,High,0.54,4,0
T0002544,C003268,2025-02-24,Damaged Item,Medium,15.98,5,1
T0002545,C003269,2025-06-22,Delivery Delay,Low,1.22,5,0
T0002546,C003269,2025-02-12,Account Issue,High,2.65,5,0
T0002547,C003269,2024-12-23,Wrong Item,High,7.2,5,0
T0002548,C003270,2025-06-29,Damaged Item,Low,2.4,5,1
T0002549,C003270,2025-10-08,Refund Request,Medium,1.58,5,1
T0002550,C003271,2025-11-23,Payment Issue,Medium,15.17,5,0
T0002551,C003271,2025-01-24,Product Question,Low,25.4,5,0
T0002552,C003271,2024-11-01,Damaged Item,Medium,2.7,5,0
T0002553,C003272,2025-08-14,Wrong Item,Low,14.86,4,0
T0002554,C003274,2026-05-19,Product Question,High,2.42,5,0
T0002555,C003275,2024-08-10,Product Question,Medium,7.3,5,0
T0002556,C003275,2025-01-02,Product Question,Medium,20.26,5,0
T0002557,C003276,2026-01-11,Refund Request,Low,6.65,5,1
T0002558,C003278,2024-12-10,Product Question,Medium,40.8,5,0
T0002559,C003281,2026-04-21,Product Question,Medium,9.86,5,0
T0002560,C003283,2025-09-08,Delivery Delay,Medium,10.14,5,0
T0002561,C003284,2025-11-06,Delivery Delay,Low,15.28,4,0
T0002562,C003284,2026-03-14,Payment Issue,Low,12.57,5,0
T0002563,C003285,2026-02-13,Account Issue,Medium,40.84,3,0
T0002564,C003285,2026-02-01,Delivery Delay,Medium,28.65,5,0
T0002565,C003286,2025-12-14,Delivery Delay,Medium,52.8,5,0
T0002566,C003287,2026-05-20,Delivery Delay,Medium,16.16,5,0
T0002567,C003291,2026-01-16,Wrong Item,Medium,9.24,5,0
T0002568,C003291,2024-08-18,Delivery Delay,Low,17.94,4,0
T0002569,C003291,2025-03-22,Payment Issue,High,13.41,5,0
T0002570,C003291,2024-07-16,Refund Request,Medium,5.07,5,1
T0002571,C003291,2026-04-15,Product Question,Medium,1.58,5,0
T0002572,C003297,2026-04-21,Damaged Item,High,12.66,5,1
T0002573,C003300,2025-05-21,Account Issue,Medium,19.97,4,0
T0002574,C003300,2024-05-07,Refund Request,Low,18.87,3,1
T0002575,C003303,2025-06-19,Delivery Delay,High,7.84,4,0
T0002576,C003303,2025-02-01,Product Question,High,2.26,5,0
T0002577,C003304,2026-03-08,Refund Request,Medium,23.07,5,1
T0002578,C003304,2026-02-07,Damaged Item,Medium,10.31,5,0
T0002579,C003307,2026-03-04,Payment Issue,Low,53.0,4,0
T0002580,C003307,2025-02-13,Refund Request,Medium,15.56,5,1
T0002581,C003309,2026-04-28,Refund Request,Low,91.08,5,1
T0002582,C003315,2024-12-17,Account Issue,Medium,28.69,5,0
T0002583,C003318,2026-05-19,Delivery Delay,High,11.72,5,0
T0002584,C003320,2025-12-07,Delivery Delay,Medium,2.5,5,0
T0002585,C003322,2026-02-13,Refund Request,Medium,0.83,4,1
T0002586,C003322,2026-03-19,Wrong Item,Medium,26.53,3,1
T0002587,C003326,2026-05-21,Product Question,High,14.08,5,0
T0002588,C003326,2026-05-16,Product Question,Low,29.4,5,0
T0002589,C003327,2024-07-20,Delivery Delay,High,19.6,5,0
T0002590,C003327,2025-07-23,Product Question,Medium,11.12,4,0
T0002591,C003327,2026-05-01,Delivery Delay,Low,25.49,5,0
T0002592,C003328,2025-09-09,Product Question,Medium,9.59,3,0
T0002593,C003329,2025-07-06,Damaged Item,Medium,6.7,5,0
T0002594,C003330,2025-08-05,Damaged Item,Low,12.56,4,0
T0002595,C003335,2026-03-03,Delivery Delay,Medium,13.29,4,0
T0002596,C003335,2026-04-20,Delivery Delay,Low,29.65,5,0
T0002597,C003336,2024-10-14,Wrong Item,High,13.17,3,0
T0002598,C003337,2024-03-30,Damaged Item,Low,17.64,4,1
T0002599,C003337,2024-10-02,Refund Request,High,4.54,5,1
T0002600,C003338,2025-11-13,Delivery Delay,Low,65.03,4,0
T0002601,C003339,2025-10-12,Product Question,Medium,5.32,5,0
T0002602,C003339,2026-04-13,Account Issue,High,3.39,4,0
T0002603,C003341,2025-11-18,Delivery Delay,Low,29.4,5,0
T0002604,C003342,2024-11-28,Account Issue,Low,22.35,2,0
T0002605,C003342,2026-03-22,Product Question,Low,14.4,4,0
T0002606,C003343,2026-04-01,Delivery Delay,Medium,4.41,4,0
T0002607,C003344,2026-04-07,Payment Issue,Low,7.65,5,0
T0002608,C003346,2024-04-14,Payment Issue,High,21.44,3,0
T0002609,C003350,2026-04-19,Account Issue,Medium,27.13,4,0
T0002610,C003350,2026-04-25,Damaged Item,Medium,4.98,4,0
T0002611,C003350,2026-03-17,Wrong Item,High,3.17,5,1
T0002612,C003351,2024-07-10,Wrong Item,Low,26.81,5,0
T0002613,C003351,2025-10-06,Payment Issue,Medium,13.44,5,0
T0002614,C003353,2025-07-02,Product Question,High,6.27,5,0
T0002615,C003354,2025-02-10,Product Question,Medium,29.19,5,0
T0002616,C003356,2025-09-20,Product Question,Low,28.13,5,0
T0002617,C003356,2026-03-04,Refund Request,Low,38.84,4,1
T0002618,C003359,2026-01-09,Wrong Item,Low,49.89,4,0
T0002619,C003361,2026-03-27,Delivery Delay,Low,1.7,3,0
T0002620,C003362,2025-03-11,Refund Request,Medium,32.09,5,1
T0002621,C003363,2026-04-06,Wrong Item,Low,45.4,4,1
T0002622,C003363,2026-05-28,Refund Request,Low,31.92,5,1
T0002623,C003364,2026-05-08,Refund Request,Medium,22.58,3,1
T0002624,C003368,2026-01-07,Refund Request,Low,25.87,5,1
T0002625,C003368,2026-02-24,Damaged Item,Medium,14.37,5,0
T0002626,C003370,2025-09-03,Account Issue,Low,9.09,4,0
T0002627,C003370,2026-05-27,Refund Request,Medium,8.48,5,1
T0002628,C003371,2025-03-07,Delivery Delay,Medium,7.32,5,0
T0002629,C003374,2026-05-16,Payment Issue,Medium,10.89,2,0
T0002630,C003375,2026-02-27,Delivery Delay,High,2.87,5,0
T0002631,C003375,2025-05-06,Delivery Delay,Low,18.72,5,0
T0002632,C003377,2026-01-05,Wrong Item,Low,64.67,3,0
T0002633,C003377,2026-04-13,Refund Request,Medium,11.84,4,1
T0002634,C003378,2025-08-02,Delivery Delay,High,9.24,5,0
T0002635,C003378,2024-12-20,Product Question,High,13.06,5,0
T0002636,C003378,2025-03-11,Account Issue,Low,77.42,2,0
T0002637,C003380,2026-05-04,Delivery Delay,Low,15.15,5,0
T0002638,C003381,2026-04-25,Payment Issue,Medium,8.09,4,0
T0002639,C003382,2026-02-25,Refund Request,Low,50.81,4,1
T0002640,C003384,2026-03-07,Payment Issue,Low,2.6,5,0
T0002641,C003385,2025-12-22,Delivery Delay,Medium,6.86,5,0
T0002642,C003385,2025-02-02,Refund Request,Medium,15.52,5,1
T0002643,C003390,2025-10-14,Product Question,High,8.12,5,0
T0002644,C003391,2025-05-02,Delivery Delay,Low,15.19,5,0
T0002645,C003391,2025-06-23,Product Question,Low,10.19,5,0
T0002646,C003392,2024-02-18,Delivery Delay,High,23.41,5,0
T0002647,C003392,2025-03-20,Refund Request,Medium,14.69,4,1
T0002648,C003393,2025-04-26,Account Issue,High,10.74,5,0
T0002649,C003397,2024-11-02,Refund Request,Low,17.23,4,1
T0002650,C003397,2025-07-05,Product Question,Medium,11.24,5,0
T0002651,C003398,2026-01-27,Payment Issue,Low,19.0,5,0
T0002652,C003398,2026-05-14,Product Question,Low,17.94,5,0
T0002653,C003399,2024-07-01,Payment Issue,Medium,20.13,5,0
T0002654,C003400,2026-02-26,Damaged Item,Medium,29.07,5,0
T0002655,C003400,2025-12-29,Account Issue,Medium,13.07,5,0
T0002656,C003401,2026-05-04,Delivery Delay,Medium,18.2,5,0
T0002657,C003403,2026-04-29,Refund Request,Low,61.94,5,1
T0002658,C003403,2026-03-02,Refund Request,Medium,6.58,5,1
T0002659,C003410,2024-10-29,Refund Request,Low,10.33,4,1
T0002660,C003411,2026-01-20,Account Issue,Medium,26.92,4,0
T0002661,C003413,2025-12-29,Product Question,Low,49.99,4,0
T0002662,C003417,2025-07-09,Refund Request,Low,43.03,3,1
T0002663,C003418,2026-05-06,Damaged Item,Medium,9.0,4,0
T0002664,C003420,2025-12-16,Product Question,Low,37.34,5,0
T0002665,C003420,2025-11-25,Payment Issue,Medium,13.78,5,0
T0002666,C003422,2026-02-14,Refund Request,Low,3.53,5,1
T0002667,C003427,2025-10-22,Account Issue,Low,32.55,4,0
T0002668,C003429,2025-01-18,Refund Request,High,12.9,4,1
T0002669,C003432,2025-01-01,Account Issue,Medium,26.62,5,0
T0002670,C003432,2025-01-16,Product Question,High,4.97,5,0
T0002671,C003432,2026-05-01,Payment Issue,High,9.98,5,0
T0002672,C003432,2024-08-01,Delivery Delay,High,10.4,4,0
T0002673,C003434,2025-01-12,Delivery Delay,Low,15.53,5,0
T0002674,C003435,2025-12-12,Product Question,Low,84.33,3,0
T0002675,C003435,2026-01-28,Payment Issue,Medium,23.35,4,0
T0002676,C003435,2025-09-09,Wrong Item,High,10.05,5,0
T0002677,C003435,2025-07-15,Wrong Item,Low,81.47,3,0
T0002678,C003436,2025-11-09,Payment Issue,Medium,3.14,4,0
T0002679,C003437,2024-10-31,Wrong Item,Low,86.83,4,0
T0002680,C003438,2025-07-30,Damaged Item,Medium,3.7,5,0
T0002681,C003438,2025-11-19,Refund Request,Medium,40.75,4,1
T0002682,C003438,2024-06-01,Refund Request,Medium,30.83,5,1
T0002683,C003438,2026-01-02,Refund Request,High,12.33,5,1
T0002684,C003438,2025-03-31,Account Issue,Low,22.13,5,0
T0002685,C003439,2025-02-10,Wrong Item,High,8.06,3,1
T0002686,C003439,2025-08-09,Payment Issue,Medium,2.29,4,0
T0002687,C003440,2025-12-02,Refund Request,Low,64.09,4,1
T0002688,C003440,2025-06-29,Product Question,Low,16.5,4,0
T0002689,C003440,2025-08-14,Damaged Item,Low,58.05,4,0
T0002690,C003441,2026-01-17,Payment Issue,Low,32.69,4,0
T0002691,C003443,2024-07-24,Payment Issue,Medium,25.33,5,0
T0002692,C003444,2025-06-28,Damaged Item,High,17.86,4,0
T0002693,C003446,2025-01-04,Account Issue,Low,21.72,5,0
T0002694,C003448,2025-07-30,Product Question,Low,7.51,5,0
T0002695,C003449,2025-07-25,Product Question,Low,10.57,4,0
T0002696,C003450,2026-05-07,Product Question,Medium,36.41,3,0
T0002697,C003457,2024-12-19,Payment Issue,Low,12.52,4,0
T0002698,C003461,2026-02-05,Damaged Item,Low,21.49,5,0
T0002699,C003462,2026-03-25,Delivery Delay,Low,40.68,5,0
T0002700,C003462,2026-04-15,Damaged Item,Medium,14.65,4,1
T0002701,C003462,2025-09-17,Damaged Item,Medium,18.66,5,1
T0002702,C003463,2025-10-31,Delivery Delay,Low,10.12,5,0
T0002703,C003465,2024-09-06,Wrong Item,Low,17.85,4,0
T0002704,C003470,2024-02-08,Delivery Delay,Medium,3.54,4,0
T0002705,C003475,2026-04-12,Refund Request,Low,10.44,4,1
T0002706,C003475,2026-03-07,Refund Request,High,1.51,5,1
T0002707,C003475,2026-04-23,Payment Issue,Medium,6.11,4,0
T0002708,C003476,2025-05-14,Wrong Item,Low,51.12,5,0
T0002709,C003476,2025-06-27,Product Question,High,3.52,5,0
T0002710,C003484,2025-09-10,Damaged Item,Low,30.76,5,0
T0002711,C003484,2025-09-21,Product Question,Low,33.68,4,0
T0002712,C003487,2024-11-21,Refund Request,Medium,2.49,4,1
T0002713,C003490,2026-03-22,Damaged Item,Medium,20.17,3,1
T0002714,C003490,2026-04-28,Refund Request,Low,14.97,4,1
T0002715,C003491,2026-05-26,Product Question,Low,13.24,4,0
T0002716,C003492,2026-02-08,Delivery Delay,High,12.87,3,0
T0002717,C003493,2025-05-23,Account Issue,Low,22.89,4,0
T0002718,C003494,2026-03-19,Delivery Delay,Medium,0.64,3,0
T0002719,C003495,2024-05-11,Wrong Item,Low,12.49,5,0
T0002720,C003496,2026-01-17,Payment Issue,High,9.62,5,0
T0002721,C003496,2025-12-02,Payment Issue,Medium,4.19,4,0
T0002722,C003496,2025-11-26,Product Question,Medium,3.25,4,0
T0002723,C003499,2026-04-25,Product Question,Low,2.66,5,0
T0002724,C003500,2024-04-19,Damaged Item,Medium,23.07,4,1
T0002725,C003502,2025-10-19,Refund Request,Medium,16.02,4,1
T0002726,C003504,2025-02-12,Product Question,Low,20.37,5,0
T0002727,C003504,2024-05-16,Account Issue,Low,16.34,5,0
T0002728,C003508,2024-11-24,Damaged Item,Medium,34.99,5,0
T0002729,C003508,2026-01-19,Product Question,Medium,16.25,5,0
T0002730,C003514,2026-04-28,Product Question,Low,25.82,4,0
T0002731,C003519,2025-03-11,Product Question,Low,28.11,4,0
T0002732,C003522,2024-05-21,Delivery Delay,Medium,47.39,4,0
T0002733,C003523,2026-05-10,Wrong Item,Medium,34.23,4,1
T0002734,C003524,2025-12-30,Delivery Delay,Medium,19.16,5,0
T0002735,C003528,2025-12-23,Payment Issue,Medium,24.52,4,0
T0002736,C003529,2025-02-05,Delivery Delay,Medium,21.14,5,0
T0002737,C003531,2025-09-01,Payment Issue,Medium,6.87,5,0
T0002738,C003531,2024-03-30,Delivery Delay,Medium,10.92,4,0
T0002739,C003534,2026-02-04,Refund Request,Medium,33.37,4,1
T0002740,C003535,2025-08-21,Product Question,Medium,1.11,4,0
T0002741,C003536,2025-11-23,Account Issue,Medium,21.41,3,0
T0002742,C003536,2025-07-06,Refund Request,Low,34.84,4,1
T0002743,C003537,2025-05-21,Wrong Item,Low,10.95,3,0
T0002744,C003539,2025-03-31,Damaged Item,High,11.3,5,0
T0002745,C003541,2025-08-18,Wrong Item,Medium,13.69,5,0
T0002746,C003541,2025-12-06,Account Issue,Medium,36.04,4,0
T0002747,C003542,2025-06-06,Wrong Item,Low,40.56,4,1
T0002748,C003542,2024-04-07,Refund Request,Medium,3.39,4,1
T0002749,C003549,2026-01-28,Damaged Item,Low,37.27,4,1
T0002750,C003550,2026-03-16,Product Question,Medium,40.01,5,0
T0002751,C003550,2026-01-09,Damaged Item,High,5.14,4,1
T0002752,C003553,2026-05-21,Account Issue,Medium,10.03,5,0
T0002753,C003553,2025-11-09,Product Question,Medium,46.76,4,0
T0002754,C003559,2025-10-26,Product Question,High,3.41,5,0
T0002755,C003559,2024-08-10,Payment Issue,Medium,9.69,5,0
T0002756,C003565,2026-04-01,Product Question,Medium,14.81,5,0
T0002757,C003566,2024-12-07,Payment Issue,Medium,14.15,5,0
T0002758,C003567,2026-05-31,Product Question,Medium,2.48,5,0
T0002759,C003567,2026-05-17,Refund Request,Medium,13.37,5,1
T0002760,C003567,2026-05-13,Payment Issue,Low,27.8,4,0
T0002761,C003569,2026-05-30,Account Issue,Medium,14.96,5,0
T0002762,C003570,2026-05-09,Product Question,Medium,18.4,5,0
T0002763,C003571,2026-05-03,Refund Request,Low,34.83,3,1
T0002764,C003571,2025-03-25,Product Question,Medium,20.61,4,0
T0002765,C003571,2026-02-13,Damaged Item,Low,8.79,5,0
T0002766,C003571,2025-10-28,Product Question,High,0.5,5,0
T0002767,C003572,2025-12-22,Delivery Delay,Low,31.41,5,0
T0002768,C003572,2026-02-06,Product Question,Medium,4.01,4,0
T0002769,C003573,2025-11-16,Account Issue,Low,36.72,4,0
T0002770,C003575,2025-08-14,Account Issue,Low,20.96,3,0
T0002771,C003581,2025-05-08,Product Question,Medium,7.84,5,0
T0002772,C003583,2024-02-16,Product Question,Low,17.11,5,0
T0002773,C003583,2024-07-03,Account Issue,Medium,20.11,5,0
T0002774,C003588,2026-05-09,Delivery Delay,High,8.16,4,0
T0002775,C003588,2026-04-08,Refund Request,Medium,5.17,5,1
T0002776,C003589,2025-06-03,Refund Request,Medium,18.69,4,1
T0002777,C003589,2024-07-19,Account Issue,High,7.25,5,0
T0002778,C003590,2024-03-19,Product Question,Low,20.47,5,0
T0002779,C003592,2024-11-23,Wrong Item,Medium,38.41,3,1
T0002780,C003592,2025-02-10,Product Question,Low,5.31,5,0
T0002781,C003599,2026-01-27,Refund Request,Medium,9.3,5,1
T0002782,C003605,2024-11-08,Delivery Delay,Medium,9.76,5,0
T0002783,C003605,2026-02-25,Account Issue,Medium,38.8,4,0
T0002784,C003608,2024-12-29,Refund Request,Medium,12.79,5,1
T0002785,C003611,2025-09-29,Delivery Delay,Low,4.86,5,0
T0002786,C003621,2026-03-16,Delivery Delay,High,10.81,5,0
T0002787,C003621,2026-04-16,Refund Request,Medium,2.35,5,1
T0002788,C003622,2024-12-29,Refund Request,Medium,24.44,5,1
T0002789,C003624,2025-09-05,Damaged Item,Medium,31.1,5,1
T0002790,C003625,2025-10-18,Delivery Delay,Low,36.17,5,0
T0002791,C003625,2025-09-12,Delivery Delay,Low,14.9,5,0
T0002792,C003627,2025-09-18,Wrong Item,Medium,11.77,5,0
T0002793,C003630,2024-05-27,Wrong Item,Low,17.74,5,1
T0002794,C003630,2024-01-23,Account Issue,Low,122.3,2,0
T0002795,C003631,2025-06-10,Account Issue,Medium,37.27,5,0
T0002796,C003633,2026-05-21,Product Question,High,5.81,5,0
T0002797,C003633,2025-12-01,Product Question,High,10.97,5,0
T0002798,C003633,2025-04-19,Refund Request,Medium,11.61,4,1
T0002799,C003635,2024-03-10,Damaged Item,High,8.06,5,0
T0002800,C003639,2025-10-08,Account Issue,Low,5.19,5,0
T0002801,C003643,2026-05-04,Account Issue,Low,56.97,5,0
T0002802,C003643,2026-05-28,Wrong Item,Medium,7.02,4,0
T0002803,C003644,2026-05-03,Damaged Item,Medium,17.81,5,0
T0002804,C003645,2024-05-11,Refund Request,Medium,35.44,4,1
T0002805,C003645,2025-02-25,Damaged Item,High,2.17,5,1
T0002806,C003647,2025-09-14,Account Issue,Medium,24.98,5,0
T0002807,C003650,2024-11-04,Delivery Delay,Medium,17.33,5,0
T0002808,C003650,2026-05-08,Account Issue,Low,22.72,5,0
T0002809,C003655,2026-02-20,Wrong Item,Low,15.8,5,0
T0002810,C003660,2025-08-09,Product Question,Medium,10.1,5,0
T0002811,C003665,2026-04-25,Refund Request,Medium,8.47,5,1
T0002812,C003666,2025-08-06,Wrong Item,Medium,15.09,5,1
T0002813,C003666,2024-06-25,Product Question,Medium,12.85,5,0
T0002814,C003669,2025-04-05,Account Issue,High,13.44,3,0
T0002815,C003669,2026-03-12,Delivery Delay,Medium,33.44,5,0
T0002816,C003669,2025-12-06,Delivery Delay,Medium,15.17,4,0
T0002817,C003674,2026-03-27,Product Question,Medium,21.47,5,0
T0002818,C003674,2025-07-30,Damaged Item,Low,26.5,5,1
T0002819,C003674,2025-01-16,Product Question,Low,10.15,5,0
T0002820,C003674,2025-03-25,Product Question,Medium,14.68,4,0
T0002821,C003675,2025-04-03,Payment Issue,Medium,12.23,5,0
T0002822,C003675,2025-06-10,Payment Issue,Medium,16.09,5,0
T0002823,C003678,2024-08-05,Refund Request,Medium,44.33,4,1
T0002824,C003678,2025-11-20,Damaged Item,Medium,14.06,5,1
T0002825,C003679,2026-04-18,Wrong Item,Medium,13.82,5,0
T0002826,C003680,2026-04-20,Wrong Item,Medium,21.05,5,1
T0002827,C003680,2025-11-27,Damaged Item,Medium,21.74,5,0
T0002828,C003682,2026-04-08,Account Issue,Medium,9.81,5,0
T0002829,C003683,2024-09-26,Product Question,Low,99.64,3,0
T0002830,C003683,2025-08-23,Wrong Item,Low,13.14,5,0
T0002831,C003684,2025-11-09,Refund Request,Medium,4.47,5,1
T0002832,C003686,2026-05-20,Payment Issue,Medium,14.69,4,0
T0002833,C003691,2026-02-27,Delivery Delay,Medium,2.99,5,0
T0002834,C003695,2026-01-04,Payment Issue,Medium,3.88,4,0
T0002835,C003695,2024-09-30,Damaged Item,Low,48.91,2,0
T0002836,C003696,2025-10-06,Product Question,Medium,31.11,4,0
T0002837,C003697,2026-02-09,Refund Request,Low,20.6,4,1
T0002838,C003697,2026-01-01,Delivery Delay,Medium,7.25,5,0
T0002839,C003698,2025-11-30,Product Question,Medium,23.42,5,0
T0002840,C003699,2025-01-15,Wrong Item,Medium,13.26,5,0
T0002841,C003700,2026-03-30,Delivery Delay,Low,7.26,5,0
T0002842,C003703,2024-10-12,Wrong Item,High,13.76,5,1
T0002843,C003706,2025-05-18,Damaged Item,Medium,5.07,5,0
T0002844,C003707,2025-11-02,Delivery Delay,Medium,34.22,4,0
T0002845,C003708,2025-08-10,Account Issue,Low,6.7,5,0
T0002846,C003708,2026-04-28,Wrong Item,Low,38.0,5,0
T0002847,C003708,2026-01-10,Refund Request,High,4.54,5,1
T0002848,C003714,2025-07-13,Account Issue,Medium,4.67,4,0
T0002849,C003716,2025-12-11,Refund Request,High,26.08,5,1
T0002850,C003716,2025-07-21,Damaged Item,Low,32.19,4,1
T0002851,C003716,2026-02-04,Refund Request,Medium,16.71,4,1
T0002852,C003717,2026-02-27,Account Issue,Medium,30.72,4,0
T0002853,C003717,2026-04-02,Account Issue,Medium,15.17,5,0
T0002854,C003719,2025-02-06,Account Issue,Medium,21.69,5,0
T0002855,C003721,2025-11-22,Delivery Delay,Medium,0.5,4,0
T0002856,C003725,2025-12-10,Wrong Item,Medium,9.93,5,1
T0002857,C003727,2026-05-24,Wrong Item,Low,57.66,3,0
T0002858,C003728,2026-04-11,Delivery Delay,Medium,2.55,5,0
T0002859,C003729,2025-06-26,Payment Issue,Medium,21.09,5,0
T0002860,C003732,2025-09-09,Delivery Delay,Low,32.56,5,0
T0002861,C003732,2026-02-16,Payment Issue,Medium,2.61,5,0
T0002862,C003734,2026-03-22,Refund Request,High,5.51,5,1
T0002863,C003735,2024-11-18,Refund Request,Medium,13.83,5,1
T0002864,C003736,2025-02-16,Refund Request,Medium,23.32,5,1
T0002865,C003737,2024-05-13,Wrong Item,Medium,20.37,5,0
T0002866,C003737,2025-03-21,Delivery Delay,High,11.46,5,0
T0002867,C003738,2026-05-01,Refund Request,Medium,11.82,4,1
T0002868,C003739,2026-04-15,Product Question,Low,57.9,5,0
T0002869,C003741,2025-11-12,Refund Request,High,4.29,5,1
T0002870,C003742,2025-02-24,Account Issue,High,10.02,5,0
T0002871,C003745,2025-05-07,Payment Issue,High,12.69,4,0
T0002872,C003749,2025-11-15,Product Question,High,4.91,5,0
T0002873,C003749,2025-10-04,Payment Issue,Medium,9.51,5,0
T0002874,C003752,2025-12-06,Refund Request,Low,73.87,3,1
T0002875,C003752,2025-10-23,Product Question,Medium,14.75,5,0
T0002876,C003753,2025-11-24,Delivery Delay,High,9.51,4,0
T0002877,C003753,2025-04-27,Damaged Item,Medium,10.95,5,1
T0002878,C003753,2026-01-27,Refund Request,Low,14.26,5,1
T0002879,C003754,2024-01-30,Refund Request,Medium,25.98,5,1
T0002880,C003756,2024-11-02,Refund Request,Low,46.44,4,1
T0002881,C003760,2026-01-27,Account Issue,Medium,27.29,4,0
T0002882,C003763,2024-09-09,Refund Request,Low,17.99,5,1
T0002883,C003764,2026-01-27,Delivery Delay,High,9.29,4,0
T0002884,C003764,2025-11-25,Damaged Item,Low,8.21,5,0
T0002885,C003767,2025-06-02,Product Question,Low,43.66,4,0
T0002886,C003772,2024-12-20,Refund Request,High,2.68,5,1
T0002887,C003774,2026-03-18,Product Question,High,4.22,5,0
T0002888,C003775,2025-12-20,Product Question,Low,6.57,5,0
T0002889,C003777,2025-11-12,Wrong Item,High,4.37,4,1
T0002890,C003779,2025-11-02,Delivery Delay,Medium,2.83,5,0
T0002891,C003780,2024-06-26,Refund Request,Medium,49.91,4,1
T0002892,C003780,2025-11-27,Account Issue,High,1.04,5,0
T0002893,C003780,2026-02-20,Delivery Delay,High,16.78,5,0
T0002894,C003780,2025-12-26,Delivery Delay,Low,59.55,4,0
T0002895,C003781,2026-05-29,Damaged Item,Medium,15.35,5,0
T0002896,C003788,2025-01-29,Delivery Delay,High,7.95,3,0
T0002897,C003794,2026-05-31,Delivery Delay,High,2.68,5,0
T0002898,C003794,2024-03-06,Product Question,Low,28.57,5,0
T0002899,C003794,2024-07-26,Refund Request,Low,14.18,4,1
T0002900,C003795,2025-07-29,Damaged Item,High,11.71,4,1
T0002901,C003795,2025-07-13,Account Issue,Low,14.32,5,0
T0002902,C003796,2025-08-06,Damaged Item,Medium,32.45,5,0
T0002903,C003796,2026-04-18,Product Question,Medium,17.81,5,0
T0002904,C003796,2026-01-21,Damaged Item,Medium,23.04,5,0
T0002905,C003797,2025-05-12,Delivery Delay,Low,33.5,5,0
T0002906,C003799,2026-04-05,Account Issue,Medium,10.47,5,0
T0002907,C003799,2026-04-08,Account Issue,High,4.74,5,0
T0002908,C003800,2026-03-01,Delivery Delay,Low,14.1,5,0
T0002909,C003803,2025-11-15,Account Issue,Medium,19.05,4,0
T0002910,C003803,2026-04-15,Refund Request,Medium,31.41,5,1
T0002911,C003804,2024-12-13,Wrong Item,Medium,19.61,5,0
T0002912,C003804,2025-02-25,Refund Request,Low,52.04,3,1
T0002913,C003806,2024-07-31,Payment Issue,Medium,24.28,5,0
T0002914,C003806,2025-03-06,Refund Request,Medium,8.48,5,1
T0002915,C003807,2024-07-03,Delivery Delay,Low,10.98,5,0
T0002916,C003809,2026-05-04,Wrong Item,Low,3.55,5,0
T0002917,C003811,2025-01-24,Product Question,Low,36.48,5,0
T0002918,C003813,2025-07-01,Refund Request,High,6.86,5,1
T0002919,C003814,2025-11-09,Delivery Delay,Medium,19.2,5,0
T0002920,C003814,2025-08-27,Refund Request,Medium,5.21,5,1
T0002921,C003814,2025-06-04,Damaged Item,Medium,19.15,5,0
T0002922,C003815,2025-09-01,Wrong Item,High,2.6,4,0
T0002923,C003815,2025-07-13,Refund Request,High,3.03,5,1
T0002924,C003816,2024-11-05,Delivery Delay,High,7.21,5,0
T0002925,C003819,2026-05-13,Damaged Item,High,2.9,5,0
T0002926,C003819,2026-03-17,Refund Request,High,7.8,5,1
T0002927,C003824,2026-03-01,Delivery Delay,Low,9.4,5,0
T0002928,C003824,2026-03-18,Damaged Item,Low,17.07,5,0
T0002929,C003824,2026-04-09,Account Issue,High,14.52,4,0
T0002930,C003825,2025-06-05,Product Question,High,13.9,5,0
T0002931,C003826,2025-12-04,Damaged Item,Medium,29.55,5,0
T0002932,C003826,2025-07-03,Delivery Delay,Low,48.43,5,0
T0002933,C003829,2026-03-05,Payment Issue,Low,61.4,5,0
T0002934,C003831,2024-05-27,Delivery Delay,Medium,8.75,5,0
T0002935,C003833,2026-01-27,Damaged Item,Low,13.98,4,1
T0002936,C003833,2026-02-21,Damaged Item,High,6.99,5,0
T0002937,C003835,2025-10-11,Product Question,Low,57.13,5,0
T0002938,C003835,2025-09-16,Refund Request,High,8.97,5,1
T0002939,C003835,2025-05-09,Product Question,Low,33.96,4,0
T0002940,C003840,2024-05-10,Account Issue,Low,60.09,2,0
T0002941,C003840,2025-12-11,Refund Request,Low,47.29,5,1
T0002942,C003843,2026-01-13,Product Question,Medium,12.02,4,0
T0002943,C003845,2026-01-24,Product Question,High,23.92,4,0
T0002944,C003846,2025-10-03,Refund Request,Medium,30.35,2,1
T0002945,C003846,2026-01-31,Wrong Item,Low,21.4,5,1
T0002946,C003846,2025-08-12,Wrong Item,Medium,15.28,5,0
T0002947,C003846,2026-01-29,Product Question,High,7.33,5,0
T0002948,C003847,2025-06-21,Damaged Item,Medium,24.9,5,0
T0002949,C003848,2025-10-27,Damaged Item,Medium,14.5,4,0
T0002950,C003848,2025-07-03,Delivery Delay,Medium,2.31,5,0
T0002951,C003853,2024-08-28,Delivery Delay,Medium,6.33,5,0
T0002952,C003853,2026-01-06,Product Question,Medium,24.25,3,0
T0002953,C003855,2025-08-18,Wrong Item,High,6.07,5,0
T0002954,C003855,2025-08-28,Delivery Delay,High,9.75,5,0
T0002955,C003857,2024-08-06,Refund Request,Low,46.56,5,1
T0002956,C003858,2026-01-10,Wrong Item,Medium,25.61,4,0
T0002957,C003861,2024-05-13,Product Question,Low,23.4,2,0
T0002958,C003864,2026-04-01,Damaged Item,Low,54.95,3,0
T0002959,C003869,2026-02-09,Wrong Item,Medium,21.2,4,0
T0002960,C003870,2025-02-03,Delivery Delay,High,3.1,5,0
T0002961,C003872,2026-02-09,Refund Request,Medium,12.88,3,1
T0002962,C003877,2026-05-16,Product Question,Medium,3.3,5,0
T0002963,C003877,2026-04-21,Damaged Item,Medium,35.5,4,1
T0002964,C003878,2025-09-01,Delivery Delay,Low,10.94,5,0
T0002965,C003878,2025-02-22,Account Issue,Low,28.81,4,0
T0002966,C003880,2026-02-27,Delivery Delay,High,25.17,5,0
T0002967,C003881,2025-04-06,Delivery Delay,Low,18.61,5,0
T0002968,C003881,2026-05-11,Damaged Item,Medium,20.77,5,1
T0002969,C003881,2026-02-14,Product Question,Medium,15.85,4,0
T0002970,C003883,2025-10-29,Payment Issue,Low,24.38,5,0
T0002971,C003884,2026-05-21,Wrong Item,Medium,24.31,5,0
T0002972,C003886,2025-09-23,Refund Request,Low,47.37,5,1
T0002973,C003889,2025-02-04,Refund Request,Low,37.38,4,1
T0002974,C003890,2026-04-06,Account Issue,Low,42.33,4,0
T0002975,C003890,2026-05-25,Refund Request,Low,9.51,5,1
T0002976,C003894,2026-05-11,Payment Issue,Low,15.78,5,0
T0002977,C003895,2025-10-04,Payment Issue,Low,32.87,2,0
T0002978,C003896,2025-12-29,Refund Request,Low,91.21,2,1
T0002979,C003900,2024-02-10,Product Question,High,10.63,5,0
T0002980,C003900,2025-11-10,Damaged Item,High,2.87,3,0
T0002981,C003903,2026-05-21,Delivery Delay,Low,48.39,5,0
T0002982,C003905,2026-03-01,Refund Request,Low,23.11,4,1
T0002983,C003906,2026-05-23,Delivery Delay,Medium,4.4,5,0
T0002984,C003906,2025-11-01,Delivery Delay,High,5.97,5,0
T0002985,C003909,2024-10-12,Product Question,High,2.88,5,0
T0002986,C003910,2026-05-08,Payment Issue,Low,38.29,5,0
T0002987,C003914,2026-05-06,Product Question,Medium,8.82,4,0
T0002988,C003915,2026-01-16,Refund Request,Medium,18.69,5,1
T0002989,C003917,2026-03-27,Payment Issue,Medium,11.81,5,0
T0002990,C003921,2025-10-16,Refund Request,High,2.69,5,1
T0002991,C003921,2024-11-14,Damaged Item,Low,44.0,4,0
T0002992,C003922,2025-07-07,Damaged Item,Medium,6.25,5,0
T0002993,C003923,2026-03-23,Account Issue,Low,51.74,5,0
T0002994,C003924,2025-01-31,Account Issue,High,3.82,5,0
T0002995,C003924,2026-04-17,Wrong Item,Medium,7.3,5,0
T0002996,C003925,2026-04-25,Delivery Delay,High,9.83,5,0
T0002997,C003927,2026-01-03,Product Question,Medium,16.26,5,0
T0002998,C003927,2026-02-12,Account Issue,Medium,44.53,5,0
T0002999,C003928,2025-11-30,Refund Request,Medium,25.24,5,1
T0003000,C003929,2026-03-15,Product Question,High,5.71,4,0
T0003001,C003930,2026-05-24,Product Question,High,1.12,5,0
T0003002,C003930,2026-04-28,Product Question,Medium,8.25,5,0
T0003003,C003931,2026-02-04,Account Issue,High,9.69,5,0
T0003004,C003931,2025-08-22,Product Question,Medium,10.67,4,0
T0003005,C003938,2026-05-13,Product Question,Medium,11.47,5,0
T0003006,C003938,2025-05-28,Delivery Delay,Medium,18.91,4,0
T0003007,C003939,2024-08-21,Damaged Item,Low,45.2,4,0
T0003008,C003939,2025-11-19,Delivery Delay,Medium,9.56,5,0
T0003009,C003939,2025-08-23,Account Issue,Medium,5.62,5,0
T0003010,C003940,2025-09-03,Payment Issue,Medium,29.78,3,0
T0003011,C003941,2025-03-16,Damaged Item,Medium,6.9,4,0
T0003012,C003941,2024-05-31,Delivery Delay,Medium,27.28,4,0
T0003013,C003941,2025-01-28,Account Issue,Medium,24.4,5,0
T0003014,C003942,2025-01-02,Product Question,Medium,17.45,3,0
T0003015,C003944,2026-03-03,Payment Issue,Low,1.38,5,0
T0003016,C003946,2026-02-17,Refund Request,Low,19.63,5,1
T0003017,C003946,2026-02-11,Refund Request,High,4.05,4,1
T0003018,C003948,2024-07-22,Payment Issue,Low,5.03,5,0
T0003019,C003949,2025-09-21,Product Question,Medium,35.36,4,0
T0003020,C003950,2025-05-13,Delivery Delay,Low,6.24,5,0
T0003021,C003955,2026-05-28,Payment Issue,Low,11.0,5,0
T0003022,C003955,2026-03-14,Wrong Item,Medium,31.96,5,1
T0003023,C003958,2024-12-11,Refund Request,Medium,6.54,4,1
T0003024,C003960,2026-01-18,Damaged Item,Medium,39.09,4,0
T0003025,C003961,2025-11-25,Product Question,Medium,12.09,5,0
T0003026,C003961,2026-02-18,Refund Request,Low,39.59,4,1
T0003027,C003961,2026-02-27,Refund Request,Medium,17.07,4,1
T0003028,C003964,2024-05-27,Delivery Delay,High,5.17,5,0
T0003029,C003964,2025-09-09,Product Question,Medium,12.94,5,0
T0003030,C003966,2024-08-09,Damaged Item,Medium,18.73,5,0
T0003031,C003966,2025-09-26,Product Question,Medium,10.91,5,0
T0003032,C003967,2026-02-14,Refund Request,High,6.29,4,1
T0003033,C003967,2025-06-05,Wrong Item,Medium,40.61,4,1
T0003034,C003968,2024-12-02,Account Issue,Low,27.55,5,0
T0003035,C003969,2025-12-24,Refund Request,Medium,14.6,4,1
T0003036,C003972,2025-05-03,Delivery Delay,Medium,22.58,5,0
T0003037,C003975,2025-01-07,Wrong Item,Low,25.57,5,1
T0003038,C003977,2024-07-17,Product Question,Medium,8.99,5,0
T0003039,C003980,2026-02-26,Account Issue,High,1.78,4,0
T0003040,C003984,2026-05-08,Product Question,Low,6.78,5,0
T0003041,C003984,2025-06-12,Payment Issue,Medium,42.52,5,0
T0003042,C003987,2025-08-10,Refund Request,High,6.04,5,1
T0003043,C003988,2025-08-11,Delivery Delay,Medium,26.53,4,0
T0003044,C003989,2024-11-11,Damaged Item,Low,48.46,3,0
T0003045,C003990,2025-11-08,Product Question,Medium,11.25,3,0
T0003046,C003990,2025-12-03,Damaged Item,High,8.58,5,0
T0003047,C003992,2026-02-03,Product Question,Low,25.84,5,0
T0003048,C003992,2026-04-14,Product Question,Medium,13.28,4,0
T0003049,C003994,2024-12-29,Delivery Delay,Medium,10.39,4,0
T0003050,C003995,2025-12-19,Damaged Item,Medium,19.82,5,0
T0003051,C003996,2025-10-18,Product Question,Low,20.25,4,0
T0003052,C003996,2025-11-04,Delivery Delay,Low,22.18,4,0
T0003053,C003999,2025-08-24,Refund Request,Low,15.43,5,1
T0003054,C004000,2026-05-24,Account Issue,Low,19.42,5,0
T0003055,C004000,2026-02-01,Damaged Item,Medium,10.83,5,0
T0003056,C004000,2026-03-02,Account Issue,High,8.53,5,0
T0003057,C004001,2025-12-21,Payment Issue,Medium,14.36,5,0
T0003058,C004004,2025-03-12,Refund Request,Low,52.83,4,1
T0003059,C004005,2025-10-12,Product Question,Low,18.51,5,0
T0003060,C004006,2026-03-24,Product Question,High,13.11,5,0
T0003061,C004009,2025-10-03,Product Question,High,5.91,5,0
T0003062,C004009,2026-02-07,Product Question,High,12.61,4,0
T0003063,C004010,2026-05-18,Refund Request,High,2.7,5,1
T0003064,C004011,2025-08-22,Wrong Item,Medium,27.55,5,0
T0003065,C004014,2026-01-08,Payment Issue,Low,28.48,4,0
T0003066,C004016,2026-05-30,Product Question,Low,37.68,5,0
T0003067,C004017,2025-09-04,Refund Request,Medium,28.32,3,1
T0003068,C004017,2025-10-28,Refund Request,Low,9.09,5,1
T0003069,C004018,2024-02-22,Wrong Item,Low,18.79,5,0
T0003070,C004018,2025-06-25,Payment Issue,Medium,14.39,4,0
T0003071,C004019,2024-11-20,Delivery Delay,Low,10.94,5,0
T0003072,C004021,2025-07-07,Product Question,Low,32.77,5,0
T0003073,C004022,2025-07-25,Refund Request,Medium,8.14,5,1
T0003074,C004022,2025-04-01,Damaged Item,Medium,20.91,4,0
T0003075,C004022,2025-04-29,Delivery Delay,Medium,2.2,5,0
T0003076,C004025,2026-01-14,Refund Request,Low,39.94,5,1
T0003077,C004027,2026-02-25,Product Question,Medium,18.02,5,0
T0003078,C004028,2026-02-06,Payment Issue,Medium,31.97,4,0
T0003079,C004028,2025-11-10,Payment Issue,Medium,34.18,5,0
T0003080,C004029,2026-02-18,Account Issue,Medium,6.81,5,0
T0003081,C004029,2025-08-31,Account Issue,Low,57.82,3,0
T0003082,C004030,2026-05-21,Refund Request,High,12.79,5,1
T0003083,C004034,2025-01-26,Product Question,Medium,9.2,4,0
T0003084,C004035,2026-05-17,Product Question,Medium,8.52,4,0
T0003085,C004036,2025-09-11,Damaged Item,Medium,19.46,5,1
T0003086,C004038,2025-09-15,Refund Request,High,3.49,4,1
T0003087,C004041,2025-07-29,Product Question,Low,89.64,4,0
T0003088,C004043,2024-08-30,Refund Request,High,6.35,4,1
T0003089,C004045,2026-03-27,Wrong Item,Medium,25.7,5,0
T0003090,C004046,2026-05-10,Wrong Item,Medium,4.32,4,0
T0003091,C004047,2026-04-23,Payment Issue,Medium,20.89,4,0
T0003092,C004048,2026-03-28,Product Question,Low,37.32,4,0
T0003093,C004048,2026-02-07,Refund Request,Medium,4.56,4,1
T0003094,C004049,2025-12-16,Refund Request,Medium,12.66,5,1
T0003095,C004050,2024-03-17,Product Question,High,3.75,5,0
T0003096,C004051,2025-11-16,Product Question,Medium,6.68,5,0
T0003097,C004051,2025-12-06,Refund Request,Medium,12.81,5,1
T0003098,C004051,2026-04-12,Payment Issue,Medium,28.85,5,0
T0003099,C004053,2024-10-13,Product Question,Medium,17.8,5,0
T0003100,C004057,2024-03-09,Account Issue,Low,67.32,5,0
T0003101,C004058,2025-03-03,Refund Request,Low,8.0,4,1
T0003102,C004059,2025-03-06,Account Issue,Medium,9.97,5,0
T0003103,C004059,2024-11-10,Delivery Delay,Medium,4.1,4,0
T0003104,C004059,2024-02-11,Delivery Delay,Medium,22.63,4,0
T0003105,C004059,2024-06-11,Delivery Delay,High,18.18,5,0
T0003106,C004060,2026-05-26,Damaged Item,High,15.91,5,0
T0003107,C004060,2026-05-18,Damaged Item,Medium,37.69,3,1
T0003108,C004061,2024-08-08,Refund Request,High,5.18,5,1
T0003109,C004062,2024-07-12,Damaged Item,Low,25.53,5,1
T0003110,C004062,2025-05-07,Account Issue,Low,138.17,1,0
T0003111,C004062,2026-02-23,Wrong Item,Medium,15.28,5,0
T0003112,C004063,2026-05-01,Refund Request,Low,4.62,4,1
T0003113,C004066,2026-05-17,Refund Request,Medium,12.87,5,1
T0003114,C004070,2026-05-21,Refund Request,Low,75.79,3,1
T0003115,C004071,2025-02-24,Product Question,High,14.25,5,0
T0003116,C004072,2026-05-27,Payment Issue,Medium,11.68,3,0
T0003117,C004073,2025-12-25,Account Issue,Medium,8.54,5,0
T0003118,C004073,2025-07-18,Delivery Delay,Medium,32.28,3,0
T0003119,C004074,2025-07-02,Product Question,High,23.91,5,0
T0003120,C004075,2024-11-17,Product Question,Low,10.08,5,0
T0003121,C004076,2025-04-01,Account Issue,Medium,12.59,5,0
T0003122,C004076,2025-05-23,Product Question,Medium,42.35,3,0
T0003123,C004078,2025-01-13,Refund Request,Medium,11.67,4,1
T0003124,C004079,2024-05-17,Product Question,Medium,11.24,5,0
T0003125,C004080,2026-02-11,Refund Request,Medium,13.1,5,1
T0003126,C004082,2026-04-17,Damaged Item,Medium,18.09,5,0
T0003127,C004082,2026-05-27,Account Issue,Medium,12.1,5,0
T0003128,C004084,2025-10-29,Wrong Item,High,4.07,5,0
T0003129,C004086,2025-08-16,Refund Request,Low,7.64,5,1
T0003130,C004086,2025-07-31,Product Question,Medium,10.32,5,0
T0003131,C004087,2026-05-06,Damaged Item,Low,13.67,3,0
T0003132,C004088,2025-06-15,Account Issue,Low,20.42,3,0
T0003133,C004089,2026-05-16,Refund Request,Low,11.71,5,1
T0003134,C004089,2026-05-31,Damaged Item,Low,26.42,5,1
T0003135,C004093,2026-01-10,Account Issue,Medium,15.4,5,0
T0003136,C004093,2025-11-24,Payment Issue,High,14.47,5,0
T0003137,C004096,2026-05-09,Account Issue,Low,58.83,3,0
T0003138,C004096,2024-12-30,Delivery Delay,Medium,34.58,5,0
T0003139,C004097,2025-01-10,Delivery Delay,Medium,18.73,5,0
T0003140,C004099,2025-08-25,Product Question,Medium,13.81,5,0
T0003141,C004100,2024-04-27,Refund Request,High,5.57,5,1
T0003142,C004100,2025-12-02,Refund Request,Low,82.9,3,1
T0003143,C004100,2024-03-28,Refund Request,Medium,14.79,5,1
T0003144,C004101,2025-06-20,Delivery Delay,High,8.79,5,0
T0003145,C004101,2025-10-14,Wrong Item,Medium,17.6,4,0
T0003146,C004103,2025-10-23,Account Issue,High,11.62,4,0
T0003147,C004103,2024-12-10,Account Issue,Medium,9.44,4,0
T0003148,C004106,2025-12-31,Product Question,Medium,21.24,4,0
T0003149,C004106,2026-01-15,Refund Request,Medium,17.32,4,1
T0003150,C004113,2025-09-29,Wrong Item,Medium,5.71,5,0
T0003151,C004114,2025-09-30,Damaged Item,Medium,17.56,4,1
T0003152,C004116,2025-11-15,Payment Issue,Low,39.7,4,0
T0003153,C004119,2025-11-01,Damaged Item,Low,4.28,5,1
T0003154,C004120,2025-03-23,Payment Issue,Low,30.17,4,0
T0003155,C004123,2026-01-08,Product Question,Medium,9.2,3,0
T0003156,C004123,2024-09-27,Damaged Item,Medium,3.12,5,0
T0003157,C004125,2025-08-02,Refund Request,Medium,19.59,5,1
T0003158,C004126,2025-10-02,Delivery Delay,Low,22.25,4,0
T0003159,C004126,2025-10-24,Product Question,Medium,10.72,5,0
T0003160,C004126,2024-04-01,Delivery Delay,Medium,45.78,5,0
T0003161,C004127,2025-08-05,Delivery Delay,Medium,26.24,5,0
T0003162,C004128,2025-04-08,Account Issue,Medium,49.04,4,0
T0003163,C004129,2024-12-07,Refund Request,Low,7.46,5,1
T0003164,C004130,2025-09-14,Payment Issue,Medium,20.9,4,0
T0003165,C004131,2025-05-26,Damaged Item,Low,57.93,2,0
T0003166,C004133,2025-05-23,Payment Issue,Medium,7.34,4,0
T0003167,C004133,2025-10-04,Delivery Delay,Low,31.94,5,0
T0003168,C004134,2026-01-19,Delivery Delay,Medium,1.83,5,0
T0003169,C004136,2026-02-17,Delivery Delay,Low,73.44,4,0
T0003170,C004137,2025-07-14,Delivery Delay,Low,24.65,4,0
T0003171,C004137,2026-02-09,Damaged Item,Medium,12.59,5,1
T0003172,C004138,2025-05-15,Refund Request,High,11.18,5,1
T0003173,C004138,2025-09-13,Account Issue,High,12.36,5,0
T0003174,C004140,2026-05-20,Damaged Item,High,2.79,5,0
T0003175,C004140,2024-09-02,Product Question,Medium,25.42,5,0
T0003176,C004141,2025-09-11,Account Issue,Medium,5.61,3,0
T0003177,C004141,2026-02-13,Damaged Item,High,10.24,5,0
T0003178,C004141,2026-05-14,Product Question,Medium,11.54,5,0
T0003179,C004142,2026-04-08,Product Question,Low,3.11,5,0
T0003180,C004143,2026-02-15,Account Issue,Low,16.82,3,0
T0003181,C004144,2026-05-08,Product Question,High,5.86,5,0
T0003182,C004144,2026-02-21,Product Question,Medium,15.19,4,0
T0003183,C004146,2026-03-21,Damaged Item,Low,11.02,5,0
T0003184,C004147,2025-06-30,Payment Issue,Medium,26.07,3,0
T0003185,C004150,2026-03-29,Product Question,Low,13.75,5,0
T0003186,C004152,2025-05-17,Delivery Delay,High,6.95,5,0
T0003187,C004157,2025-06-14,Refund Request,Low,46.82,4,1
T0003188,C004157,2025-04-09,Damaged Item,Low,13.52,5,1
T0003189,C004158,2026-03-05,Wrong Item,Low,12.31,3,0
T0003190,C004161,2024-02-22,Wrong Item,Medium,47.95,4,0
T0003191,C004162,2026-04-08,Wrong Item,High,12.89,5,1
T0003192,C004164,2025-06-10,Delivery Delay,Medium,9.65,5,0
T0003193,C004164,2026-02-09,Refund Request,High,11.79,3,1
T0003194,C004165,2026-03-15,Payment Issue,High,4.47,5,0
T0003195,C004168,2025-05-27,Payment Issue,Medium,5.66,5,0
T0003196,C004168,2025-10-04,Damaged Item,Low,41.28,4,1
T0003197,C004170,2024-05-09,Damaged Item,High,25.08,5,1
T0003198,C004174,2025-10-12,Product Question,Low,26.07,3,0
T0003199,C004175,2025-05-08,Wrong Item,Low,26.6,3,0
T0003200,C004175,2024-10-10,Delivery Delay,High,2.93,5,0
T0003201,C004176,2025-07-20,Damaged Item,Medium,10.24,5,0
T0003202,C004179,2025-09-19,Product Question,High,32.0,5,0
T0003203,C004180,2026-01-01,Refund Request,Medium,29.98,5,1
T0003204,C004180,2025-12-27,Product Question,High,1.79,5,0
T0003205,C004182,2025-06-01,Wrong Item,Medium,41.03,4,0
T0003206,C004183,2026-03-06,Damaged Item,High,5.82,5,1
T0003207,C004185,2026-03-29,Account Issue,Low,7.83,5,0
T0003208,C004186,2025-09-07,Refund Request,Low,58.29,5,1
T0003209,C004186,2025-04-28,Delivery Delay,Medium,10.95,5,0
T0003210,C004187,2026-04-05,Damaged Item,Low,26.21,5,1
T0003211,C004187,2026-05-25,Payment Issue,Low,41.63,4,0
T0003212,C004187,2026-04-26,Product Question,Low,51.23,4,0
T0003213,C004187,2026-05-03,Damaged Item,High,14.36,5,0
T0003214,C004189,2026-03-28,Payment Issue,Medium,40.68,5,0
T0003215,C004189,2025-02-26,Product Question,High,9.14,5,0
T0003216,C004190,2025-10-10,Refund Request,Medium,9.34,3,1
T0003217,C004195,2025-06-21,Damaged Item,Low,5.54,4,1
T0003218,C004197,2025-01-11,Refund Request,Medium,54.76,4,1
T0003219,C004198,2025-03-11,Product Question,Medium,36.7,4,0
T0003220,C004202,2025-12-30,Product Question,Medium,12.9,5,0
T0003221,C004203,2025-07-06,Refund Request,Medium,4.63,5,1
T0003222,C004203,2025-05-11,Payment Issue,Medium,12.76,5,0
T0003223,C004205,2026-04-13,Account Issue,Low,99.92,2,0
T0003224,C004206,2026-02-07,Payment Issue,Medium,45.85,5,0
T0003225,C004208,2026-04-13,Delivery Delay,Medium,16.28,5,0
T0003226,C004211,2026-02-22,Delivery Delay,Medium,34.1,3,0
T0003227,C004212,2025-03-19,Wrong Item,High,4.96,4,1
T0003228,C004214,2026-03-02,Refund Request,Medium,16.24,4,1
T0003229,C004216,2025-01-07,Payment Issue,High,10.58,4,0
T0003230,C004216,2024-10-21,Product Question,Low,18.53,4,0
T0003231,C004219,2025-06-30,Account Issue,Medium,4.91,5,0
T0003232,C004220,2024-06-05,Product Question,Low,18.1,4,0
T0003233,C004221,2024-12-16,Delivery Delay,Low,4.43,5,0
T0003234,C004221,2025-03-06,Payment Issue,High,4.93,5,0
T0003235,C004221,2025-04-26,Wrong Item,Low,7.13,5,0
T0003236,C004221,2024-05-06,Product Question,High,1.17,5,0
T0003237,C004221,2025-05-03,Refund Request,Medium,18.78,5,1
T0003238,C004223,2025-07-14,Account Issue,Low,28.75,4,0
T0003239,C004224,2025-11-14,Delivery Delay,High,5.35,5,0
T0003240,C004224,2026-05-02,Refund Request,Medium,26.84,3,1
T0003241,C004227,2025-08-13,Delivery Delay,Medium,10.82,4,0
T0003242,C004228,2026-02-26,Account Issue,Medium,7.08,5,0
T0003243,C004228,2026-05-19,Payment Issue,Low,19.47,5,0
T0003244,C004229,2024-01-22,Product Question,Medium,16.64,4,0
T0003245,C004231,2026-03-01,Damaged Item,Low,31.1,3,1
T0003246,C004232,2026-05-24,Account Issue,Medium,5.25,5,0
T0003247,C004233,2024-09-30,Payment Issue,Medium,15.28,5,0
T0003248,C004234,2024-09-29,Damaged Item,Medium,12.54,5,0
T0003249,C004236,2024-08-25,Damaged Item,Medium,6.64,5,0
T0003250,C004238,2025-03-18,Product Question,Medium,50.71,4,0
T0003251,C004239,2026-05-11,Product Question,Medium,61.7,5,0
T0003252,C004239,2026-04-21,Product Question,High,3.09,5,0
T0003253,C004240,2025-06-16,Product Question,High,14.34,5,0
T0003254,C004240,2026-01-14,Refund Request,Medium,36.57,5,1
T0003255,C004240,2026-01-01,Payment Issue,Low,15.18,5,0
T0003256,C004241,2025-07-02,Wrong Item,Low,48.08,5,0
T0003257,C004244,2025-07-11,Account Issue,High,5.52,4,0
T0003258,C004244,2025-05-28,Wrong Item,Medium,19.73,4,1
T0003259,C004247,2025-11-18,Product Question,Medium,13.34,5,0
T0003260,C004248,2024-11-21,Refund Request,Low,34.37,5,1
T0003261,C004248,2024-03-04,Payment Issue,Low,4.29,5,0
T0003262,C004251,2025-06-30,Refund Request,Medium,26.75,4,1
T0003263,C004251,2025-09-13,Refund Request,Low,43.37,5,1
T0003264,C004252,2024-02-18,Refund Request,Medium,12.39,5,1
T0003265,C004252,2024-12-18,Product Question,Low,32.73,5,0
T0003266,C004252,2025-12-05,Damaged Item,High,3.9,5,1
T0003267,C004252,2025-11-20,Refund Request,High,1.45,4,1
T0003268,C004253,2024-09-14,Product Question,High,4.98,5,0
T0003269,C004254,2024-06-13,Product Question,Low,65.87,3,0
T0003270,C004256,2024-01-31,Damaged Item,Medium,13.22,5,0
T0003271,C004256,2025-01-10,Product Question,Low,39.15,5,0
T0003272,C004257,2025-08-20,Account Issue,Low,47.55,3,0
T0003273,C004258,2024-12-16,Wrong Item,Low,10.84,5,0
T0003274,C004259,2026-04-30,Product Question,High,7.38,4,0
T0003275,C004260,2026-01-16,Refund Request,Medium,8.59,5,1
T0003276,C004260,2025-12-03,Product Question,Low,36.69,4,0
T0003277,C004260,2026-03-08,Wrong Item,High,8.02,5,1
T0003278,C004260,2026-02-23,Refund Request,Medium,52.25,4,1
T0003279,C004260,2026-01-22,Product Question,Medium,13.65,5,0
T0003280,C004261,2026-03-22,Payment Issue,Low,37.73,4,0
T0003281,C004261,2026-05-15,Damaged Item,High,10.85,5,0
T0003282,C004263,2025-03-16,Damaged Item,Low,48.73,5,0
T0003283,C004264,2024-01-03,Damaged Item,Low,67.87,3,1
T0003284,C004264,2025-02-22,Wrong Item,High,4.68,5,0
T0003285,C004265,2025-08-13,Delivery Delay,Low,45.96,4,0
T0003286,C004268,2026-04-26,Refund Request,Low,1.27,5,1
T0003287,C004271,2025-05-25,Product Question,Low,25.06,5,0
T0003288,C004271,2025-02-03,Product Question,Medium,9.23,5,0
T0003289,C004271,2025-10-13,Product Question,Medium,19.54,5,0
T0003290,C004271,2024-09-11,Wrong Item,Low,31.22,5,1
T0003291,C004273,2025-10-10,Wrong Item,Low,6.55,4,0
T0003292,C004275,2025-09-11,Account Issue,Low,12.78,5,0
T0003293,C004278,2024-12-17,Product Question,Low,26.65,5,0
T0003294,C004279,2025-01-10,Product Question,Low,84.87,4,0
T0003295,C004280,2024-03-22,Delivery Delay,High,19.05,5,0
T0003296,C004280,2025-04-18,Delivery Delay,Low,81.07,4,0
T0003297,C004283,2026-02-10,Delivery Delay,Medium,7.82,3,0
T0003298,C004286,2025-10-02,Wrong Item,Medium,26.71,3,0
T0003299,C004290,2026-02-23,Product Question,Medium,8.69,4,0
T0003300,C004293,2024-10-15,Refund Request,Low,38.61,3,1
T0003301,C004299,2026-02-07,Account Issue,High,1.79,4,0
T0003302,C004300,2025-11-21,Refund Request,Low,24.45,4,1
T0003303,C004302,2025-05-23,Account Issue,High,7.8,4,0
T0003304,C004303,2024-11-21,Delivery Delay,Low,8.6,5,0
T0003305,C004303,2025-06-17,Wrong Item,Medium,17.56,4,0
T0003306,C004303,2024-07-10,Delivery Delay,High,12.02,5,0
T0003307,C004304,2026-02-14,Damaged Item,Medium,8.26,4,1
T0003308,C004305,2024-11-01,Refund Request,Medium,28.88,5,1
T0003309,C004307,2026-03-11,Product Question,Medium,28.88,4,0
T0003310,C004307,2025-07-30,Delivery Delay,Medium,6.23,5,0
T0003311,C004308,2025-08-24,Payment Issue,High,3.12,5,0
T0003312,C004308,2026-02-12,Damaged Item,Low,6.83,5,1
T0003313,C004311,2024-12-09,Payment Issue,High,2.83,4,0
T0003314,C004312,2026-02-26,Refund Request,Medium,4.2,5,1
T0003315,C004312,2024-01-26,Refund Request,Low,0.55,5,1
T0003316,C004313,2026-05-07,Product Question,Medium,10.14,5,0
T0003317,C004313,2025-12-26,Payment Issue,Medium,12.09,5,0
T0003318,C004317,2025-01-21,Damaged Item,Low,29.91,5,0
T0003319,C004318,2024-12-18,Refund Request,Medium,11.76,4,1
T0003320,C004318,2026-01-31,Product Question,High,9.82,4,0
T0003321,C004319,2024-07-20,Payment Issue,Medium,12.45,5,0
T0003322,C004319,2024-02-25,Delivery Delay,Medium,31.04,5,0
T0003323,C004321,2026-03-11,Payment Issue,Medium,4.36,5,0
T0003324,C004323,2024-12-21,Product Question,Medium,22.83,4,0
T0003325,C004323,2024-10-21,Refund Request,Medium,2.47,5,1
T0003326,C004323,2026-03-22,Delivery Delay,Medium,3.63,5,0
T0003327,C004323,2024-06-23,Product Question,Low,22.27,3,0
T0003328,C004327,2026-04-27,Product Question,Medium,34.3,5,0
T0003329,C004327,2026-05-28,Refund Request,Medium,21.55,5,1
T0003330,C004329,2025-01-28,Account Issue,Medium,9.34,4,0
T0003331,C004332,2025-05-14,Wrong Item,Medium,15.94,5,0
T0003332,C004335,2025-01-21,Refund Request,Low,51.28,5,1
T0003333,C004336,2025-12-25,Product Question,Medium,37.66,5,0
T0003334,C004337,2024-10-28,Damaged Item,Medium,16.14,5,0
T0003335,C004338,2026-05-29,Product Question,Low,35.01,4,0
T0003336,C004340,2026-04-04,Damaged Item,Medium,35.07,2,0
T0003337,C004340,2025-08-27,Payment Issue,Medium,18.52,4,0
T0003338,C004340,2026-05-22,Damaged Item,Medium,12.19,5,0
T0003339,C004341,2025-08-19,Delivery Delay,Low,81.44,5,0
T0003340,C004343,2024-08-18,Payment Issue,Low,26.97,5,0
T0003341,C004344,2025-07-10,Product Question,Medium,8.26,5,0
T0003342,C004345,2026-03-27,Product Question,Low,13.88,5,0
T0003343,C004346,2025-11-13,Product Question,Medium,9.33,4,0
T0003344,C004348,2026-05-04,Product Question,Medium,13.01,5,0
T0003345,C004349,2026-03-19,Delivery Delay,Low,48.13,4,0
T0003346,C004349,2026-02-05,Delivery Delay,Low,20.35,4,0
T0003347,C004350,2025-10-08,Account Issue,High,0.5,5,0
T0003348,C004350,2026-02-10,Damaged Item,Medium,21.02,5,1
T0003349,C004351,2025-02-02,Delivery Delay,High,6.31,5,0
T0003350,C004354,2025-01-22,Delivery Delay,Low,21.09,5,0
T0003351,C004354,2025-07-27,Damaged Item,Low,7.81,3,0
T0003352,C004354,2025-08-02,Delivery Delay,Low,28.66,5,0
T0003353,C004355,2026-02-24,Wrong Item,Medium,4.01,5,0
T0003354,C004356,2025-08-13,Wrong Item,Low,21.41,3,0
T0003355,C004357,2024-10-06,Refund Request,Low,97.45,4,1
T0003356,C004357,2026-02-28,Delivery Delay,Low,40.5,5,0
T0003357,C004358,2026-05-12,Product Question,Medium,30.1,3,0
T0003358,C004358,2026-02-23,Product Question,Medium,3.92,5,0
T0003359,C004360,2026-04-11,Refund Request,Medium,27.84,4,1
T0003360,C004361,2025-08-22,Refund Request,Medium,35.74,4,1
T0003361,C004362,2024-06-01,Payment Issue,Low,19.7,5,0
T0003362,C004362,2026-05-04,Account Issue,Medium,22.4,5,0
T0003363,C004363,2026-02-14,Delivery Delay,High,6.98,4,0
T0003364,C004365,2024-11-22,Payment Issue,Medium,15.27,3,0
T0003365,C004365,2025-12-06,Damaged Item,Medium,27.2,5,0
T0003366,C004367,2026-02-18,Wrong Item,Medium,12.18,4,1
T0003367,C004367,2026-01-31,Refund Request,Low,12.16,5,1
T0003368,C004368,2026-02-18,Product Question,Low,24.31,3,0
T0003369,C004368,2025-12-08,Delivery Delay,Low,3.88,5,0
T0003370,C004369,2026-05-22,Product Question,Low,34.26,5,0
T0003371,C004370,2026-02-23,Damaged Item,Medium,79.33,4,1
T0003372,C004373,2024-08-29,Product Question,Low,52.46,4,0
T0003373,C004374,2026-04-11,Account Issue,Low,15.37,5,0
T0003374,C004374,2026-05-07,Refund Request,Low,21.62,4,1
T0003375,C004376,2025-04-02,Refund Request,Medium,12.38,3,1
T0003376,C004376,2025-09-06,Refund Request,Medium,20.39,4,1
T0003377,C004378,2026-03-13,Payment Issue,Medium,39.86,4,0
T0003378,C004379,2025-02-23,Refund Request,High,12.92,4,1
T0003379,C004379,2025-08-03,Product Question,Medium,18.19,5,0
T0003380,C004383,2025-10-03,Delivery Delay,Low,44.22,4,0
T0003381,C004384,2024-06-19,Payment Issue,Medium,6.97,4,0
T0003382,C004385,2026-01-10,Delivery Delay,Medium,35.94,5,0
T0003383,C004387,2025-11-20,Account Issue,High,27.27,2,0
T0003384,C004388,2025-06-12,Product Question,Medium,15.91,4,0
T0003385,C004390,2025-12-21,Wrong Item,Medium,3.95,5,1
T0003386,C004390,2026-02-12,Account Issue,Low,7.66,5,0
T0003387,C004391,2024-04-09,Account Issue,Medium,23.86,5,0
T0003388,C004394,2024-05-02,Refund Request,High,2.22,5,1
T0003389,C004397,2024-11-27,Refund Request,Low,46.82,5,1
T0003390,C004399,2024-12-30,Delivery Delay,Medium,11.84,5,0
T0003391,C004402,2025-06-26,Account Issue,High,8.69,4,0
T0003392,C004402,2026-04-26,Account Issue,Low,34.66,4,0
T0003393,C004409,2024-12-30,Payment Issue,Low,9.6,5,0
T0003394,C004410,2026-02-28,Delivery Delay,Medium,28.91,5,0
T0003395,C004411,2024-12-31,Delivery Delay,Medium,11.36,5,0
T0003396,C004414,2026-05-16,Damaged Item,Medium,8.61,5,0
T0003397,C004414,2025-07-23,Payment Issue,Low,60.03,5,0
T0003398,C004415,2026-05-07,Delivery Delay,Low,8.2,5,0
T0003399,C004416,2026-01-26,Delivery Delay,Medium,12.32,4,0
T0003400,C004416,2026-02-09,Wrong Item,Low,25.22,5,1
T0003401,C004416,2025-03-14,Product Question,Medium,17.73,4,0
T0003402,C004417,2026-04-17,Refund Request,Medium,3.93,5,1
T0003403,C004417,2026-04-14,Payment Issue,High,11.14,5,0
T0003404,C004418,2026-02-10,Product Question,Medium,10.77,5,0
T0003405,C004420,2026-04-30,Product Question,Medium,18.56,5,0
T0003406,C004420,2026-02-04,Product Question,Low,21.06,3,0
T0003407,C004421,2025-06-13,Damaged Item,Medium,7.57,5,0
T0003408,C004421,2025-01-08,Wrong Item,High,3.88,4,0
T0003409,C004421,2025-12-31,Product Question,Low,31.54,3,0
T0003410,C004422,2025-12-23,Damaged Item,Medium,23.95,5,1
T0003411,C004424,2026-01-10,Account Issue,Medium,18.99,4,0
T0003412,C004424,2026-05-20,Delivery Delay,Medium,22.05,5,0
T0003413,C004426,2024-12-27,Refund Request,Medium,16.71,5,1
T0003414,C004426,2024-11-29,Damaged Item,Low,21.85,4,0
T0003415,C004430,2026-04-06,Product Question,Low,28.9,4,0
T0003416,C004432,2024-07-12,Account Issue,Low,11.59,5,0
T0003417,C004436,2025-01-24,Refund Request,Low,33.81,5,1
T0003418,C004437,2025-08-30,Product Question,High,4.36,5,0
T0003419,C004438,2026-03-18,Payment Issue,Low,35.39,4,0
T0003420,C004440,2026-05-16,Delivery Delay,Low,29.44,4,0
T0003421,C004442,2025-08-13,Refund Request,Low,52.31,5,1
T0003422,C004444,2026-01-18,Wrong Item,Medium,19.01,5,0
T0003423,C004445,2026-04-07,Wrong Item,Medium,22.89,4,0
T0003424,C004446,2025-09-15,Refund Request,Medium,17.44,4,1
T0003425,C004446,2024-08-20,Delivery Delay,Low,66.15,4,0
T0003426,C004447,2026-03-03,Refund Request,Low,39.88,5,1
T0003427,C004448,2026-05-29,Product Question,Medium,17.68,5,0
T0003428,C004449,2025-01-26,Product Question,High,9.01,5,0
T0003429,C004450,2025-02-08,Delivery Delay,Medium,0.8,5,0
T0003430,C004450,2025-07-05,Product Question,Medium,4.11,4,0
T0003431,C004451,2026-01-01,Payment Issue,Medium,7.6,4,0
T0003432,C004453,2024-04-09,Delivery Delay,Medium,6.26,5,0
T0003433,C004453,2025-10-14,Delivery Delay,Medium,4.22,4,0
T0003434,C004459,2025-06-17,Refund Request,Medium,9.2,5,1
T0003435,C004461,2025-03-01,Refund Request,Medium,20.77,4,1
T0003436,C004461,2025-08-06,Refund Request,Medium,10.46,5,1
T0003437,C004461,2024-06-25,Refund Request,High,5.75,5,1
T0003438,C004461,2024-02-09,Wrong Item,Medium,31.78,4,1
T0003439,C004461,2024-05-06,Payment Issue,Low,29.22,5,0
T0003440,C004463,2024-05-07,Product Question,Medium,28.17,4,0
T0003441,C004464,2026-05-17,Product Question,Medium,20.8,4,0
T0003442,C004464,2026-05-18,Product Question,Medium,48.59,4,0
T0003443,C004464,2026-05-30,Product Question,Medium,8.8,4,0
T0003444,C004464,2026-05-21,Product Question,Medium,28.02,5,0
T0003445,C004465,2024-12-18,Wrong Item,Medium,16.41,5,1
T0003446,C004467,2026-05-28,Damaged Item,Medium,6.52,5,0
T0003447,C004468,2025-10-26,Payment Issue,Medium,16.0,5,0
T0003448,C004468,2026-04-19,Damaged Item,Low,30.05,5,0
T0003449,C004469,2025-02-27,Delivery Delay,High,15.68,5,0
T0003450,C004470,2026-04-29,Delivery Delay,Medium,21.12,5,0
T0003451,C004475,2025-04-01,Account Issue,Medium,17.76,5,0
T0003452,C004475,2026-04-06,Wrong Item,Medium,4.05,5,0
T0003453,C004476,2025-10-23,Delivery Delay,Low,22.88,5,0
T0003454,C004477,2026-01-16,Damaged Item,Medium,11.27,5,0
T0003455,C004480,2024-05-14,Account Issue,Medium,20.47,5,0
T0003456,C004481,2026-05-09,Damaged Item,High,24.96,3,0
T0003457,C004482,2026-02-10,Account Issue,Medium,5.24,5,0
T0003458,C004482,2026-05-22,Refund Request,Medium,19.34,5,1
T0003459,C004487,2024-07-11,Wrong Item,Medium,21.23,4,0
T0003460,C004487,2024-07-16,Delivery Delay,High,6.98,4,0
T0003461,C004488,2025-10-28,Delivery Delay,Medium,36.06,3,0
T0003462,C004491,2025-12-05,Payment Issue,Low,57.72,4,0
T0003463,C004491,2025-01-24,Damaged Item,Medium,69.44,4,0
T0003464,C004492,2026-05-03,Payment Issue,Medium,18.66,5,0
T0003465,C004495,2025-11-22,Payment Issue,Medium,13.42,4,0
T0003466,C004499,2026-03-28,Refund Request,Medium,2.1,5,1
T0003467,C004501,2025-03-28,Damaged Item,Low,10.74,5,0
T0003468,C004504,2026-01-18,Product Question,Medium,16.45,5,0
T0003469,C004504,2025-10-21,Damaged Item,Medium,10.15,5,0
T0003470,C004508,2024-04-12,Delivery Delay,Low,11.14,5,0
T0003471,C004509,2026-02-23,Refund Request,Medium,6.21,5,1
T0003472,C004511,2025-11-07,Product Question,Medium,8.59,4,0
T0003473,C004512,2025-01-27,Payment Issue,High,13.3,5,0
T0003474,C004514,2024-03-16,Delivery Delay,Low,16.82,5,0
T0003475,C004514,2025-09-20,Product Question,Medium,30.0,4,0
T0003476,C004517,2025-01-25,Payment Issue,Low,20.6,3,0
T0003477,C004517,2024-01-16,Product Question,Medium,3.1,5,0
T0003478,C004518,2024-09-03,Product Question,Medium,5.2,5,0
T0003479,C004521,2025-06-15,Account Issue,Low,12.98,5,0
T0003480,C004522,2025-03-06,Payment Issue,Low,89.43,4,0
T0003481,C004522,2024-11-21,Payment Issue,Low,14.13,5,0
T0003482,C004524,2026-03-01,Refund Request,Medium,12.45,4,1
T0003483,C004525,2024-09-29,Damaged Item,Low,19.04,5,0
T0003484,C004526,2026-01-24,Wrong Item,Low,15.34,5,0
T0003485,C004527,2025-03-10,Wrong Item,Medium,2.42,4,1
T0003486,C004528,2026-03-26,Delivery Delay,Low,29.16,4,0
T0003487,C004529,2026-04-24,Delivery Delay,Low,16.28,5,0
T0003488,C004530,2024-04-29,Payment Issue,Low,18.75,5,0
T0003489,C004530,2025-12-19,Account Issue,Medium,21.39,5,0
T0003490,C004531,2026-02-07,Product Question,Low,47.39,4,0
T0003491,C004531,2026-03-17,Wrong Item,Low,13.63,5,0
T0003492,C004531,2025-01-17,Wrong Item,Medium,77.0,2,1
T0003493,C004532,2024-01-26,Product Question,Medium,6.87,5,0
T0003494,C004532,2024-05-19,Damaged Item,Medium,53.18,2,0
T0003495,C004535,2026-02-18,Delivery Delay,Medium,11.17,5,0
T0003496,C004536,2025-11-14,Delivery Delay,Low,42.78,4,0
T0003497,C004536,2025-10-31,Refund Request,Low,11.46,5,1
T0003498,C004537,2025-01-23,Refund Request,Medium,3.27,5,1
T0003499,C004537,2025-11-20,Payment Issue,Medium,36.12,4,0
T0003500,C004537,2026-02-21,Delivery Delay,Low,18.13,5,0
T0003501,C004537,2024-02-13,Product Question,Medium,22.18,5,0
T0003502,C004539,2024-10-24,Delivery Delay,High,6.65,3,0
T0003503,C004541,2025-06-19,Payment Issue,Low,7.72,5,0
T0003504,C004541,2025-12-30,Payment Issue,Low,10.51,5,0
T0003505,C004542,2025-07-29,Account Issue,Medium,18.81,5,0
T0003506,C004544,2025-11-24,Account Issue,High,8.74,5,0
T0003507,C004548,2024-08-30,Delivery Delay,Medium,44.88,4,0
T0003508,C004548,2026-01-13,Product Question,Medium,28.51,4,0
T0003509,C004548,2025-01-20,Payment Issue,Medium,29.02,5,0
T0003510,C004548,2025-08-08,Damaged Item,Low,32.18,4,0
T0003511,C004551,2026-03-22,Payment Issue,Medium,11.09,4,0
T0003512,C004551,2026-02-23,Damaged Item,Medium,13.13,5,1
T0003513,C004554,2025-10-14,Delivery Delay,Medium,7.46,5,0
T0003514,C004556,2024-06-24,Product Question,High,13.79,5,0
T0003515,C004556,2025-04-26,Payment Issue,Medium,6.81,5,0
T0003516,C004558,2025-12-27,Product Question,Medium,14.82,5,0
T0003517,C004561,2026-04-01,Product Question,Low,17.78,4,0
T0003518,C004562,2025-10-25,Account Issue,High,14.66,4,0
T0003519,C004563,2025-12-20,Payment Issue,Medium,22.25,5,0
T0003520,C004563,2024-04-27,Product Question,Medium,24.93,5,0
T0003521,C004565,2025-01-25,Wrong Item,Medium,5.02,5,0
T0003522,C004566,2025-06-02,Product Question,Medium,24.17,5,0
T0003523,C004567,2025-09-10,Damaged Item,High,3.98,5,1
T0003524,C004568,2025-08-20,Delivery Delay,High,8.37,5,0
T0003525,C004569,2025-11-20,Damaged Item,Low,10.32,5,0
T0003526,C004569,2025-07-05,Product Question,Low,26.15,5,0
T0003527,C004569,2025-05-06,Refund Request,Medium,7.47,5,1
T0003528,C004569,2025-07-18,Delivery Delay,Low,82.57,3,0
T0003529,C004570,2026-03-31,Delivery Delay,Low,3.62,5,0
T0003530,C004572,2024-02-21,Delivery Delay,Medium,8.42,4,0
T0003531,C004573,2025-10-15,Product Question,Low,12.68,5,0
T0003532,C004576,2026-04-12,Account Issue,Medium,7.54,5,0
T0003533,C004579,2025-04-30,Account Issue,High,8.42,5,0
T0003534,C004579,2024-04-04,Delivery Delay,Medium,10.28,5,0
T0003535,C004580,2024-06-02,Wrong Item,Low,47.79,5,0
T0003536,C004580,2024-02-23,Wrong Item,High,12.76,4,1
T0003537,C004583,2024-05-07,Product Question,Low,19.23,5,0
T0003538,C004583,2025-08-12,Product Question,Low,31.36,5,0
T0003539,C004584,2025-04-27,Damaged Item,Medium,13.63,5,0
T0003540,C004584,2024-11-11,Account Issue,High,11.2,4,0
T0003541,C004587,2026-04-28,Damaged Item,High,6.77,5,0
T0003542,C004587,2026-05-14,Delivery Delay,Medium,11.74,4,0
T0003543,C004587,2025-11-22,Delivery Delay,Medium,9.83,5,0
T0003544,C004587,2025-03-28,Delivery Delay,Low,39.43,4,0
T0003545,C004587,2026-01-27,Refund Request,Low,18.93,2,1
T0003546,C004588,2026-01-15,Damaged Item,Medium,10.06,5,0
T0003547,C004588,2026-03-06,Product Question,Low,8.54,4,0
T0003548,C004589,2026-05-14,Damaged Item,Low,12.64,4,0
T0003549,C004591,2024-11-01,Delivery Delay,Low,27.24,5,0
T0003550,C004593,2026-05-19,Damaged Item,Medium,24.23,4,0
T0003551,C004594,2025-12-07,Product Question,Medium,21.22,4,0
T0003552,C004595,2026-04-18,Damaged Item,Low,0.95,5,0
T0003553,C004596,2026-04-03,Delivery Delay,Medium,72.76,3,0
T0003554,C004597,2026-05-09,Delivery Delay,Medium,14.5,4,0
T0003555,C004598,2026-02-25,Product Question,Medium,7.12,5,0
T0003556,C004605,2025-08-14,Damaged Item,Medium,12.57,3,0
T0003557,C004605,2025-06-24,Account Issue,Medium,15.87,5,0
T0003558,C004605,2025-09-15,Delivery Delay,High,10.44,5,0
T0003559,C004606,2026-05-03,Delivery Delay,Medium,17.91,4,0
T0003560,C004611,2025-10-03,Account Issue,Medium,5.78,5,0
T0003561,C004612,2025-08-15,Delivery Delay,Medium,37.3,5,0
T0003562,C004612,2025-07-02,Payment Issue,Medium,11.83,5,0
T0003563,C004612,2025-04-01,Payment Issue,Low,37.72,5,0
T0003564,C004612,2025-08-05,Account Issue,Medium,13.16,5,0
T0003565,C004613,2024-09-15,Refund Request,Medium,4.75,4,1
T0003566,C004614,2026-01-17,Delivery Delay,High,2.58,5,0
T0003567,C004616,2026-04-17,Refund Request,Low,33.87,5,1
T0003568,C004618,2024-10-21,Refund Request,Low,11.97,5,1
T0003569,C004619,2025-04-18,Damaged Item,Medium,22.71,5,0
T0003570,C004619,2024-05-30,Payment Issue,Low,59.89,4,0
T0003571,C004621,2026-05-18,Refund Request,High,16.09,5,1
T0003572,C004622,2025-01-08,Payment Issue,Medium,14.98,5,0
T0003573,C004623,2026-05-20,Wrong Item,High,10.05,5,0
T0003574,C004623,2025-04-18,Damaged Item,Medium,19.51,5,0
T0003575,C004624,2025-04-05,Product Question,Low,18.13,4,0
T0003576,C004629,2026-05-14,Damaged Item,Medium,10.29,5,0
T0003577,C004633,2025-01-28,Refund Request,Low,30.85,4,1
T0003578,C004633,2025-02-22,Delivery Delay,Medium,56.8,3,0
T0003579,C004634,2025-06-10,Account Issue,Low,4.75,5,0
T0003580,C004634,2024-12-19,Wrong Item,Medium,51.35,4,1
T0003581,C004634,2024-04-04,Delivery Delay,Low,15.59,5,0
T0003582,C004635,2025-01-28,Refund Request,Low,36.68,4,1
T0003583,C004637,2026-04-03,Delivery Delay,Medium,9.03,5,0
T0003584,C004637,2024-09-03,Damaged Item,Medium,10.97,5,0
T0003585,C004639,2026-04-19,Product Question,Low,43.32,5,0
T0003586,C004640,2026-04-12,Product Question,High,2.37,5,0
T0003587,C004640,2024-01-06,Product Question,Low,26.84,5,0
T0003588,C004642,2025-06-27,Wrong Item,Medium,41.03,4,1
T0003589,C004642,2025-09-21,Product Question,Medium,39.14,5,0
T0003590,C004644,2026-05-01,Product Question,Low,43.39,4,0
T0003591,C004644,2024-11-22,Wrong Item,High,4.46,5,0
T0003592,C004645,2026-04-29,Refund Request,Medium,5.44,5,1
T0003593,C004646,2024-12-01,Delivery Delay,Medium,22.2,5,0
T0003594,C004647,2025-12-30,Damaged Item,Medium,10.97,5,0
T0003595,C004647,2025-10-21,Product Question,Medium,12.2,5,0
T0003596,C004647,2025-04-04,Product Question,High,1.19,5,0
T0003597,C004647,2025-10-11,Wrong Item,Medium,16.2,5,0
T0003598,C004648,2026-03-01,Delivery Delay,High,13.72,4,0
T0003599,C004650,2026-05-21,Product Question,Low,32.73,4,0
T0003600,C004650,2024-02-12,Wrong Item,High,8.81,5,0
T0003601,C004651,2025-07-29,Product Question,High,6.66,5,0
T0003602,C004653,2024-05-23,Product Question,Medium,48.0,5,0
T0003603,C004657,2025-09-04,Payment Issue,Medium,5.52,5,0
T0003604,C004657,2026-02-03,Refund Request,Medium,8.55,5,1
T0003605,C004658,2026-03-17,Product Question,Medium,20.69,5,0
T0003606,C004658,2026-03-24,Delivery Delay,Low,32.52,4,0
T0003607,C004659,2026-03-25,Product Question,Medium,9.66,5,0
T0003608,C004663,2026-03-22,Refund Request,Medium,30.84,5,1
T0003609,C004663,2026-03-22,Damaged Item,Medium,12.32,4,1
T0003610,C004663,2026-03-22,Product Question,Low,28.11,3,0
T0003611,C004664,2026-03-30,Product Question,Low,57.55,4,0
T0003612,C004665,2025-12-08,Delivery Delay,Low,50.65,4,0
T0003613,C004666,2025-03-31,Account Issue,Medium,10.49,4,0
T0003614,C004670,2026-04-22,Refund Request,Low,17.04,5,1
T0003615,C004671,2025-03-06,Account Issue,Medium,11.33,5,0
T0003616,C004674,2024-12-16,Payment Issue,Low,15.76,5,0
T0003617,C004678,2025-09-24,Damaged Item,Medium,41.26,4,1
T0003618,C004678,2025-05-16,Damaged Item,High,12.82,5,0
T0003619,C004678,2024-10-30,Wrong Item,Medium,25.35,5,0
T0003620,C004681,2026-04-13,Refund Request,Low,54.77,4,1
T0003621,C004682,2025-10-09,Delivery Delay,Medium,25.21,5,0
T0003622,C004682,2026-02-03,Refund Request,Medium,41.88,5,1
T0003623,C004682,2025-12-05,Delivery Delay,Medium,24.93,5,0
T0003624,C004683,2025-03-31,Product Question,Low,9.63,5,0
T0003625,C004683,2025-03-04,Payment Issue,High,7.96,5,0
T0003626,C004684,2024-05-02,Delivery Delay,Medium,21.28,4,0
T0003627,C004685,2024-04-06,Product Question,Medium,7.24,5,0
T0003628,C004686,2024-12-18,Damaged Item,Medium,33.44,4,0
T0003629,C004687,2026-02-09,Damaged Item,Low,21.2,3,1
T0003630,C004689,2025-04-26,Account Issue,Medium,9.35,4,0
T0003631,C004691,2026-02-06,Product Question,Medium,12.97,5,0
T0003632,C004694,2025-12-01,Delivery Delay,Low,27.46,5,0
T0003633,C004695,2024-06-03,Damaged Item,Medium,17.93,5,0
T0003634,C004696,2025-11-16,Refund Request,Medium,25.09,4,1
T0003635,C004696,2025-10-21,Delivery Delay,Medium,15.27,5,0
T0003636,C004698,2026-05-14,Product Question,Medium,12.53,5,0
T0003637,C004700,2026-04-10,Product Question,Medium,28.58,5,0
T0003638,C004700,2026-05-03,Damaged Item,High,15.46,5,1
T0003639,C004700,2026-05-24,Product Question,Medium,15.88,4,0
T0003640,C004701,2024-07-27,Damaged Item,Medium,14.11,4,1
T0003641,C004704,2025-08-09,Refund Request,Medium,11.1,5,1
T0003642,C004705,2026-04-13,Refund Request,High,18.14,4,1
T0003643,C004706,2024-12-11,Damaged Item,Medium,17.81,5,0
T0003644,C004707,2026-03-21,Payment Issue,Low,29.34,5,0
T0003645,C004708,2024-04-01,Product Question,Low,44.16,4,0
T0003646,C004708,2025-06-09,Delivery Delay,Medium,6.43,5,0
T0003647,C004710,2025-09-06,Delivery Delay,Medium,15.12,5,0
T0003648,C004711,2026-01-12,Wrong Item,High,6.26,5,0
T0003649,C004711,2026-04-05,Delivery Delay,Low,11.95,4,0
T0003650,C004712,2026-03-27,Payment Issue,Low,26.01,5,0
T0003651,C004713,2025-12-27,Refund Request,Medium,3.61,4,1
T0003652,C004714,2026-04-17,Account Issue,Medium,12.27,5,0
T0003653,C004715,2025-08-29,Damaged Item,High,2.1,5,0
T0003654,C004715,2025-04-21,Refund Request,Medium,17.33,5,1
T0003655,C004717,2025-08-18,Account Issue,Low,17.57,5,0
T0003656,C004721,2025-12-12,Delivery Delay,Medium,21.78,5,0
T0003657,C004721,2026-03-29,Product Question,Low,15.11,5,0
T0003658,C004724,2025-01-24,Product Question,Low,19.23,5,0
T0003659,C004725,2025-12-22,Damaged Item,Low,48.25,4,0
T0003660,C004725,2026-01-04,Refund Request,High,6.22,5,1
T0003661,C004727,2025-02-01,Damaged Item,Low,49.79,4,0
T0003662,C004729,2025-04-17,Product Question,Medium,5.22,4,0
T0003663,C004729,2024-08-03,Account Issue,Medium,18.41,4,0
T0003664,C004730,2025-04-21,Delivery Delay,High,8.26,4,0
T0003665,C004731,2026-01-27,Account Issue,Low,14.4,4,0
T0003666,C004734,2026-02-03,Product Question,High,3.98,5,0
T0003667,C004737,2026-02-07,Wrong Item,Medium,45.59,3,0
T0003668,C004739,2024-12-23,Product Question,Medium,4.8,4,0
T0003669,C004740,2025-11-02,Delivery Delay,Low,7.9,4,0
T0003670,C004741,2024-12-18,Product Question,Medium,4.27,5,0
T0003671,C004744,2025-07-17,Refund Request,High,3.43,4,1
T0003672,C004745,2025-12-28,Wrong Item,Medium,6.74,4,1
T0003673,C004747,2025-04-15,Delivery Delay,High,4.99,5,0
T0003674,C004750,2024-06-28,Account Issue,Medium,10.8,5,0
T0003675,C004752,2025-12-30,Damaged Item,High,8.49,3,1
T0003676,C004753,2026-02-11,Delivery Delay,Medium,50.1,3,0
T0003677,C004754,2026-02-23,Payment Issue,Medium,11.35,5,0
T0003678,C004754,2026-04-29,Delivery Delay,Medium,15.62,4,0
T0003679,C004754,2026-01-13,Delivery Delay,Medium,9.5,5,0
T0003680,C004754,2026-03-13,Product Question,Low,12.25,5,0
T0003681,C004756,2024-09-11,Payment Issue,High,6.6,5,0
T0003682,C004757,2025-02-08,Damaged Item,High,2.77,5,0
T0003683,C004758,2025-01-19,Payment Issue,High,12.99,4,0
T0003684,C004758,2025-03-15,Product Question,High,3.51,5,0
T0003685,C004759,2025-07-06,Damaged Item,Medium,37.74,4,1
T0003686,C004759,2025-06-03,Payment Issue,Medium,18.14,4,0
T0003687,C004762,2025-04-25,Account Issue,Low,42.5,4,0
T0003688,C004762,2025-10-20,Payment Issue,Low,34.93,4,0
T0003689,C004762,2025-09-20,Delivery Delay,Low,18.1,5,0
T0003690,C004764,2024-12-06,Refund Request,Low,9.26,5,1
T0003691,C004764,2024-05-25,Delivery Delay,Medium,3.35,3,0
T0003692,C004764,2024-10-01,Payment Issue,Medium,16.99,5,0
T0003693,C004765,2026-05-27,Delivery Delay,Medium,3.48,5,0
T0003694,C004766,2024-11-27,Wrong Item,Low,13.41,5,0
T0003695,C004768,2024-12-01,Delivery Delay,Medium,11.35,5,0
T0003696,C004769,2025-02-05,Payment Issue,Medium,24.75,4,0
T0003697,C004769,2025-02-11,Account Issue,Medium,15.23,4,0
T0003698,C004769,2025-12-30,Damaged Item,Medium,5.31,5,0
T0003699,C004769,2024-12-16,Account Issue,Medium,10.9,4,0
T0003700,C004770,2025-11-02,Refund Request,Low,20.13,4,1
T0003701,C004772,2025-05-07,Delivery Delay,Medium,12.79,4,0
T0003702,C004772,2025-11-22,Delivery Delay,Medium,5.2,5,0
T0003703,C004776,2026-04-27,Refund Request,High,7.83,4,1
T0003704,C004777,2025-12-27,Refund Request,High,3.14,5,1
T0003705,C004777,2026-02-26,Damaged Item,Medium,11.09,5,0
T0003706,C004777,2026-05-28,Delivery Delay,High,4.98,4,0
T0003707,C004777,2025-11-22,Product Question,Low,56.89,3,0
T0003708,C004777,2025-09-27,Product Question,Medium,24.27,4,0
T0003709,C004778,2026-04-19,Damaged Item,Medium,30.41,3,1
T0003710,C004779,2025-08-11,Refund Request,Medium,21.99,3,1
T0003711,C004781,2026-01-08,Product Question,High,20.21,3,0
T0003712,C004782,2025-08-24,Wrong Item,Low,36.58,5,0
T0003713,C004785,2025-12-25,Damaged Item,Medium,14.22,4,1
T0003714,C004786,2025-12-10,Delivery Delay,High,25.93,4,0
T0003715,C004786,2026-03-31,Refund Request,Medium,4.58,5,1
T0003716,C004788,2026-01-07,Damaged Item,Low,61.24,5,0
T0003717,C004788,2025-04-06,Delivery Delay,Medium,19.19,4,0
T0003718,C004789,2026-04-30,Delivery Delay,Low,42.11,4,0
T0003719,C004791,2025-06-07,Payment Issue,Medium,1.42,5,0
T0003720,C004791,2025-01-04,Delivery Delay,High,7.73,4,0
T0003721,C004794,2026-04-01,Refund Request,Medium,18.56,4,1
T0003722,C004794,2026-04-11,Payment Issue,Medium,21.25,4,0
T0003723,C004794,2026-02-01,Damaged Item,Medium,16.76,5,1
T0003724,C004795,2024-02-23,Wrong Item,Medium,27.67,4,1
T0003725,C004795,2025-07-05,Delivery Delay,Low,20.43,5,0
T0003726,C004798,2026-03-05,Delivery Delay,High,5.81,4,0
T0003727,C004801,2026-05-12,Account Issue,Low,52.01,5,0
T0003728,C004801,2026-04-07,Product Question,Low,10.23,4,0
T0003729,C004806,2024-08-21,Delivery Delay,Low,33.03,4,0
T0003730,C004809,2026-03-13,Account Issue,Low,20.23,4,0
T0003731,C004809,2026-04-02,Refund Request,Low,31.63,4,1
T0003732,C004811,2026-02-26,Account Issue,Medium,5.11,4,0
T0003733,C004811,2026-05-04,Product Question,Medium,21.2,4,0
T0003734,C004812,2025-05-09,Refund Request,Low,55.77,3,1
T0003735,C004813,2024-05-31,Refund Request,Low,31.99,4,1
T0003736,C004814,2026-04-12,Product Question,Low,42.96,5,0
T0003737,C004814,2025-12-07,Account Issue,High,1.66,5,0
T0003738,C004817,2024-10-12,Damaged Item,Low,19.24,4,0
T0003739,C004817,2025-11-12,Delivery Delay,Medium,25.65,2,0
T0003740,C004819,2024-01-19,Delivery Delay,Low,15.45,5,0
T0003741,C004821,2025-09-25,Payment Issue,Low,11.5,5,0
T0003742,C004821,2025-12-31,Payment Issue,Low,27.5,4,0
T0003743,C004823,2024-04-19,Refund Request,Medium,21.4,5,1
T0003744,C004824,2026-05-25,Refund Request,Medium,8.47,5,1
T0003745,C004825,2024-12-24,Delivery Delay,Medium,3.4,5,0
T0003746,C004825,2025-01-30,Account Issue,High,19.24,5,0
T0003747,C004825,2025-03-26,Wrong Item,Low,65.21,5,1
T0003748,C004825,2026-01-08,Damaged Item,High,15.7,4,0
T0003749,C004829,2024-02-07,Refund Request,Medium,22.71,5,1
T0003750,C004829,2024-04-04,Payment Issue,Medium,21.05,4,0
T0003751,C004831,2024-10-07,Product Question,Medium,18.94,3,0
T0003752,C004831,2024-10-17,Damaged Item,Low,7.99,5,0
T0003753,C004831,2025-03-12,Product Question,Low,57.63,4,0
T0003754,C004832,2025-09-29,Refund Request,Medium,3.62,5,1
T0003755,C004835,2025-10-14,Delivery Delay,Medium,24.6,4,0
T0003756,C004836,2025-05-31,Account Issue,Low,10.77,5,0
T0003757,C004836,2025-10-13,Payment Issue,Medium,26.57,5,0
T0003758,C004837,2026-01-19,Delivery Delay,Medium,4.26,5,0
T0003759,C004837,2025-12-21,Refund Request,Low,40.86,4,1
T0003760,C004837,2025-09-17,Account Issue,Medium,8.27,5,0
T0003761,C004838,2026-05-06,Refund Request,Low,8.25,4,1
T0003762,C004838,2025-11-15,Payment Issue,Medium,19.95,5,0
T0003763,C004841,2026-05-22,Delivery Delay,Low,37.37,4,0
T0003764,C004843,2026-04-30,Account Issue,High,3.36,5,0
T0003765,C004850,2026-04-01,Product Question,Low,22.65,5,0
T0003766,C004850,2025-02-04,Refund Request,Low,29.43,4,1
T0003767,C004851,2025-10-29,Wrong Item,Medium,18.8,5,0
T0003768,C004852,2026-05-09,Refund Request,Medium,21.48,5,1
T0003769,C004855,2026-03-23,Refund Request,Medium,38.61,4,1
T0003770,C004855,2026-05-02,Product Question,Medium,29.82,4,0
T0003771,C004858,2026-03-25,Product Question,Medium,11.94,4,0
T0003772,C004858,2025-01-05,Product Question,Medium,42.65,4,0
T0003773,C004859,2025-08-25,Delivery Delay,Medium,6.49,5,0
T0003774,C004862,2026-04-02,Account Issue,Low,10.32,5,0
T0003775,C004865,2025-08-23,Account Issue,Medium,13.52,5,0
T0003776,C004865,2025-06-30,Payment Issue,Low,13.78,5,0
T0003777,C004866,2026-03-18,Refund Request,Medium,43.76,5,1
T0003778,C004871,2026-02-10,Delivery Delay,Medium,23.64,5,0
T0003779,C004875,2025-08-15,Payment Issue,High,0.5,5,0
T0003780,C004877,2026-04-02,Product Question,Medium,11.6,5,0
T0003781,C004878,2025-08-06,Damaged Item,Low,26.82,5,0
T0003782,C004880,2026-05-13,Refund Request,Medium,22.13,3,1
T0003783,C004881,2024-10-03,Product Question,High,16.43,4,0
T0003784,C004882,2024-09-05,Delivery Delay,High,4.93,5,0
T0003785,C004886,2024-01-02,Product Question,Medium,65.21,5,0
T0003786,C004886,2025-02-19,Wrong Item,Medium,4.83,5,0
T0003787,C004886,2024-11-04,Refund Request,Medium,14.18,5,1
T0003788,C004887,2026-02-11,Delivery Delay,Low,1.73,5,0
T0003789,C004887,2025-09-20,Damaged Item,Medium,12.86,5,0
T0003790,C004889,2025-11-07,Delivery Delay,Medium,75.78,4,0
T0003791,C004889,2024-12-07,Refund Request,Medium,15.59,5,1
T0003792,C004890,2025-03-17,Payment Issue,High,5.44,4,0
T0003793,C004890,2026-05-04,Product Question,Low,38.07,5,0
T0003794,C004890,2025-04-10,Refund Request,Medium,3.91,4,1
T0003795,C004893,2026-02-01,Damaged Item,Low,4.53,5,0
T0003796,C004895,2025-12-15,Refund Request,Medium,37.87,4,1
T0003797,C004896,2024-07-13,Damaged Item,Low,7.2,5,0
T0003798,C004897,2025-04-02,Damaged Item,Low,20.92,4,0
T0003799,C004900,2026-05-08,Product Question,High,5.3,5,0
T0003800,C004902,2026-01-11,Damaged Item,Medium,33.09,5,0
T0003801,C004902,2026-04-30,Delivery Delay,Medium,11.28,5,0
T0003802,C004904,2026-05-12,Product Question,Medium,27.05,5,0
T0003803,C004905,2025-11-07,Product Question,Low,21.07,5,0
T0003804,C004906,2025-01-28,Delivery Delay,Medium,7.65,5,0
T0003805,C004907,2025-08-24,Wrong Item,Medium,30.69,4,0
T0003806,C004907,2025-09-20,Refund Request,Medium,14.23,3,1
T0003807,C004908,2025-08-13,Wrong Item,Medium,13.04,5,0
T0003808,C004914,2024-07-06,Account Issue,High,10.95,4,0
T0003809,C004915,2026-03-20,Damaged Item,Medium,19.24,5,0
T0003810,C004915,2026-02-14,Delivery Delay,Low,9.77,5,0
T0003811,C004915,2025-12-18,Damaged Item,Low,69.14,4,0
T0003812,C004916,2025-09-17,Account Issue,Low,11.2,4,0
T0003813,C004918,2026-03-18,Refund Request,Low,40.71,4,1
T0003814,C004920,2024-02-23,Delivery Delay,Medium,10.19,4,0
T0003815,C004923,2025-10-08,Damaged Item,High,11.18,4,1
T0003816,C004924,2025-10-06,Damaged Item,High,2.34,4,0
T0003817,C004925,2026-02-09,Refund Request,Medium,16.49,3,1
T0003818,C004926,2025-11-03,Delivery Delay,Low,19.23,5,0
T0003819,C004926,2025-08-28,Wrong Item,Low,13.97,4,0
T0003820,C004929,2026-05-24,Product Question,Medium,26.62,5,0
T0003821,C004931,2024-11-10,Product Question,High,9.49,5,0
T0003822,C004933,2026-05-28,Refund Request,Medium,8.95,4,1
T0003823,C004933,2026-02-11,Product Question,Medium,15.5,4,0
T0003824,C004934,2025-03-25,Delivery Delay,Medium,14.73,5,0
T0003825,C004934,2024-11-18,Damaged Item,Low,64.14,3,0
T0003826,C004934,2026-05-05,Product Question,Low,27.69,4,0
T0003827,C004934,2026-04-28,Product Question,Low,17.12,4,0
T0003828,C004937,2024-09-24,Payment Issue,Low,27.52,4,0
T0003829,C004938,2026-01-23,Product Question,Medium,1.77,5,0
T0003830,C004939,2025-09-18,Payment Issue,Low,56.8,3,0
T0003831,C004939,2025-12-27,Account Issue,Medium,9.76,5,0
T0003832,C004942,2024-10-17,Delivery Delay,Medium,64.96,4,0
T0003833,C004942,2026-01-23,Account Issue,Medium,10.72,5,0
T0003834,C004944,2025-05-25,Refund Request,Low,40.29,5,1
T0003835,C004944,2025-06-09,Account Issue,High,10.2,5,0
T0003836,C004945,2026-02-14,Product Question,Low,72.49,5,0
T0003837,C004945,2026-04-02,Account Issue,Low,11.09,5,0
T0003838,C004945,2026-05-02,Product Question,Medium,16.77,4,0
T0003839,C004945,2026-04-12,Refund Request,Medium,5.71,4,1
T0003840,C004947,2025-09-17,Product Question,Low,10.22,5,0
T0003841,C004950,2025-12-19,Refund Request,Low,6.58,5,1
T0003842,C004951,2024-12-30,Damaged Item,High,5.33,5,0
T0003843,C004952,2024-07-20,Refund Request,High,8.7,5,1
T0003844,C004953,2025-11-21,Delivery Delay,Medium,32.93,2,0
T0003845,C004955,2026-05-08,Product Question,Low,58.17,2,0
T0003846,C004957,2026-03-25,Delivery Delay,Medium,8.21,5,0
T0003847,C004959,2026-04-27,Delivery Delay,High,4.35,5,0
T0003848,C004960,2026-01-22,Refund Request,Medium,3.26,5,1
T0003849,C004960,2026-01-01,Refund Request,High,3.67,5,1
T0003850,C004960,2025-11-19,Wrong Item,Low,54.9,5,0
T0003851,C004961,2025-07-23,Payment Issue,High,5.47,5,0
T0003852,C004962,2026-05-18,Account Issue,Medium,18.33,4,0
T0003853,C004962,2026-03-30,Refund Request,High,8.29,4,1
T0003854,C004964,2025-04-22,Product Question,High,6.37,5,0
T0003855,C004964,2025-08-08,Refund Request,High,14.22,5,1
T0003856,C004967,2026-03-27,Account Issue,High,4.94,5,0
T0003857,C004967,2026-04-26,Delivery Delay,Medium,27.65,3,0
T0003858,C004969,2025-08-11,Delivery Delay,High,3.03,5,0
T0003859,C004969,2026-02-14,Refund Request,High,13.6,3,1
T0003860,C004971,2025-11-15,Payment Issue,Medium,6.17,5,0
T0003861,C004973,2024-08-19,Account Issue,High,6.72,5,0
T0003862,C004974,2026-05-07,Product Question,Low,19.21,4,0
T0003863,C004975,2026-05-14,Delivery Delay,Low,9.21,5,0
T0003864,C004976,2026-04-24,Damaged Item,Low,21.0,5,1
T0003865,C004978,2024-11-03,Account Issue,Low,99.35,3,0
T0003866,C004978,2026-05-29,Product Question,High,8.19,5,0
T0003867,C004979,2025-08-10,Wrong Item,Medium,2.97,5,0
T0003868,C004980,2026-03-17,Payment Issue,Medium,2.63,5,0
T0003869,C004981,2026-01-10,Damaged Item,Medium,40.68,5,0
T0003870,C004981,2026-03-12,Refund Request,High,5.07,4,1
T0003871,C004985,2026-02-20,Delivery Delay,Medium,25.67,5,0
T0003872,C004986,2024-08-01,Account Issue,Medium,31.71,5,0
T0003873,C004986,2025-02-26,Damaged Item,Medium,43.25,5,0
T0003874,C004986,2026-02-26,Damaged Item,Low,27.99,4,1
T0003875,C004986,2024-09-26,Product Question,Medium,17.17,5,0
T0003876,C004990,2026-02-08,Product Question,Low,21.24,5,0
T0003877,C004991,2026-02-28,Delivery Delay,High,4.68,5,0
T0003878,C004991,2026-04-13,Wrong Item,Low,9.73,5,1
T0003879,C004991,2026-01-17,Delivery Delay,High,7.0,3,0
T0003880,C004994,2025-04-06,Wrong Item,Medium,20.16,5,0
T0003881,C004994,2025-12-17,Payment Issue,Low,2.19,5,0
T0003882,C004996,2026-05-03,Account Issue,Low,19.4,5,0
T0003883,C004997,2024-04-02,Account Issue,Medium,14.81,5,0
T0003884,C004998,2025-06-20,Product Question,Low,16.57,5,0
T0003885,C005001,2025-08-08,Delivery Delay,Medium,19.31,5,0
T0003886,C005003,2025-09-11,Damaged Item,Medium,41.26,3,0
T0003887,C005003,2026-02-21,Product Question,Medium,20.78,3,0
T0003888,C005007,2026-01-17,Product Question,Low,9.0,5,0
T0003889,C005007,2026-03-18,Delivery Delay,Medium,19.28,5,0
T0003890,C005007,2025-09-17,Refund Request,High,7.73,5,1
T0003891,C005008,2025-10-28,Refund Request,Medium,26.76,5,1
T0003892,C005010,2026-05-26,Refund Request,Low,27.91,5,1
T0003893,C005010,2026-05-11,Product Question,Low,25.59,3,0
T0003894,C005012,2024-09-05,Product Question,High,16.79,5,0
T0003895,C005012,2024-10-23,Delivery Delay,Medium,10.02,5,0
T0003896,C005012,2025-01-25,Product Question,Medium,23.32,5,0
T0003897,C005012,2025-03-10,Account Issue,Low,44.89,4,0
T0003898,C005013,2025-10-29,Product Question,Medium,18.94,5,0
T0003899,C005014,2025-12-19,Product Question,Medium,23.92,5,0
T0003900,C005014,2025-08-17,Payment Issue,Low,37.66,5,0
T0003901,C005016,2025-07-24,Delivery Delay,Low,9.36,5,0
T0003902,C005018,2026-04-22,Payment Issue,Medium,26.34,4,0
T0003903,C005019,2025-05-07,Payment Issue,Low,38.89,5,0
T0003904,C005020,2024-03-09,Product Question,Medium,18.05,5,0
T0003905,C005022,2024-12-17,Product Question,Low,91.85,4,0
T0003906,C005022,2026-01-13,Damaged Item,Medium,11.33,3,0
T0003907,C005033,2025-01-13,Refund Request,Low,5.1,5,1
T0003908,C005036,2025-03-21,Product Question,High,1.36,4,0
T0003909,C005037,2025-04-13,Payment Issue,Medium,27.18,5,0
T0003910,C005041,2025-12-31,Product Question,Medium,1.67,3,0
T0003911,C005042,2025-06-30,Delivery Delay,Medium,17.82,5,0
T0003912,C005042,2026-01-06,Delivery Delay,Medium,15.26,5,0
T0003913,C005043,2025-12-08,Product Question,Low,15.97,4,0
T0003914,C005043,2025-07-13,Delivery Delay,Low,39.25,5,0
T0003915,C005043,2025-03-30,Delivery Delay,Medium,8.79,5,0
T0003916,C005043,2025-07-06,Delivery Delay,Low,4.76,5,0
T0003917,C005046,2026-03-11,Delivery Delay,Medium,4.1,5,0
T0003918,C005051,2025-12-31,Product Question,High,2.52,5,0
T0003919,C005055,2026-02-05,Damaged Item,Low,35.69,4,0
T0003920,C005058,2026-05-16,Refund Request,Low,7.31,4,1
T0003921,C005058,2026-05-20,Delivery Delay,Medium,18.61,5,0
T0003922,C005059,2026-03-02,Damaged Item,Low,11.87,5,1
T0003923,C005059,2026-04-20,Damaged Item,Medium,3.55,4,0
T0003924,C005061,2025-06-25,Product Question,Medium,13.1,5,0
T0003925,C005065,2026-03-22,Refund Request,High,3.84,5,1
T0003926,C005068,2026-01-09,Refund Request,Medium,9.28,5,1
T0003927,C005071,2024-04-30,Refund Request,Medium,13.29,4,1
T0003928,C005071,2024-02-10,Account Issue,Medium,19.5,5,0
T0003929,C005072,2026-03-16,Account Issue,Low,32.09,4,0
T0003930,C005073,2025-07-20,Wrong Item,Medium,12.98,5,0
T0003931,C005073,2025-01-27,Wrong Item,Medium,16.78,4,1
T0003932,C005073,2025-11-22,Account Issue,Medium,2.62,5,0
T0003933,C005074,2025-07-12,Wrong Item,Low,15.95,5,1
T0003934,C005075,2026-02-17,Account Issue,Medium,28.52,2,0
T0003935,C005079,2026-03-29,Refund Request,Low,27.93,4,1
T0003936,C005079,2025-10-17,Delivery Delay,Medium,19.52,5,0
T0003937,C005079,2025-11-02,Payment Issue,Medium,18.68,4,0
T0003938,C005079,2025-04-07,Refund Request,Medium,9.2,5,1
T0003939,C005080,2025-10-17,Payment Issue,High,22.41,5,0
T0003940,C005082,2026-01-26,Product Question,Medium,13.22,5,0
T0003941,C005082,2026-01-03,Account Issue,Medium,13.01,4,0
T0003942,C005082,2026-03-09,Product Question,Medium,12.65,4,0
T0003943,C005083,2025-10-05,Product Question,Medium,17.41,5,0
T0003944,C005084,2025-03-31,Product Question,Low,21.33,5,0
T0003945,C005085,2024-06-26,Product Question,Low,11.0,4,0
T0003946,C005086,2026-05-26,Delivery Delay,High,6.26,5,0
T0003947,C005088,2026-05-01,Wrong Item,Medium,6.54,3,1
T0003948,C005088,2026-03-12,Refund Request,High,38.27,4,1
T0003949,C005089,2025-05-14,Product Question,Medium,0.64,4,0
T0003950,C005089,2025-05-06,Delivery Delay,Medium,8.48,5,0
T0003951,C005089,2025-09-04,Product Question,Medium,23.19,4,0
T0003952,C005090,2024-11-04,Product Question,Medium,42.79,4,0
T0003953,C005092,2025-09-25,Delivery Delay,High,14.85,5,0
T0003954,C005092,2026-04-07,Product Question,Low,43.53,5,0
T0003955,C005093,2026-04-05,Product Question,Medium,37.01,2,0
T0003956,C005094,2026-04-19,Product Question,Low,1.81,5,0
T0003957,C005094,2025-04-18,Refund Request,Low,15.16,4,1
T0003958,C005094,2025-07-27,Delivery Delay,Low,2.58,5,0
T0003959,C005095,2026-01-20,Delivery Delay,Medium,11.06,4,0
T0003960,C005096,2024-04-06,Delivery Delay,Low,4.0,5,0
T0003961,C005096,2024-03-18,Damaged Item,Low,41.72,4,0
T0003962,C005096,2025-03-04,Damaged Item,Medium,27.23,5,1
T0003963,C005097,2026-05-23,Delivery Delay,Low,57.17,5,0
T0003964,C005097,2025-08-27,Product Question,Low,8.08,5,0
T0003965,C005097,2024-05-13,Account Issue,Medium,36.91,4,0
T0003966,C005097,2026-03-11,Payment Issue,Medium,21.76,5,0
T0003967,C005099,2026-04-23,Delivery Delay,Low,42.95,5,0
T0003968,C005100,2025-12-11,Refund Request,Medium,20.77,5,1
T0003969,C005103,2025-08-25,Refund Request,Medium,8.48,5,1
T0003970,C005106,2025-09-28,Account Issue,Medium,9.32,4,0
T0003971,C005108,2024-08-21,Product Question,Low,48.84,5,0
T0003972,C005108,2025-01-11,Damaged Item,High,3.97,5,1
T0003973,C005108,2024-04-13,Refund Request,Medium,32.63,4,1
T0003974,C005111,2025-10-25,Product Question,Medium,53.78,3,0
T0003975,C005112,2025-10-17,Product Question,Low,4.53,5,0
T0003976,C005112,2025-01-03,Payment Issue,Medium,26.44,4,0
T0003977,C005115,2025-02-25,Delivery Delay,Medium,19.76,3,0
T0003978,C005116,2026-04-17,Payment Issue,Low,15.29,3,0
T0003979,C005116,2026-05-14,Product Question,Low,28.75,5,0
T0003980,C005117,2025-10-11,Product Question,Low,28.62,5,0
T0003981,C005119,2026-05-13,Wrong Item,Low,17.2,5,1
T0003982,C005121,2024-12-12,Account Issue,Medium,4.55,4,0
T0003983,C005121,2024-07-20,Account Issue,Low,10.57,4,0
T0003984,C005124,2025-06-15,Delivery Delay,Medium,22.95,5,0
T0003985,C005126,2024-07-20,Payment Issue,Low,25.55,5,0
T0003986,C005126,2024-11-02,Damaged Item,Low,27.5,4,0
T0003987,C005127,2024-10-20,Delivery Delay,Medium,51.43,5,0
T0003988,C005127,2024-11-18,Product Question,Medium,6.31,4,0
T0003989,C005130,2024-12-14,Account Issue,Medium,17.59,5,0
T0003990,C005130,2024-03-16,Product Question,High,4.88,5,0
T0003991,C005131,2026-03-02,Account Issue,Low,4.2,4,0
T0003992,C005131,2025-05-31,Wrong Item,Low,61.27,4,1
T0003993,C005137,2025-09-11,Account Issue,Low,22.71,5,0
T0003994,C005137,2024-09-22,Damaged Item,High,1.45,5,0
T0003995,C005138,2025-05-01,Delivery Delay,Low,12.03,4,0
T0003996,C005141,2024-01-26,Delivery Delay,Medium,43.29,3,0
T0003997,C005143,2025-06-05,Product Question,High,10.19,4,0
T0003998,C005149,2025-12-18,Refund Request,Medium,10.9,5,1
T0003999,C005150,2025-10-26,Payment Issue,Medium,18.01,5,0
T0004000,C005150,2026-04-01,Product Question,Low,4.92,4,0
T0004001,C005151,2026-05-14,Delivery Delay,Medium,10.59,4,0
T0004002,C005152,2024-08-18,Wrong Item,Medium,73.03,3,1
T0004003,C005155,2026-05-29,Delivery Delay,Low,4.2,4,0
T0004004,C005155,2026-04-19,Damaged Item,High,2.66,4,0
T0004005,C005155,2026-02-07,Refund Request,Medium,21.48,5,1
T0004006,C005156,2024-09-21,Account Issue,Medium,10.92,4,0
T0004007,C005158,2026-02-08,Delivery Delay,Medium,21.71,5,0
T0004008,C005160,2025-01-11,Refund Request,Medium,6.01,5,1
T0004009,C005161,2025-05-25,Account Issue,High,4.65,5,0
T0004010,C005162,2025-05-16,Product Question,Medium,11.03,5,0
T0004011,C005162,2025-03-31,Product Question,Low,16.43,5,0
T0004012,C005162,2025-08-26,Account Issue,Low,14.86,4,0
T0004013,C005162,2026-01-13,Refund Request,High,7.35,5,1
T0004014,C005163,2026-04-10,Damaged Item,Low,40.47,3,0
T0004015,C005164,2026-05-12,Product Question,Medium,17.34,4,0
T0004016,C005166,2024-09-11,Product Question,Low,41.66,4,0
T0004017,C005167,2026-01-11,Delivery Delay,Medium,8.47,5,0
T0004018,C005167,2026-05-21,Product Question,Low,11.04,4,0
T0004019,C005168,2025-11-03,Product Question,Medium,10.21,5,0
T0004020,C005169,2026-05-25,Payment Issue,Medium,22.2,4,0
T0004021,C005170,2025-12-16,Product Question,Medium,3.97,5,0
T0004022,C005170,2025-12-29,Delivery Delay,Low,22.87,4,0
T0004023,C005171,2025-02-12,Product Question,Low,1.14,4,0
T0004024,C005171,2025-05-15,Damaged Item,Low,47.62,5,1
T0004025,C005176,2024-08-14,Account Issue,Medium,14.56,5,0
T0004026,C005178,2025-09-21,Account Issue,Medium,4.11,5,0
T0004027,C005179,2025-11-19,Damaged Item,Low,17.12,5,0
T0004028,C005180,2024-08-26,Delivery Delay,Low,14.82,5,0
T0004029,C005180,2025-01-08,Damaged Item,Low,17.78,4,1
T0004030,C005182,2025-10-03,Payment Issue,Medium,16.43,5,0
T0004031,C005183,2026-03-24,Refund Request,Low,16.78,4,1
T0004032,C005183,2025-08-01,Account Issue,Medium,17.4,5,0
T0004033,C005184,2025-01-19,Refund Request,Medium,15.12,5,1
T0004034,C005185,2026-04-27,Damaged Item,Low,38.66,5,1
T0004035,C005188,2026-05-31,Refund Request,Medium,11.71,4,1
T0004036,C005191,2026-04-24,Product Question,High,3.47,5,0
T0004037,C005191,2026-04-26,Refund Request,Medium,3.7,5,1
T0004038,C005194,2025-08-13,Payment Issue,Medium,64.36,4,0
T0004039,C005199,2025-09-01,Damaged Item,Medium,5.11,5,0
T0004040,C005199,2026-02-24,Account Issue,Low,53.54,4,0
T0004041,C005199,2025-08-22,Product Question,Medium,11.98,4,0
T0004042,C005199,2025-10-21,Payment Issue,High,3.03,4,0
T0004043,C005199,2026-05-31,Refund Request,Low,13.83,4,1
T0004044,C005200,2025-11-03,Delivery Delay,Medium,4.36,5,0
T0004045,C005201,2024-06-08,Wrong Item,High,3.0,5,0
T0004046,C005204,2024-01-11,Product Question,Low,30.76,3,0
T0004047,C005205,2026-04-09,Delivery Delay,Medium,19.89,5,0
T0004048,C005206,2024-01-21,Refund Request,Low,4.73,5,1
T0004049,C005206,2024-11-25,Delivery Delay,Low,86.39,3,0
T0004050,C005208,2026-05-30,Account Issue,Medium,9.53,3,0
T0004051,C005208,2026-05-29,Account Issue,Low,12.44,5,0
T0004052,C005208,2026-05-11,Refund Request,Medium,17.48,5,1
T0004053,C005212,2025-05-05,Damaged Item,High,10.88,5,0
T0004054,C005213,2026-04-09,Product Question,Medium,53.76,5,0
T0004055,C005213,2024-10-02,Delivery Delay,Medium,77.45,4,0
T0004056,C005214,2026-01-13,Damaged Item,Low,21.36,5,0
T0004057,C005216,2025-02-14,Account Issue,Medium,43.31,5,0
T0004058,C005216,2026-02-06,Wrong Item,Low,38.46,4,1
T0004059,C005216,2025-06-03,Refund Request,Medium,11.04,5,1
T0004060,C005217,2025-10-22,Product Question,Medium,10.02,5,0
T0004061,C005217,2026-02-19,Refund Request,High,21.59,5,1
T0004062,C005217,2026-03-08,Delivery Delay,Medium,6.5,5,0
T0004063,C005218,2025-12-09,Wrong Item,Low,24.34,5,0
T0004064,C005218,2024-01-18,Refund Request,Medium,4.74,4,1
T0004065,C005220,2024-10-20,Damaged Item,Low,5.13,5,0
T0004066,C005220,2025-08-02,Delivery Delay,Medium,16.09,5,0
T0004067,C005222,2024-03-08,Refund Request,Low,23.58,4,1
T0004068,C005225,2025-08-08,Delivery Delay,Medium,22.81,4,0
T0004069,C005226,2026-05-04,Account Issue,Medium,46.81,5,0
T0004070,C005231,2026-01-05,Product Question,Medium,12.48,5,0
T0004071,C005231,2025-12-17,Delivery Delay,Low,28.88,5,0
T0004072,C005233,2026-04-16,Wrong Item,High,16.14,5,0
T0004073,C005234,2024-02-22,Refund Request,Medium,13.46,4,1
T0004074,C005234,2024-10-15,Account Issue,Low,45.89,5,0
T0004075,C005235,2024-12-24,Refund Request,High,1.93,5,1
T0004076,C005239,2026-02-27,Wrong Item,Low,53.02,3,1
T0004077,C005239,2026-01-14,Refund Request,Low,43.57,3,1
T0004078,C005241,2026-04-10,Payment Issue,Medium,2.4,5,0
T0004079,C005243,2025-09-12,Product Question,Medium,1.77,5,0
T0004080,C005243,2025-11-14,Delivery Delay,Medium,17.81,4,0
T0004081,C005244,2026-03-08,Refund Request,Medium,1.97,5,1
T0004082,C005246,2025-08-05,Wrong Item,Medium,11.41,4,1
T0004083,C005247,2026-05-26,Delivery Delay,Medium,20.98,4,0
T0004084,C005248,2026-02-02,Product Question,Low,13.87,5,0
T0004085,C005248,2025-04-13,Delivery Delay,Low,6.01,4,0
T0004086,C005253,2026-05-27,Delivery Delay,Medium,10.38,5,0
T0004087,C005254,2024-05-03,Product Question,Low,6.74,5,0
T0004088,C005255,2026-03-14,Refund Request,Low,21.86,4,1
T0004089,C005257,2024-03-09,Refund Request,Medium,2.37,4,1
T0004090,C005260,2025-09-28,Delivery Delay,Low,33.19,5,0
T0004091,C005263,2024-06-08,Product Question,Low,40.02,4,0
T0004092,C005263,2026-01-03,Refund Request,Medium,16.69,5,1
T0004093,C005264,2025-12-19,Account Issue,Low,57.94,4,0
T0004094,C005264,2024-10-25,Delivery Delay,Medium,26.13,4,0
T0004095,C005267,2025-12-12,Account Issue,Medium,7.26,5,0
T0004096,C005268,2024-11-03,Product Question,Low,4.86,5,0
T0004097,C005268,2025-10-24,Product Question,Medium,35.5,3,0
T0004098,C005268,2024-10-27,Delivery Delay,Low,10.23,5,0
T0004099,C005269,2024-10-14,Refund Request,Medium,10.38,5,1
T0004100,C005269,2025-07-06,Delivery Delay,Medium,17.28,5,0
T0004101,C005270,2025-04-20,Delivery Delay,Medium,10.8,5,0
T0004102,C005271,2026-04-27,Damaged Item,High,4.89,5,0
T0004103,C005272,2025-11-13,Damaged Item,Low,10.94,4,1
T0004104,C005273,2024-01-25,Delivery Delay,High,6.99,4,0
T0004105,C005274,2025-12-26,Delivery Delay,Medium,7.3,4,0
T0004106,C005275,2026-02-28,Account Issue,Medium,3.26,5,0
T0004107,C005277,2025-06-21,Product Question,Medium,9.59,5,0
T0004108,C005279,2025-04-03,Wrong Item,Medium,12.82,4,0
T0004109,C005280,2026-04-20,Product Question,Low,30.46,5,0
T0004110,C005284,2025-03-18,Refund Request,Medium,10.24,5,1
T0004111,C005286,2024-07-07,Payment Issue,Medium,25.94,4,0
T0004112,C005287,2026-01-21,Delivery Delay,Medium,17.08,5,0
T0004113,C005287,2024-12-13,Account Issue,Low,22.37,4,0
T0004114,C005289,2025-05-04,Delivery Delay,Low,3.81,4,0
T0004115,C005290,2025-07-01,Product Question,Medium,19.29,4,0
T0004116,C005292,2026-02-21,Refund Request,Medium,25.15,5,1
T0004117,C005292,2024-04-02,Damaged Item,Low,58.71,3,0
T0004118,C005292,2024-11-30,Delivery Delay,Low,41.75,4,0
T0004119,C005292,2024-04-25,Damaged Item,High,2.04,5,1
T0004120,C005296,2025-09-28,Damaged Item,Low,48.52,3,0
T0004121,C005296,2026-02-12,Product Question,Medium,12.75,5,0
T0004122,C005296,2025-06-05,Refund Request,Medium,38.28,5,1
T0004123,C005298,2024-09-01,Damaged Item,High,4.14,5,0
T0004124,C005298,2025-07-02,Damaged Item,Low,39.2,4,0
T0004125,C005299,2026-04-29,Payment Issue,Low,21.21,5,0
T0004126,C005301,2025-01-05,Refund Request,Medium,36.43,5,1
T0004127,C005302,2024-07-06,Delivery Delay,Medium,10.91,4,0
T0004128,C005302,2026-02-19,Account Issue,Low,28.97,5,0
T0004129,C005302,2026-05-24,Account Issue,Medium,4.9,5,0
T0004130,C005302,2024-09-24,Refund Request,Medium,19.28,5,1
T0004131,C005303,2026-05-12,Delivery Delay,Low,8.5,5,0
T0004132,C005303,2025-10-31,Damaged Item,Medium,23.88,4,0
T0004133,C005304,2024-10-31,Account Issue,Low,45.04,4,0
T0004134,C005304,2025-03-12,Delivery Delay,High,0.94,5,0
T0004135,C005306,2025-05-10,Product Question,High,3.5,5,0
T0004136,C005308,2026-04-09,Product Question,Low,20.91,5,0
T0004137,C005311,2025-06-28,Payment Issue,High,4.21,5,0
T0004138,C005313,2026-01-31,Delivery Delay,Low,6.26,3,0
T0004139,C005315,2025-08-24,Delivery Delay,Medium,8.59,4,0
T0004140,C005315,2026-02-22,Wrong Item,Medium,50.07,5,1
T0004141,C005318,2025-09-29,Delivery Delay,Low,44.8,5,0
T0004142,C005318,2026-03-08,Damaged Item,Low,27.59,5,1
T0004143,C005319,2024-12-30,Refund Request,High,1.17,5,1
T0004144,C005323,2025-08-09,Account Issue,Medium,9.13,5,0
T0004145,C005325,2026-05-02,Product Question,Low,77.76,3,0
T0004146,C005325,2025-09-13,Payment Issue,Medium,4.29,4,0
T0004147,C005326,2025-07-20,Wrong Item,Low,29.27,5,1
T0004148,C005326,2024-01-15,Refund Request,Low,25.61,3,1
T0004149,C005326,2026-01-29,Account Issue,Low,23.64,4,0
T0004150,C005327,2026-05-10,Damaged Item,Medium,15.7,4,0
T0004151,C005328,2026-01-23,Delivery Delay,High,5.31,3,0
T0004152,C005328,2026-04-22,Refund Request,Low,1.26,4,1
T0004153,C005328,2024-04-22,Account Issue,Medium,20.6,5,0
T0004154,C005329,2026-02-18,Delivery Delay,Low,6.42,5,0
T0004155,C005329,2026-02-26,Delivery Delay,High,21.78,5,0
T0004156,C005332,2026-01-31,Delivery Delay,Low,16.83,5,0
T0004157,C005333,2025-12-30,Damaged Item,Medium,9.03,4,1
T0004158,C005334,2025-10-19,Delivery Delay,Low,18.12,5,0
T0004159,C005336,2026-04-21,Damaged Item,High,3.16,5,1
T0004160,C005337,2024-08-13,Refund Request,Medium,13.1,5,1
T0004161,C005338,2025-01-28,Delivery Delay,Medium,3.1,5,0
T0004162,C005338,2025-10-30,Delivery Delay,Medium,22.96,5,0
T0004163,C005340,2026-02-23,Refund Request,Medium,5.58,5,1
T0004164,C005342,2025-05-04,Account Issue,High,5.06,4,0
T0004165,C005343,2025-11-29,Account Issue,High,4.59,5,0
T0004166,C005346,2025-04-03,Wrong Item,Medium,38.06,4,1
T0004167,C005346,2025-05-13,Delivery Delay,High,1.53,5,0
T0004168,C005348,2026-04-19,Product Question,Low,34.37,3,0
T0004169,C005348,2025-08-21,Product Question,Medium,34.41,4,0
T0004170,C005349,2026-03-16,Wrong Item,Medium,18.21,5,0
T0004171,C005349,2025-11-19,Product Question,Medium,15.33,5,0
T0004172,C005351,2025-12-01,Refund Request,Medium,17.18,5,1
T0004173,C005353,2024-09-28,Product Question,Medium,17.05,5,0
T0004174,C005353,2025-02-21,Damaged Item,High,9.64,5,0
T0004175,C005353,2024-04-17,Delivery Delay,Medium,17.73,5,0
T0004176,C005356,2026-05-31,Refund Request,Low,33.46,5,1
T0004177,C005357,2025-11-09,Damaged Item,Medium,10.74,4,0
T0004178,C005359,2026-02-12,Payment Issue,Low,23.13,3,0
T0004179,C005359,2025-12-19,Damaged Item,Medium,4.44,4,1
T0004180,C005361,2026-03-16,Damaged Item,High,4.43,5,0
T0004181,C005362,2025-10-02,Payment Issue,Low,12.18,5,0
T0004182,C005364,2024-09-29,Delivery Delay,Low,32.78,4,0
T0004183,C005368,2026-05-24,Refund Request,Medium,21.95,5,1
T0004184,C005368,2026-04-20,Wrong Item,Low,22.54,5,0
T0004185,C005369,2025-10-18,Refund Request,Medium,2.31,5,1
T0004186,C005372,2026-05-02,Delivery Delay,Low,31.28,5,0
T0004187,C005374,2025-09-01,Damaged Item,Medium,12.36,5,0
T0004188,C005374,2024-03-17,Product Question,High,5.37,5,0
T0004189,C005374,2025-09-25,Refund Request,Medium,15.41,3,1
T0004190,C005375,2026-04-26,Refund Request,Low,21.75,5,1
T0004191,C005378,2025-02-26,Delivery Delay,Low,10.5,5,0
T0004192,C005378,2026-05-31,Payment Issue,Low,31.68,4,0
T0004193,C005383,2025-03-30,Delivery Delay,Medium,37.81,4,0
T0004194,C005383,2025-12-14,Wrong Item,High,2.77,5,0
T0004195,C005386,2025-10-25,Damaged Item,Low,53.09,3,0
T0004196,C005387,2025-11-11,Account Issue,Low,21.4,4,0
T0004197,C005388,2025-06-26,Refund Request,Low,53.73,3,1
T0004198,C005389,2025-12-28,Refund Request,Medium,10.53,5,1
T0004199,C005389,2026-03-13,Refund Request,Low,43.34,4,1
T0004200,C005391,2025-07-18,Product Question,High,7.65,4,0
T0004201,C005394,2026-02-25,Delivery Delay,Low,29.1,3,0
T0004202,C005394,2026-02-05,Wrong Item,Low,11.67,5,0
T0004203,C005395,2026-01-14,Delivery Delay,Medium,24.94,4,0
T0004204,C005395,2026-02-02,Delivery Delay,Medium,19.49,2,0
T0004205,C005395,2026-04-25,Damaged Item,Medium,6.6,5,0
T0004206,C005395,2026-04-01,Refund Request,Low,28.45,5,1
T0004207,C005396,2026-05-12,Wrong Item,Medium,13.1,4,1
T0004208,C005403,2025-07-23,Product Question,Medium,4.34,5,0
T0004209,C005404,2026-05-21,Refund Request,Medium,11.92,4,1
T0004210,C005405,2025-11-04,Product Question,Low,31.59,5,0
T0004211,C005409,2024-06-14,Account Issue,Medium,6.83,5,0
T0004212,C005410,2026-01-25,Product Question,Medium,11.03,4,0
T0004213,C005411,2025-09-11,Payment Issue,Low,31.36,4,0
T0004214,C005414,2025-08-05,Delivery Delay,Medium,11.37,4,0
T0004215,C005414,2025-08-13,Refund Request,Medium,40.36,5,1
T0004216,C005415,2025-10-26,Delivery Delay,Medium,27.82,4,0
T0004217,C005415,2025-02-18,Wrong Item,Medium,13.71,5,1
T0004218,C005416,2024-10-03,Delivery Delay,Medium,30.48,5,0
T0004219,C005416,2024-09-10,Refund Request,High,7.36,4,1
T0004220,C005417,2026-03-09,Refund Request,Medium,4.3,5,1
T0004221,C005417,2024-03-17,Product Question,Medium,0.5,4,0
T0004222,C005417,2024-11-27,Damaged Item,High,7.62,5,1
T0004223,C005421,2024-04-30,Product Question,Low,48.03,5,0
T0004224,C005422,2026-05-04,Account Issue,Low,21.8,5,0
T0004225,C005423,2026-05-04,Damaged Item,Medium,7.77,5,0
T0004226,C005424,2025-03-30,Damaged Item,Low,83.95,3,0
T0004227,C005425,2026-05-20,Wrong Item,Low,24.53,5,0
T0004228,C005429,2026-03-24,Payment Issue,Low,86.36,2,0
T0004229,C005432,2026-03-07,Product Question,Low,27.87,3,0
T0004230,C005432,2026-03-29,Refund Request,Medium,4.28,5,1
T0004231,C005433,2026-05-24,Wrong Item,Medium,13.18,4,0
T0004232,C005435,2025-09-06,Damaged Item,High,11.72,5,0
T0004233,C005435,2025-05-31,Refund Request,Low,38.46,3,1
T0004234,C005435,2026-01-10,Product Question,High,2.26,5,0
T0004235,C005435,2024-10-15,Delivery Delay,Medium,16.72,5,0
T0004236,C005437,2025-04-28,Refund Request,Medium,14.16,5,1
T0004237,C005440,2026-05-25,Product Question,High,4.97,5,0
T0004238,C005441,2026-05-23,Wrong Item,Medium,26.47,5,0
T0004239,C005443,2024-12-02,Refund Request,Medium,11.99,4,1
T0004240,C005443,2024-02-25,Delivery Delay,Low,38.72,5,0
T0004241,C005443,2025-11-09,Delivery Delay,High,11.93,4,0
T0004242,C005443,2024-10-23,Damaged Item,High,4.69,5,0
T0004243,C005444,2026-04-25,Delivery Delay,Low,32.37,4,0
T0004244,C005445,2025-08-31,Product Question,Low,3.25,5,0
T0004245,C005446,2025-06-03,Delivery Delay,Medium,27.76,4,0
T0004246,C005447,2026-05-06,Refund Request,Medium,8.87,5,1
T0004247,C005447,2025-04-28,Delivery Delay,Medium,22.15,5,0
T0004248,C005448,2025-09-08,Account Issue,Medium,5.92,5,0
T0004249,C005449,2024-09-25,Damaged Item,Medium,20.42,5,1
T0004250,C005450,2025-01-27,Delivery Delay,Low,11.13,4,0
T0004251,C005451,2026-02-15,Delivery Delay,Medium,7.21,5,0
T0004252,C005452,2024-12-24,Payment Issue,Medium,14.67,5,0
T0004253,C005452,2025-03-06,Payment Issue,Low,38.11,4,0
T0004254,C005454,2025-01-23,Refund Request,Medium,15.81,3,1
T0004255,C005454,2026-02-13,Refund Request,Medium,11.26,5,1
T0004256,C005455,2026-05-22,Product Question,Low,20.85,4,0
T0004257,C005457,2025-03-24,Refund Request,Medium,1.91,5,1
T0004258,C005460,2025-04-07,Delivery Delay,High,1.67,2,0
T0004259,C005460,2024-12-31,Product Question,Low,34.27,5,0
T0004260,C005461,2025-01-29,Damaged Item,Medium,6.41,4,1
T0004261,C005462,2025-11-28,Product Question,Low,33.91,5,0
T0004262,C005462,2025-11-27,Damaged Item,High,10.24,4,0
T0004263,C005463,2025-10-12,Refund Request,Medium,5.39,5,1
T0004264,C005464,2024-04-09,Refund Request,Medium,14.71,4,1
T0004265,C005466,2026-04-30,Delivery Delay,Low,24.98,5,0
T0004266,C005468,2026-04-22,Delivery Delay,Medium,5.13,3,0
T0004267,C005468,2025-10-04,Refund Request,Low,16.75,4,1
T0004268,C005469,2024-12-23,Refund Request,Medium,16.48,4,1
T0004269,C005469,2025-12-03,Refund Request,High,1.71,5,1
T0004270,C005474,2025-10-11,Delivery Delay,Medium,24.16,5,0
T0004271,C005474,2026-02-13,Account Issue,Medium,24.45,5,0
T0004272,C005474,2025-11-19,Product Question,Low,27.8,5,0
T0004273,C005475,2026-03-15,Product Question,Medium,14.67,4,0
T0004274,C005475,2025-08-18,Delivery Delay,Low,32.88,5,0
T0004275,C005477,2026-02-14,Damaged Item,Low,12.17,5,1
T0004276,C005478,2025-05-27,Wrong Item,Medium,13.17,4,1
T0004277,C005479,2024-09-08,Payment Issue,Low,21.7,4,0
T0004278,C005480,2025-11-20,Delivery Delay,High,3.72,5,0
T0004279,C005483,2024-12-27,Refund Request,Medium,16.8,3,1
T0004280,C005483,2025-06-08,Account Issue,Medium,13.84,5,0
T0004281,C005483,2024-03-14,Refund Request,Medium,14.5,4,1
T0004282,C005483,2024-10-11,Payment Issue,High,7.62,5,0
T0004283,C005484,2024-07-20,Refund Request,High,10.99,5,1
T0004284,C005485,2026-03-25,Refund Request,High,7.27,5,1
T0004285,C005485,2026-04-29,Damaged Item,Medium,7.11,5,0
T0004286,C005487,2025-09-12,Damaged Item,Low,61.98,4,0
T0004287,C005488,2026-04-11,Damaged Item,Low,36.89,5,1
T0004288,C005488,2024-01-25,Payment Issue,Low,4.89,5,0
T0004289,C005488,2025-09-19,Payment Issue,High,14.53,5,0
T0004290,C005488,2025-04-30,Product Question,High,11.1,5,0
T0004291,C005488,2024-05-28,Delivery Delay,Medium,7.6,5,0
T0004292,C005488,2024-07-24,Payment Issue,Low,12.15,5,0
T0004293,C005490,2024-07-01,Delivery Delay,Low,8.51,5,0
T0004294,C005492,2026-05-14,Payment Issue,Low,31.59,4,0
T0004295,C005493,2026-05-30,Account Issue,Medium,12.32,4,0
T0004296,C005493,2026-05-24,Refund Request,Medium,37.87,4,1
T0004297,C005495,2024-07-14,Delivery Delay,High,4.59,4,0
T0004298,C005496,2026-02-18,Refund Request,Medium,2.08,5,1
T0004299,C005496,2025-12-09,Damaged Item,Low,15.31,5,1
T0004300,C005499,2026-01-24,Product Question,Medium,16.16,4,0
T0004301,C005499,2025-11-20,Delivery Delay,High,22.58,5,0
T0004302,C005501,2025-04-15,Account Issue,Low,19.12,5,0
T0004303,C005502,2026-01-05,Delivery Delay,High,3.49,4,0
T0004304,C005502,2025-12-25,Payment Issue,Medium,40.77,5,0
T0004305,C005508,2025-10-03,Refund Request,Low,20.46,3,1
T0004306,C005509,2024-07-31,Payment Issue,Medium,37.82,4,0
T0004307,C005512,2025-07-04,Refund Request,Medium,22.35,4,1
T0004308,C005512,2025-04-25,Account Issue,Medium,14.18,4,0
T0004309,C005513,2025-10-17,Delivery Delay,High,11.0,5,0
T0004310,C005515,2024-04-23,Refund Request,Medium,6.2,5,1
T0004311,C005516,2025-08-20,Product Question,Low,19.68,5,0
T0004312,C005517,2024-09-11,Refund Request,Medium,11.67,5,1
T0004313,C005517,2025-10-19,Delivery Delay,Low,15.67,5,0
T0004314,C005519,2026-04-16,Product Question,High,10.75,5,0
T0004315,C005520,2025-12-08,Damaged Item,Medium,15.45,5,0
T0004316,C005522,2026-03-25,Delivery Delay,Low,42.49,4,0
T0004317,C005523,2026-05-22,Damaged Item,Medium,54.23,4,0
T0004318,C005523,2026-02-11,Account Issue,Low,24.72,5,0
T0004319,C005523,2026-03-05,Refund Request,High,5.77,5,1
T0004320,C005524,2025-10-31,Account Issue,Low,7.6,5,0
T0004321,C005524,2026-05-31,Delivery Delay,Low,14.49,5,0
T0004322,C005525,2025-12-05,Account Issue,Low,6.61,5,0
T0004323,C005526,2024-10-05,Product Question,Low,25.69,5,0
T0004324,C005528,2024-05-16,Product Question,Medium,5.28,5,0
T0004325,C005528,2025-08-16,Wrong Item,Medium,36.64,5,1
T0004326,C005528,2024-05-15,Account Issue,High,27.45,5,0
T0004327,C005528,2024-09-04,Product Question,Medium,14.76,5,0
T0004328,C005531,2025-02-01,Damaged Item,Low,12.3,4,0
T0004329,C005534,2025-06-11,Refund Request,Low,17.57,4,1
T0004330,C005535,2025-11-12,Delivery Delay,High,16.82,3,0
T0004331,C005535,2024-07-28,Damaged Item,Medium,4.72,5,1
T0004332,C005537,2025-06-13,Account Issue,Low,7.18,5,0
T0004333,C005537,2026-02-24,Product Question,High,4.15,5,0
T0004334,C005540,2024-08-28,Wrong Item,Low,38.14,4,0
T0004335,C005541,2025-11-30,Product Question,Medium,10.52,5,0
T0004336,C005543,2025-12-18,Refund Request,Low,25.78,5,1
T0004337,C005544,2024-10-09,Wrong Item,Medium,10.84,3,1
T0004338,C005549,2025-02-11,Damaged Item,Medium,40.55,5,1
T0004339,C005552,2024-03-15,Product Question,Low,9.74,5,0
T0004340,C005554,2025-06-18,Product Question,High,10.05,4,0
T0004341,C005558,2024-07-10,Damaged Item,Medium,15.59,3,0
T0004342,C005559,2025-07-17,Delivery Delay,Medium,21.78,5,0
T0004343,C005559,2024-10-23,Payment Issue,Low,29.87,4,0
T0004344,C005560,2026-05-19,Delivery Delay,Medium,28.23,3,0
T0004345,C005560,2026-05-25,Refund Request,Medium,13.14,5,1
T0004346,C005561,2025-11-20,Product Question,Medium,30.53,4,0
T0004347,C005565,2026-04-26,Product Question,Medium,7.97,4,0
T0004348,C005566,2025-12-15,Wrong Item,Low,10.72,4,0
T0004349,C005566,2025-07-03,Payment Issue,High,3.85,4,0
T0004350,C005567,2025-03-26,Wrong Item,Low,19.46,5,0
T0004351,C005567,2024-11-15,Damaged Item,Low,21.71,3,1
T0004352,C005567,2025-11-14,Damaged Item,High,4.48,5,1
T0004353,C005567,2025-09-10,Refund Request,Medium,14.88,4,1
T0004354,C005568,2025-05-11,Damaged Item,Medium,19.52,4,1
T0004355,C005568,2025-08-02,Refund Request,Medium,16.71,5,1
T0004356,C005568,2026-03-04,Refund Request,Medium,44.33,3,1
T0004357,C005570,2025-12-02,Payment Issue,Low,31.85,4,0
T0004358,C005571,2024-07-18,Refund Request,Low,51.9,3,1
T0004359,C005571,2025-08-03,Wrong Item,Medium,10.09,5,1
T0004360,C005572,2024-08-31,Product Question,Medium,8.48,4,0
T0004361,C005575,2025-03-22,Payment Issue,Medium,33.75,4,0
T0004362,C005578,2025-09-30,Product Question,Medium,31.82,3,0
T0004363,C005580,2026-02-21,Damaged Item,Medium,21.37,4,1
T0004364,C005583,2026-05-26,Product Question,Low,12.78,5,0
T0004365,C005583,2026-05-10,Product Question,Low,30.48,5,0
T0004366,C005586,2025-07-29,Wrong Item,Low,47.89,4,0
T0004367,C005588,2024-07-15,Account Issue,Low,41.42,4,0
T0004368,C005589,2024-10-25,Product Question,High,5.59,5,0
T0004369,C005589,2024-07-01,Refund Request,High,14.32,5,1
T0004370,C005590,2026-03-14,Product Question,Medium,5.02,4,0
T0004371,C005591,2026-04-23,Payment Issue,Low,3.31,5,0
T0004372,C005595,2024-03-31,Account Issue,Medium,11.74,5,0
T0004373,C005595,2025-01-08,Wrong Item,Low,20.63,5,1
T0004374,C005596,2024-12-06,Payment Issue,Medium,21.25,5,0
T0004375,C005600,2026-04-18,Refund Request,Low,10.77,4,1
T0004376,C005601,2025-06-18,Delivery Delay,Low,38.21,5,0
T0004377,C005602,2025-09-02,Account Issue,Medium,19.17,5,0
T0004378,C005603,2025-12-25,Product Question,Medium,1.25,5,0
T0004379,C005604,2025-04-17,Wrong Item,High,5.54,5,1
T0004380,C005604,2025-12-01,Damaged Item,Medium,10.42,5,1
T0004381,C005605,2025-10-26,Refund Request,Medium,10.21,5,1
T0004382,C005610,2025-11-26,Delivery Delay,Low,9.0,5,0
T0004383,C005615,2024-04-09,Delivery Delay,Medium,7.05,5,0
T0004384,C005620,2026-04-07,Damaged Item,Medium,10.31,5,1
T0004385,C005621,2025-07-19,Account Issue,Medium,44.95,4,0
T0004386,C005622,2026-05-20,Payment Issue,High,15.79,4,0
T0004387,C005623,2025-12-05,Refund Request,Medium,16.99,5,1
T0004388,C005623,2026-03-24,Payment Issue,Medium,15.0,5,0
T0004389,C005623,2025-12-09,Refund Request,Medium,9.94,5,1
T0004390,C005628,2026-05-18,Refund Request,Medium,29.6,5,1
T0004391,C005628,2026-05-17,Product Question,Low,17.5,4,0
T0004392,C005630,2024-10-12,Delivery Delay,Low,31.1,4,0
T0004393,C005635,2025-09-16,Delivery Delay,Medium,4.95,5,0
T0004394,C005637,2026-05-22,Payment Issue,Medium,21.14,4,0
T0004395,C005638,2025-04-02,Product Question,Low,62.18,4,0
T0004396,C005638,2025-01-15,Payment Issue,Low,34.37,5,0
T0004397,C005642,2026-03-05,Refund Request,Low,95.86,4,1
T0004398,C005642,2026-02-06,Wrong Item,Medium,18.51,3,0
T0004399,C005643,2025-05-15,Delivery Delay,High,6.35,5,0
T0004400,C005643,2024-02-13,Product Question,Low,8.51,5,0
T0004401,C005648,2025-04-23,Delivery Delay,High,7.89,5,0
T0004402,C005650,2026-01-21,Damaged Item,Low,27.89,4,0
T0004403,C005651,2025-12-24,Refund Request,Low,44.76,4,1
T0004404,C005653,2026-01-28,Payment Issue,Medium,20.42,5,0
T0004405,C005657,2026-04-24,Damaged Item,Low,64.27,5,0
T0004406,C005659,2026-04-18,Product Question,Low,38.61,4,0
T0004407,C005660,2024-02-11,Product Question,Medium,26.59,4,0
T0004408,C005661,2025-04-16,Damaged Item,Medium,27.38,4,0
T0004409,C005662,2024-02-10,Refund Request,Medium,36.54,3,1
T0004410,C005662,2024-03-29,Product Question,Medium,33.34,4,0
T0004411,C005663,2026-04-22,Payment Issue,Medium,23.75,3,0
T0004412,C005665,2026-03-29,Delivery Delay,Low,24.73,3,0
T0004413,C005665,2026-02-26,Account Issue,Medium,28.78,5,0
T0004414,C005668,2025-10-10,Product Question,Medium,13.98,5,0
T0004415,C005668,2025-05-16,Account Issue,Medium,34.17,5,0
T0004416,C005669,2025-08-20,Refund Request,High,2.83,5,1
T0004417,C005670,2025-11-21,Product Question,Low,11.95,3,0
T0004418,C005671,2025-05-13,Payment Issue,Medium,29.54,5,0
T0004419,C005673,2026-04-02,Delivery Delay,Low,24.7,5,0
T0004420,C005674,2025-01-16,Delivery Delay,Medium,40.55,5,0
T0004421,C005675,2026-04-18,Delivery Delay,Medium,40.41,5,0
T0004422,C005678,2026-04-30,Refund Request,Medium,6.3,5,1
T0004423,C005680,2026-04-08,Delivery Delay,Low,54.24,4,0
T0004424,C005681,2025-01-17,Wrong Item,Medium,18.54,5,0
T0004425,C005681,2025-09-25,Product Question,Medium,3.27,5,0
T0004426,C005687,2025-11-04,Payment Issue,Medium,5.34,5,0
T0004427,C005687,2025-03-30,Account Issue,Low,16.25,5,0
T0004428,C005689,2025-11-28,Damaged Item,Medium,4.69,4,0
T0004429,C005695,2026-05-27,Refund Request,Medium,31.95,3,1
T0004430,C005696,2026-03-31,Delivery Delay,Medium,10.55,4,0
T0004431,C005696,2025-11-03,Wrong Item,High,10.91,5,1
T0004432,C005696,2025-05-08,Wrong Item,Medium,5.93,5,1
T0004433,C005699,2026-04-12,Product Question,Medium,10.27,3,0
T0004434,C005699,2024-05-31,Wrong Item,Medium,16.42,5,0
T0004435,C005703,2024-05-09,Delivery Delay,Low,10.81,4,0
T0004436,C005704,2025-02-28,Product Question,Low,14.03,5,0
T0004437,C005705,2024-10-18,Wrong Item,Low,21.01,5,0
T0004438,C005705,2024-06-03,Payment Issue,Medium,12.13,4,0
T0004439,C005707,2025-06-25,Product Question,Medium,3.47,5,0
T0004440,C005709,2024-04-18,Wrong Item,Medium,15.7,5,0
T0004441,C005709,2026-04-27,Product Question,Medium,7.46,4,0
T0004442,C005709,2024-06-29,Refund Request,Medium,20.83,5,1
T0004443,C005712,2026-01-10,Account Issue,Low,24.61,5,0
T0004444,C005712,2024-12-08,Refund Request,Low,18.95,5,1
T0004445,C005714,2025-02-12,Account Issue,High,6.48,5,0
T0004446,C005715,2025-11-12,Product Question,Low,49.55,5,0
T0004447,C005718,2025-11-22,Payment Issue,Medium,15.91,5,0
T0004448,C005719,2026-05-24,Product Question,Medium,11.07,5,0
T0004449,C005720,2024-12-23,Product Question,Medium,10.17,5,0
T0004450,C005722,2026-03-26,Account Issue,Medium,24.82,5,0
T0004451,C005722,2026-04-30,Delivery Delay,Medium,5.16,5,0
T0004452,C005724,2026-05-15,Delivery Delay,Medium,1.98,5,0
T0004453,C005724,2026-05-16,Delivery Delay,Medium,36.39,5,0
T0004454,C005725,2024-09-08,Damaged Item,Medium,10.44,4,1
T0004455,C005728,2026-04-26,Delivery Delay,Medium,23.94,3,0
T0004456,C005731,2026-03-01,Refund Request,Medium,13.99,4,1
T0004457,C005733,2026-04-18,Damaged Item,Medium,6.5,5,1
T0004458,C005734,2024-07-13,Product Question,High,6.59,5,0
T0004459,C005736,2026-03-11,Damaged Item,Medium,34.85,3,0
T0004460,C005737,2025-11-06,Delivery Delay,Low,6.53,5,0
T0004461,C005739,2025-12-12,Delivery Delay,High,5.13,5,0
T0004462,C005739,2026-05-13,Product Question,High,1.45,5,0
T0004463,C005742,2024-06-30,Wrong Item,Low,31.82,4,1
T0004464,C005742,2024-08-28,Product Question,High,2.85,5,0
T0004465,C005745,2025-09-27,Refund Request,Medium,37.47,4,1
T0004466,C005746,2025-10-07,Account Issue,Medium,7.53,4,0
T0004467,C005748,2024-02-20,Wrong Item,Medium,4.58,4,0
T0004468,C005748,2026-01-05,Payment Issue,Medium,38.8,5,0
T0004469,C005749,2025-06-28,Refund Request,Medium,1.68,5,1
T0004470,C005749,2025-12-03,Delivery Delay,Medium,12.5,5,0
T0004471,C005750,2025-08-09,Delivery Delay,Medium,16.97,4,0
T0004472,C005752,2025-07-11,Delivery Delay,Low,22.66,5,0
T0004473,C005756,2024-05-13,Product Question,Low,13.2,5,0
T0004474,C005759,2025-09-14,Refund Request,Medium,29.49,4,1
T0004475,C005760,2026-03-29,Account Issue,Medium,18.24,4,0
T0004476,C005762,2025-01-11,Refund Request,Low,18.44,5,1
T0004477,C005763,2025-09-30,Damaged Item,Medium,19.88,5,0
T0004478,C005766,2025-11-09,Damaged Item,High,9.96,4,0
T0004479,C005767,2025-10-30,Refund Request,Low,4.8,5,1
T0004480,C005768,2026-05-22,Product Question,High,8.0,5,0
T0004481,C005770,2025-04-08,Delivery Delay,Medium,34.58,5,0
T0004482,C005771,2026-05-20,Delivery Delay,Low,30.34,5,0
T0004483,C005773,2026-04-30,Refund Request,Low,37.62,4,1
T0004484,C005773,2025-11-11,Refund Request,Medium,28.06,4,1
T0004485,C005776,2026-03-05,Payment Issue,Medium,15.94,4,0
T0004486,C005776,2025-12-12,Payment Issue,Medium,15.42,5,0
T0004487,C005777,2024-11-07,Product Question,High,10.89,5,0
T0004488,C005778,2026-03-13,Refund Request,Medium,35.13,4,1
T0004489,C005778,2025-09-19,Product Question,Low,20.76,5,0
T0004490,C005778,2026-01-05,Refund Request,Medium,32.4,3,1
T0004491,C005781,2025-07-04,Delivery Delay,Medium,24.36,4,0
T0004492,C005783,2025-12-03,Delivery Delay,Medium,26.07,5,0
T0004493,C005784,2024-04-17,Payment Issue,Low,3.53,3,0
T0004494,C005785,2024-11-05,Damaged Item,Medium,10.73,5,0
T0004495,C005785,2024-12-05,Delivery Delay,Medium,4.41,4,0
T0004496,C005788,2025-12-15,Account Issue,Medium,1.96,5,0
T0004497,C005788,2026-02-14,Payment Issue,Low,24.81,3,0
T0004498,C005789,2026-05-09,Payment Issue,Medium,11.85,5,0
T0004499,C005792,2024-03-07,Product Question,Low,46.94,2,0
T0004500,C005793,2025-07-22,Product Question,Medium,15.89,5,0
T0004501,C005793,2025-07-05,Refund Request,Medium,9.73,5,1
T0004502,C005793,2025-02-20,Refund Request,Low,27.41,4,1
T0004503,C005793,2024-11-04,Product Question,Medium,19.62,5,0
T0004504,C005794,2024-04-21,Damaged Item,Low,122.2,3,1
T0004505,C005796,2024-07-22,Product Question,Medium,21.15,5,0
T0004506,C005797,2026-05-26,Product Question,Medium,1.39,4,0
T0004507,C005801,2024-10-08,Product Question,High,4.97,4,0
T0004508,C005801,2024-10-01,Wrong Item,Medium,19.66,4,0
T0004509,C005802,2026-04-13,Refund Request,Medium,52.06,4,1
T0004510,C005809,2026-05-12,Account Issue,Medium,1.43,5,0
T0004511,C005811,2026-02-23,Product Question,Medium,8.11,5,0
T0004512,C005812,2026-04-13,Account Issue,Low,6.33,5,0
T0004513,C005812,2025-09-26,Account Issue,Low,25.3,4,0
T0004514,C005814,2025-07-08,Payment Issue,Low,15.04,5,0
T0004515,C005815,2026-02-04,Account Issue,Medium,15.92,5,0
T0004516,C005816,2026-04-30,Account Issue,High,22.85,3,0
T0004517,C005817,2024-09-17,Delivery Delay,Medium,16.72,5,0
T0004518,C005818,2025-04-09,Delivery Delay,Low,10.18,4,0
T0004519,C005819,2024-05-03,Payment Issue,Low,34.7,5,0
T0004520,C005819,2024-12-06,Damaged Item,High,3.44,5,0
T0004521,C005819,2024-10-11,Delivery Delay,Low,10.5,5,0
T0004522,C005819,2025-07-01,Delivery Delay,Medium,23.38,4,0
T0004523,C005820,2025-08-02,Refund Request,Medium,5.76,5,1
T0004524,C005821,2024-07-17,Delivery Delay,Low,37.66,5,0
T0004525,C005822,2026-04-07,Delivery Delay,Low,52.39,5,0
T0004526,C005824,2026-03-13,Damaged Item,High,16.7,5,0
T0004527,C005826,2026-05-30,Product Question,Low,13.75,4,0
T0004528,C005826,2026-05-18,Account Issue,Medium,36.13,5,0
T0004529,C005831,2025-08-11,Account Issue,Low,17.1,4,0
T0004530,C005834,2026-05-05,Wrong Item,Medium,16.78,4,1
T0004531,C005835,2026-01-26,Damaged Item,High,2.21,5,0
T0004532,C005836,2025-08-26,Product Question,Medium,12.06,4,0
T0004533,C005837,2025-11-14,Delivery Delay,High,18.96,5,0
T0004534,C005837,2025-10-28,Refund Request,Medium,6.72,5,1
T0004535,C005838,2026-05-05,Wrong Item,Medium,35.82,4,1
T0004536,C005840,2024-12-28,Product Question,Medium,47.85,4,0
T0004537,C005840,2025-11-21,Damaged Item,Medium,11.16,5,1
T0004538,C005842,2026-01-19,Refund Request,Low,4.33,4,1
T0004539,C005845,2026-04-23,Refund Request,Medium,31.53,5,1
T0004540,C005845,2026-05-20,Refund Request,Medium,0.56,5,1
T0004541,C005846,2025-12-01,Delivery Delay,Low,10.85,5,0
T0004542,C005848,2025-07-15,Product Question,Medium,4.7,5,0
T0004543,C005849,2026-03-08,Refund Request,Medium,22.25,5,1
T0004544,C005849,2026-02-11,Damaged Item,Medium,42.75,5,0
T0004545,C005850,2026-03-29,Product Question,Medium,15.01,5,0
T0004546,C005850,2026-03-24,Payment Issue,Low,1.37,5,0
T0004547,C005851,2026-05-28,Product Question,Medium,20.69,5,0
T0004548,C005852,2026-05-21,Refund Request,Low,4.75,5,1
T0004549,C005853,2025-11-05,Account Issue,Medium,37.58,5,0
T0004550,C005853,2025-09-21,Delivery Delay,Medium,8.45,3,0
T0004551,C005855,2026-02-18,Product Question,High,13.5,5,0
T0004552,C005857,2025-03-24,Payment Issue,Low,29.03,5,0
T0004553,C005858,2026-01-05,Delivery Delay,Medium,22.88,4,0
T0004554,C005860,2026-01-04,Delivery Delay,Low,35.81,5,0
T0004555,C005860,2026-05-02,Delivery Delay,Medium,30.31,5,0
T0004556,C005861,2024-06-24,Refund Request,Low,19.82,4,1
T0004557,C005862,2026-03-03,Account Issue,Low,44.97,5,0
T0004558,C005863,2024-01-11,Payment Issue,Low,40.48,5,0
T0004559,C005864,2025-07-21,Damaged Item,Low,5.68,5,1
T0004560,C005866,2025-08-22,Delivery Delay,Medium,24.23,4,0
T0004561,C005868,2025-06-10,Payment Issue,Medium,36.7,4,0
T0004562,C005868,2025-05-20,Refund Request,High,8.16,5,1
T0004563,C005870,2026-05-14,Refund Request,Medium,19.49,5,1
T0004564,C005870,2026-01-13,Wrong Item,Low,32.99,5,0
T0004565,C005872,2025-10-09,Refund Request,Low,40.82,4,1
T0004566,C005873,2025-05-09,Damaged Item,Medium,41.56,4,1
T0004567,C005875,2026-02-19,Payment Issue,Low,26.54,5,0
T0004568,C005876,2026-05-22,Delivery Delay,High,16.96,5,0
T0004569,C005876,2026-05-24,Payment Issue,Medium,3.02,5,0
T0004570,C005879,2026-03-29,Refund Request,High,3.93,5,1
T0004571,C005879,2025-08-11,Product Question,High,3.6,5,0
T0004572,C005881,2024-08-13,Account Issue,Medium,6.59,5,0
T0004573,C005881,2026-05-15,Product Question,Low,50.15,3,0
T0004574,C005881,2026-03-11,Payment Issue,High,2.39,5,0
T0004575,C005882,2025-03-20,Account Issue,Medium,25.62,4,0
T0004576,C005882,2026-03-11,Wrong Item,Medium,20.2,5,0
T0004577,C005882,2025-08-30,Refund Request,Medium,8.56,5,1
T0004578,C005887,2026-04-25,Refund Request,Low,26.77,5,1
T0004579,C005888,2025-11-06,Product Question,Medium,25.7,5,0
T0004580,C005889,2024-05-24,Product Question,High,1.1,5,0
T0004581,C005892,2026-03-28,Payment Issue,High,9.28,5,0
T0004582,C005892,2025-09-06,Product Question,Low,32.05,3,0
T0004583,C005894,2024-12-13,Refund Request,Medium,23.27,5,1
T0004584,C005895,2025-12-31,Refund Request,Low,57.71,5,1
T0004585,C005896,2024-07-21,Account Issue,Low,40.56,3,0
T0004586,C005897,2025-12-01,Damaged Item,Low,9.83,5,0
T0004587,C005898,2025-07-13,Product Question,Medium,11.53,5,0
T0004588,C005903,2026-04-15,Wrong Item,Low,9.54,5,0
T0004589,C005904,2025-12-18,Delivery Delay,Low,23.8,5,0
T0004590,C005906,2026-04-21,Refund Request,Low,60.63,4,1
T0004591,C005907,2025-06-03,Product Question,Medium,22.22,5,0
T0004592,C005907,2025-12-03,Delivery Delay,Medium,16.58,5,0
T0004593,C005908,2026-05-14,Delivery Delay,Medium,26.55,4,0
T0004594,C005909,2025-09-19,Damaged Item,Low,14.01,5,0
T0004595,C005909,2025-03-08,Delivery Delay,Medium,30.76,4,0
T0004596,C005911,2025-08-05,Wrong Item,Medium,25.57,5,0
T0004597,C005912,2025-08-25,Delivery Delay,Medium,14.69,5,0
T0004598,C005916,2025-11-16,Damaged Item,Medium,16.03,4,1
T0004599,C005918,2025-11-13,Refund Request,Medium,7.06,4,1
T0004600,C005918,2025-12-13,Damaged Item,Medium,15.69,5,0
T0004601,C005923,2025-07-25,Refund Request,Low,24.25,5,1
T0004602,C005923,2025-01-06,Product Question,Medium,6.55,5,0
T0004603,C005925,2026-02-11,Product Question,Medium,7.13,4,0
T0004604,C005925,2024-12-02,Product Question,Medium,12.98,5,0
T0004605,C005928,2026-03-10,Product Question,Low,33.55,4,0
T0004606,C005931,2024-12-09,Account Issue,Medium,7.51,4,0
T0004607,C005933,2026-04-02,Damaged Item,Low,20.34,5,0
T0004608,C005938,2026-02-28,Delivery Delay,Low,12.68,5,0
T0004609,C005938,2025-07-29,Account Issue,High,4.85,4,0
T0004610,C005939,2025-05-17,Payment Issue,High,4.75,5,0
T0004611,C005939,2025-01-14,Delivery Delay,Medium,6.99,5,0
T0004612,C005940,2025-10-30,Product Question,High,15.63,5,0
T0004613,C005940,2024-12-07,Payment Issue,High,3.83,4,0
T0004614,C005941,2026-05-02,Payment Issue,Low,72.76,5,0
T0004615,C005942,2026-05-08,Refund Request,Medium,27.54,4,1
T0004616,C005942,2025-10-20,Refund Request,Low,14.44,5,1
T0004617,C005944,2025-04-04,Product Question,High,25.26,5,0
T0004618,C005947,2025-08-30,Product Question,High,14.6,3,0
T0004619,C005947,2024-05-27,Delivery Delay,Low,19.47,5,0
T0004620,C005948,2025-12-12,Damaged Item,High,12.87,5,0
T0004621,C005949,2024-02-09,Delivery Delay,Medium,45.08,4,0
T0004622,C005950,2026-01-02,Damaged Item,Low,12.85,4,1
T0004623,C005951,2026-05-26,Account Issue,Medium,12.82,5,0
T0004624,C005951,2026-05-29,Payment Issue,Medium,11.17,4,0
T0004625,C005951,2026-05-26,Product Question,High,15.53,5,0
T0004626,C005951,2026-05-25,Product Question,Medium,20.82,5,0
T0004627,C005954,2024-08-24,Delivery Delay,Low,16.25,5,0
T0004628,C005956,2025-09-27,Account Issue,Medium,16.62,4,0
T0004629,C005957,2026-04-22,Payment Issue,Low,8.33,4,0
T0004630,C005957,2025-12-24,Damaged Item,Medium,11.14,5,0
T0004631,C005957,2026-04-27,Refund Request,Medium,7.52,5,1
T0004632,C005958,2024-11-16,Product Question,High,7.41,5,0
T0004633,C005962,2025-08-25,Damaged Item,Medium,23.71,5,1
T0004634,C005965,2025-04-28,Refund Request,High,3.28,5,1
T0004635,C005965,2025-12-02,Damaged Item,Low,45.33,4,0
T0004636,C005966,2026-04-07,Delivery Delay,Medium,2.47,4,0
T0004637,C005966,2025-10-10,Delivery Delay,Medium,63.97,3,0
T0004638,C005968,2024-12-12,Payment Issue,Low,31.88,4,0
T0004639,C005968,2026-03-22,Product Question,High,14.46,3,0
T0004640,C005973,2026-03-29,Refund Request,Low,50.37,5,1
T0004641,C005973,2024-04-22,Delivery Delay,Low,18.02,5,0
T0004642,C005974,2025-10-09,Refund Request,Low,11.03,4,1
T0004643,C005974,2026-01-15,Wrong Item,Medium,4.75,4,1
T0004644,C005974,2024-02-20,Product Question,Low,11.92,4,0
T0004645,C005977,2025-07-06,Refund Request,Medium,24.01,5,1
T0004646,C005977,2025-05-27,Product Question,Medium,17.09,5,0
T0004647,C005977,2025-02-20,Damaged Item,High,5.2,4,0
T0004648,C005979,2026-03-08,Wrong Item,High,9.7,5,0
T0004649,C005983,2026-03-25,Product Question,Medium,34.08,3,0
T0004650,C005986,2026-05-13,Delivery Delay,Medium,4.31,5,0
T0004651,C005986,2026-05-17,Damaged Item,Low,26.2,5,0
T0004652,C005990,2025-12-13,Payment Issue,High,6.47,5,0
T0004653,C005990,2025-06-03,Product Question,Low,45.82,4,0
T0004654,C005991,2026-05-12,Product Question,High,1.39,4,0
T0004655,C005992,2026-01-05,Delivery Delay,Medium,27.14,4,0
T0004656,C005992,2025-09-29,Delivery Delay,High,7.74,5,0
T0004657,C005993,2025-09-01,Damaged Item,High,10.57,5,0
T0004658,C005993,2026-01-02,Damaged Item,Medium,6.3,4,1
T0004659,C005995,2026-02-26,Delivery Delay,Low,8.37,5,0
T0004660,C005998,2025-10-09,Product Question,Low,22.79,5,0
T0004661,C005999,2024-07-30,Payment Issue,Low,9.78,5,0
T0004662,C005999,2025-04-23,Account Issue,Medium,25.32,4,0
